path	bytes	sha256
constitution/DARK_FOREST_TRIANGULATION_CONSTITUTION_V1.json	2979	4a52b363026be57b8e0606535d7ac40df2bdb06d8174ae07c1ffe936b23a1c78
seal/DARK_FOREST_DISAGREEMENT_ATLAS_V1.json	398	6c53af3293def437d30df96552306c6ae91d9b4ecc59401c6da1583a5f30b74d
seal/DARK_FOREST_INDEPENDENCE_ANATOMY_V1.json	3427	7353b6e8c200ce99d6ca61945774c1c46bdd6eab6b2088744340131393677f68
seal/DARK_FOREST_LAWFUL_OVERLAP_ATLAS_V1.json	1665	4b77b1ca5d4ed1370d54ad8584115bf1ecedcd2761de95ebdf452e155e957f10
seal/DARK_FOREST_OPTIC_REGISTRY_V1.json	5742	1c45fe10e563dac7c78413c5bc6043a12bce97b2204f69e47e7fe77b243d27ba
seal/DARK_FOREST_REFINEMENT_ATLAS_V1.json	713	10f549d3ba11f1880cff63496e16259a6fa8a9d0e219cf72ba39bf7873272de4
seal/DARK_FOREST_RELATION_SIGNATURE_ATLAS_V1.json	494	02875a6055fe91dba3892a8c8e3cdacf0f8bd7b0dc899ded414e9d7c5bc1df86
seal/DARK_FOREST_SAMPLE_BAG_INDEX_V1.json	983	461bdf6dc5915549b821ad8484f1f6b1249c77639a892569134ac5d060a96c05
seal/DARK_FOREST_TRIANGULATION_FINAL_REPORT.md	5194	afbd278ee29fa9f0e864d3758ade92fe2e000c96620bad77ba7d9c1a99d67d85
