range_object_id	source_row_id	bar_open	bar_close	raw_close	raw_high	raw_low	z_close	z_high	z_low	status
OBSOPEN_US30_20240102:R05	RAW125B:M1:1704213240	1704213240	1704213300	37625.800000000003	37631.800000000003	37611.800000000003	0.917808219178	1.000000000000	0.726027397260	AVAILABLE
OBSOPEN_US30_20240102:R05	RAW125B:M1:1704213300	1704213300	1704213360	37599.800000000003	37625.300000000003	37591.800000000003	0.561643835616	0.910958904110	0.452054794521	AVAILABLE
OBSOPEN_US30_20240102:R05	RAW125B:M1:1704213360	1704213360	1704213420	37618.800000000003	37620.800000000003	37593.300000000003	0.821917808219	0.849315068493	0.472602739726	AVAILABLE
OBSOPEN_US30_20240102:R05	RAW125B:M1:1704213420	1704213420	1704213480	37598.300000000003	37628.300000000003	37596.800000000003	0.541095890411	0.952054794521	0.520547945205	AVAILABLE
OBSOPEN_US30_20240102:R05	RAW125B:M1:1704213480	1704213480	1704213540	37579.300000000003	37598.800000000003	37574.300000000003	0.280821917808	0.547945205479	0.212328767123	AVAILABLE
OBSOPEN_US30_20240102:R05	RAW125B:M1:1704213540	1704213540	1704213600	37567.599999999999	37582.800000000003	37557.599999999999	0.120547945205	0.328767123288	-0.016438356164	AVAILABLE
OBSOPEN_US30_20240102:R05	RAW125B:M1:1704213600	1704213600	1704213660	37579.599999999999	37596.099999999999	37572.099999999999	0.284931506849	0.510958904110	0.182191780822	AVAILABLE
OBSOPEN_US30_20240102:R05	RAW125B:M1:1704213660	1704213660	1704213720	37593.099999999999	37593.599999999999	37571.599999999999	0.469863013699	0.476712328767	0.175342465753	AVAILABLE
OBSOPEN_US30_20240102:R05	RAW125B:M1:1704213720	1704213720	1704213780	37602.099999999999	37613.099999999999	37591.099999999999	0.593150684931	0.743835616438	0.442465753425	AVAILABLE
OBSOPEN_US30_20240102:R05	RAW125B:M1:1704213780	1704213780	1704213840	37602.599999999999	37615.099999999999	37601.599999999999	0.600000000000	0.771232876712	0.586301369863	AVAILABLE
OBSOPEN_US30_20240102:R05	RAW125B:M1:1704213840	1704213840	1704213900	37595.599999999999	37608.099999999999	37592.599999999999	0.504109589041	0.675342465753	0.463013698630	AVAILABLE
OBSOPEN_US30_20240102:R05	RAW125B:M1:1704213900	1704213900	1704213960	37613.599999999999	37616.599999999999	37596.599999999999	0.750684931507	0.791780821918	0.517808219178	AVAILABLE
OBSOPEN_US30_20240102:R05	RAW125B:M1:1704213960	1704213960	1704214020	37611.099999999999	37631.599999999999	37611.099999999999	0.716438356164	0.997260273973	0.716438356164	AVAILABLE
OBSOPEN_US30_20240102:R05	RAW125B:M1:1704214020	1704214020	1704214080	37610.599999999999	37619.599999999999	37600.099999999999	0.709589041096	0.832876712329	0.565753424657	AVAILABLE
OBSOPEN_US30_20240102:R05	RAW125B:M1:1704214080	1704214080	1704214140	37598.599999999999	37608.099999999999	37590.599999999999	0.545205479452	0.675342465753	0.435616438356	AVAILABLE
OBSOPEN_US30_20240102:R05	RAW125B:M1:1704214140	1704214140	1704214200	37607.199999999997	37618.699999999997	37596.599999999999	0.663013698630	0.820547945205	0.517808219178	AVAILABLE
OBSOPEN_US30_20240102:R05	RAW125B:M1:1704214200	1704214200	1704214260	37629.199999999997	37633.199999999997	37605.199999999997	0.964383561644	1.019178082192	0.635616438356	AVAILABLE
OBSOPEN_US30_20240102:R05	RAW125B:M1:1704214260	1704214260	1704214320	37624.699999999997	37632.199999999997	37619.699999999997	0.902739726027	1.005479452055	0.834246575342	AVAILABLE
OBSOPEN_US30_20240102:R05	RAW125B:M1:1704214320	1704214320	1704214380	37613.699999999997	37629.199999999997	37607.199999999997	0.752054794520	0.964383561644	0.663013698630	AVAILABLE
OBSOPEN_US30_20240102:R05	RAW125B:M1:1704214380	1704214380	1704214440	37599.199999999997	37617.199999999997	37599.199999999997	0.553424657534	0.800000000000	0.553424657534	AVAILABLE
OBSOPEN_US30_20240102:R05	RAW125B:M1:1704214440	1704214440	1704214500	37597.699999999997	37604.199999999997	37593.699999999997	0.532876712329	0.621917808219	0.478082191781	AVAILABLE
OBSOPEN_US30_20240102:R05	RAW125B:M1:1704214500	1704214500	1704214560	37604.199999999997	37607.699999999997	37594.199999999997	0.621917808219	0.669863013699	0.484931506849	AVAILABLE
OBSOPEN_US30_20240102:R05	RAW125B:M1:1704214560	1704214560	1704214620	37612.699999999997	37617.199999999997	37604.699999999997	0.738356164383	0.800000000000	0.628767123288	AVAILABLE
OBSOPEN_US30_20240102:R05	RAW125B:M1:1704214620	1704214620	1704214680	37623.699999999997	37625.199999999997	37610.699999999997	0.889041095890	0.909589041096	0.710958904110	AVAILABLE
OBSOPEN_US30_20240102:R05	RAW125B:M1:1704214680	1704214680	1704214740	37646.699999999997	37646.699999999997	37623.699999999997	1.204109589041	1.204109589041	0.889041095890	AVAILABLE
OBSOPEN_US30_20240102:R05	RAW125B:M1:1704214740	1704214740	1704214800	37655.699999999997	37656.199999999997	37637.199999999997	1.327397260274	1.334246575342	1.073972602740	AVAILABLE
OBSOPEN_US30_20240102:R05	RAW125B:M1:1704214800	1704214800	1704214860	37667.199999999997	37676.699999999997	37646.699999999997	1.484931506849	1.615068493151	1.204109589041	AVAILABLE
OBSOPEN_US30_20240102:R05	RAW125B:M1:1704214860	1704214860	1704214920	37664.199999999997	37668.699999999997	37657.199999999997	1.443835616438	1.505479452055	1.347945205479	AVAILABLE
OBSOPEN_US30_20240102:R05	RAW125B:M1:1704214920	1704214920	1704214980	37668.199999999997	37678.199999999997	37661.699999999997	1.498630136986	1.635616438356	1.409589041096	AVAILABLE
OBSOPEN_US30_20240102:R05	RAW125B:M1:1704214980	1704214980	1704215040	37676.199999999997	37681.699999999997	37668.699999999997	1.608219178082	1.683561643836	1.505479452055	AVAILABLE
OBSOPEN_US30_20240102:R05	RAW125B:M1:1704215040	1704215040	1704215100	37674.199999999997	37679.699999999997	37665.199999999997	1.580821917808	1.656164383562	1.457534246575	AVAILABLE
OBSOPEN_US30_20240102:R05	RAW125B:M1:1704215100	1704215100	1704215160	37675.699999999997	37683.199999999997	37668.699999999997	1.601369863014	1.704109589041	1.505479452055	AVAILABLE
OBSOPEN_US30_20240102:R05	RAW125B:M1:1704215160	1704215160	1704215220	37681.900000000001	37682.699999999997	37670.199999999997	1.686301369863	1.697260273973	1.526027397260	AVAILABLE
OBSOPEN_US30_20240102:R05	RAW125B:M1:1704215220	1704215220	1704215280	37669.900000000001	37683.400000000001	37668.400000000001	1.521917808219	1.706849315068	1.501369863014	AVAILABLE
OBSOPEN_US30_20240102:R05	RAW125B:M1:1704215280	1704215280	1704215340	37657.900000000001	37669.400000000001	37652.900000000001	1.357534246575	1.515068493151	1.289041095890	AVAILABLE
OBSOPEN_US30_20240102:R05	RAW125B:M1:1704215340	1704215340	1704215400	37669.400000000001	37671.900000000001	37657.400000000001	1.515068493151	1.549315068493	1.350684931507	AVAILABLE
OBSOPEN_US30_20240102:R05	RAW125B:M1:1704215400	1704215400	1704215460	37665.900000000001	37684.400000000001	37665.400000000001	1.467123287671	1.720547945205	1.460273972603	AVAILABLE
OBSOPEN_US30_20240102:R05	RAW125B:M1:1704215460	1704215460	1704215520	37674.900000000001	37680.400000000001	37665.900000000001	1.590410958904	1.665753424658	1.467123287671	AVAILABLE
OBSOPEN_US30_20240102:R05	RAW125B:M1:1704215520	1704215520	1704215580	37684.400000000001	37684.400000000001	37673.900000000001	1.720547945205	1.720547945205	1.576712328767	AVAILABLE
OBSOPEN_US30_20240102:R05	RAW125B:M1:1704215580	1704215580	1704215640	37677.900000000001	37684.900000000001	37673.900000000001	1.631506849315	1.727397260274	1.576712328767	AVAILABLE
OBSOPEN_US30_20240102:R05	RAW125B:M1:1704215640	1704215640	1704215700	37665.400000000001	37680.900000000001	37656.400000000001	1.460273972603	1.672602739726	1.336986301370	AVAILABLE
OBSOPEN_US30_20240102:R05	RAW125B:M1:1704215700	1704215700	1704215760	37661.900000000001	37668.900000000001	37659.400000000001	1.412328767123	1.508219178082	1.378082191781	AVAILABLE
OBSOPEN_US30_20240102:R05	RAW125B:M1:1704215760	1704215760	1704215820	37657.699999999997	37667.199999999997	37656.900000000001	1.354794520548	1.484931506849	1.343835616438	AVAILABLE
OBSOPEN_US30_20240102:R05	RAW125B:M1:1704215820	1704215820	1704215880	37656.699999999997	37665.199999999997	37653.199999999997	1.341095890411	1.457534246575	1.293150684931	AVAILABLE
OBSOPEN_US30_20240102:R05	RAW125B:M1:1704215880	1704215880	1704215940	37657.699999999997	37662.699999999997	37648.199999999997	1.354794520548	1.423287671233	1.224657534246	AVAILABLE
OBSOPEN_US30_20240102:R05	RAW125B:M1:1704215940	1704215940	1704216000	37658.699999999997	37668.699999999997	37655.699999999997	1.368493150685	1.505479452055	1.327397260274	AVAILABLE
OBSOPEN_US30_20240102:R05	RAW125B:M1:1704216000	1704216000	1704216060	37664.699999999997	37669.199999999997	37655.699999999997	1.450684931507	1.512328767123	1.327397260274	AVAILABLE
OBSOPEN_US30_20240102:R05	RAW125B:M1:1704216060	1704216060	1704216120	37675.199999999997	37684.199999999997	37664.199999999997	1.594520547945	1.717808219178	1.443835616438	AVAILABLE
OBSOPEN_US30_20240102:R05	RAW125B:M1:1704216120	1704216120	1704216180	37670.699999999997	37678.199999999997	37666.199999999997	1.532876712329	1.635616438356	1.471232876712	AVAILABLE
OBSOPEN_US30_20240102:R05	RAW125B:M1:1704216180	1704216180	1704216240	37682.199999999997	37684.699999999997	37669.199999999997	1.690410958904	1.724657534246	1.512328767123	AVAILABLE
OBSOPEN_US30_20240102:R05	RAW125B:M1:1704216240	1704216240	1704216300	37669.599999999999	37686.199999999997	37668.099999999999	1.517808219178	1.745205479452	1.497260273973	AVAILABLE
OBSOPEN_US30_20240102:R05	RAW125B:M1:1704216300	1704216300	1704216360	37667.599999999999	37681.599999999999	37667.599999999999	1.490410958904	1.682191780822	1.490410958904	AVAILABLE
OBSOPEN_US30_20240102:R05	RAW125B:M1:1704216360	1704216360	1704216420	37654.099999999999	37667.099999999999	37654.099999999999	1.305479452055	1.483561643836	1.305479452055	AVAILABLE
OBSOPEN_US30_20240102:R05	RAW125B:M1:1704216420	1704216420	1704216480	37649.599999999999	37660.099999999999	37644.099999999999	1.243835616438	1.387671232877	1.168493150685	AVAILABLE
OBSOPEN_US30_20240102:R05	RAW125B:M1:1704216480	1704216480	1704216540	37644.099999999999	37653.599999999999	37640.099999999999	1.168493150685	1.298630136986	1.113698630137	AVAILABLE
OBSOPEN_US30_20240102:R05	RAW125B:M1:1704216540	1704216540	1704216600	37650.599999999999	37663.099999999999	37643.099999999999	1.257534246575	1.428767123288	1.154794520548	AVAILABLE
OBSOPEN_US30_20240102:R05	RAW125B:M1:1704216600	1704216600	1704216660	37638.099999999999	37655.599999999999	37635.099999999999	1.086301369863	1.326027397260	1.045205479452	AVAILABLE
OBSOPEN_US30_20240102:R05	RAW125B:M1:1704216660	1704216660	1704216720	37637.099999999999	37639.599999999999	37626.099999999999	1.072602739726	1.106849315068	0.921917808219	AVAILABLE
OBSOPEN_US30_20240102:R05	RAW125B:M1:1704216720	1704216720	1704216780	37634.099999999999	37640.099999999999	37632.099999999999	1.031506849315	1.113698630137	1.004109589041	AVAILABLE
OBSOPEN_US30_20240102:R05	RAW125B:M1:1704216780	1704216780	1704216840	37642.099999999999	37644.099999999999	37634.099999999999	1.141095890411	1.168493150685	1.031506849315	AVAILABLE
OBSOPEN_US30_20240102:R05	RAW125B:M1:1704216840	1704216840	1704216900	37650.099999999999	37653.099999999999	37639.099999999999	1.250684931507	1.291780821918	1.100000000000	AVAILABLE
OBSOPEN_US30_20240102:R05	RAW125B:M1:1704216900	1704216900	1704216960	37654.099999999999	37658.099999999999	37647.099999999999	1.305479452055	1.360273972603	1.209589041096	AVAILABLE
OBSOPEN_US30_20240102:R05	RAW125B:M1:1704216960	1704216960	1704217020	37655.099999999999	37658.099999999999	37649.599999999999	1.319178082192	1.360273972603	1.243835616438	AVAILABLE
OBSOPEN_US30_20240102:R05	RAW125B:M1:1704217020	1704217020	1704217080	37658.099999999999	37665.099999999999	37654.099999999999	1.360273972603	1.456164383562	1.305479452055	AVAILABLE
OBSOPEN_US30_20240102:R05	RAW125B:M1:1704217080	1704217080	1704217140	37653.599999999999	37663.099999999999	37648.099999999999	1.298630136986	1.428767123288	1.223287671233	AVAILABLE
OBSOPEN_US30_20240102:R05	RAW125B:M1:1704217140	1704217140	1704217200	37666.099999999999	37667.599999999999	37653.599999999999	1.469863013699	1.490410958904	1.298630136986	AVAILABLE
OBSOPEN_US30_20240102:R05	RAW125B:M1:1704217200	1704217200	1704217260	37676.599999999999	37683.099999999999	37665.099999999999	1.613698630137	1.702739726027	1.456164383562	AVAILABLE
OBSOPEN_US30_20240102:R05	RAW125B:M1:1704217260	1704217260	1704217320	37676.599999999999	37678.099999999999	37668.099999999999	1.613698630137	1.634246575342	1.497260273973	AVAILABLE
OBSOPEN_US30_20240102:R05	RAW125B:M1:1704217320	1704217320	1704217380	37679.599999999999	37689.099999999999	37676.599999999999	1.654794520548	1.784931506849	1.613698630137	AVAILABLE
OBSOPEN_US30_20240102:R05	RAW125B:M1:1704217380	1704217380	1704217440	37698.099999999999	37699.099999999999	37678.599999999999	1.908219178082	1.921917808219	1.641095890411	AVAILABLE
OBSOPEN_US30_20240102:R05	RAW125B:M1:1704217440	1704217440	1704217500	37699.599999999999	37710.099999999999	37697.099999999999	1.928767123288	2.072602739726	1.894520547945	AVAILABLE
OBSOPEN_US30_20240102:R05	RAW125B:M1:1704217500	1704217500	1704217560	37714.099999999999	37718.599999999999	37694.599999999999	2.127397260274	2.189041095890	1.860273972603	AVAILABLE
OBSOPEN_US30_20240102:R05	RAW125B:M1:1704217560	1704217560	1704217620	37709.599999999999	37717.599999999999	37706.599999999999	2.065753424657	2.175342465753	2.024657534247	AVAILABLE
OBSOPEN_US30_20240102:R05	RAW125B:M1:1704217620	1704217620	1704217680	37705.599999999999	37711.099999999999	37704.099999999999	2.010958904110	2.086301369863	1.990410958904	AVAILABLE
OBSOPEN_US30_20240102:R05	RAW125B:M1:1704217680	1704217680	1704217740	37716.599999999999	37718.099999999999	37702.599999999999	2.161643835616	2.182191780822	1.969863013699	AVAILABLE
OBSOPEN_US30_20240102:R05	RAW125B:M1:1704217740	1704217740	1704217800	37711.599999999999	37718.599999999999	37705.099999999999	2.093150684931	2.189041095890	2.004109589041	AVAILABLE
OBSOPEN_US30_20240102:R05	RAW125B:M1:1704217800	1704217800	1704217860	37711.599999999999	37718.099999999999	37708.099999999999	2.093150684931	2.182191780822	2.045205479452	AVAILABLE
OBSOPEN_US30_20240102:R05	RAW125B:M1:1704217860	1704217860	1704217920	37718.099999999999	37718.599999999999	37706.099999999999	2.182191780822	2.189041095890	2.017808219178	AVAILABLE
OBSOPEN_US30_20240102:R05	RAW125B:M1:1704217920	1704217920	1704217980	37717.099999999999	37718.599999999999	37712.099999999999	2.168493150685	2.189041095890	2.100000000000	AVAILABLE
OBSOPEN_US30_20240102:R05	RAW125B:M1:1704217980	1704217980	1704218040	37701.099999999999	37716.599999999999	37701.099999999999	1.949315068493	2.161643835616	1.949315068493	AVAILABLE
OBSOPEN_US30_20240102:R05	RAW125B:M1:1704218040	1704218040	1704218100	37702.099999999999	37703.599999999999	37697.099999999999	1.963013698630	1.983561643836	1.894520547945	AVAILABLE
OBSOPEN_US30_20240102:R05	RAW125B:M1:1704218100	1704218100	1704218160	37695.099999999999	37704.099999999999	37693.099999999999	1.867123287671	1.990410958904	1.839726027397	AVAILABLE
OBSOPEN_US30_20240102:R05	RAW125B:M1:1704218160	1704218160	1704218220	37692.599999999999	37699.599999999999	37690.099999999999	1.832876712329	1.928767123288	1.798630136986	AVAILABLE
OBSOPEN_US30_20240102:R05	RAW125B:M1:1704218220	1704218220	1704218280	37691.099999999999	37695.099999999999	37690.099999999999	1.812328767123	1.867123287671	1.798630136986	AVAILABLE
OBSOPEN_US30_20240102:R05	RAW125B:M1:1704218280	1704218280	1704218340	37705.099999999999	37705.599999999999	37690.099999999999	2.004109589041	2.010958904110	1.798630136986	AVAILABLE
OBSOPEN_US30_20240102:R05	RAW125B:M1:1704218340	1704218340	1704218400	37695.599999999999	37707.099999999999	37692.099999999999	1.873972602740	2.031506849315	1.826027397260	AVAILABLE
OBSOPEN_US30_20240102:R05	RAW125B:M1:1704218400	1704218400	1704218460	37701.099999999999	37701.099999999999	37689.599999999999	1.949315068493	1.949315068493	1.791780821918	AVAILABLE
OBSOPEN_US30_20240102:R05	RAW125B:M1:1704218460	1704218460	1704218520	37695.099999999999	37703.599999999999	37693.599999999999	1.867123287671	1.983561643836	1.846575342466	AVAILABLE
OBSOPEN_US30_20240102:R05	RAW125B:M1:1704218520	1704218520	1704218580	37698.099999999999	37702.099999999999	37692.099999999999	1.908219178082	1.963013698630	1.826027397260	AVAILABLE
OBSOPEN_US30_20240102:R05	RAW125B:M1:1704218580	1704218580	1704218640	37699.599999999999	37703.099999999999	37695.099999999999	1.928767123288	1.976712328767	1.867123287671	AVAILABLE
OBSOPEN_US30_20240102:R05	RAW125B:M1:1704218640	1704218640	1704218700	37711.099999999999	37713.599999999999	37698.599999999999	2.086301369863	2.120547945205	1.915068493151	AVAILABLE
OBSOPEN_US30_20240102:R05	RAW125B:M1:1704218700	1704218700	1704218760	37697.099999999999	37712.599999999999	37697.099999999999	1.894520547945	2.106849315068	1.894520547945	AVAILABLE
OBSOPEN_US30_20240102:R05	RAW125B:M1:1704218760	1704218760	1704218820	37693.099999999999	37696.099999999999	37687.099999999999	1.839726027397	1.880821917808	1.757534246575	AVAILABLE
OBSOPEN_US30_20240102:R05	RAW125B:M1:1704218820	1704218820	1704218880	37677.099999999999	37693.099999999999	37677.099999999999	1.620547945205	1.839726027397	1.620547945205	AVAILABLE
OBSOPEN_US30_20240102:R05	RAW125B:M1:1704218880	1704218880	1704218940	37686.099999999999	37686.599999999999	37675.099999999999	1.743835616438	1.750684931507	1.593150684931	AVAILABLE
OBSOPEN_US30_20240102:R05	RAW125B:M1:1704218940	1704218940	1704219000	37704.599999999999	37705.599999999999	37687.099999999999	1.997260273973	2.010958904110	1.757534246575	AVAILABLE
OBSOPEN_US30_20240102:R05	RAW125B:M1:1704219000	1704219000	1704219060	37706.099999999999	37718.599999999999	37700.099999999999	2.017808219178	2.189041095890	1.935616438356	AVAILABLE
OBSOPEN_US30_20240102:R05	RAW125B:M1:1704219060	1704219060	1704219120	37707.599999999999	37714.599999999999	37704.099999999999	2.038356164384	2.134246575342	1.990410958904	AVAILABLE
OBSOPEN_US30_20240102:R05	RAW125B:M1:1704219120	1704219120	1704219180	37683.099999999999	37708.099999999999	37682.099999999999	1.702739726027	2.045205479452	1.689041095890	AVAILABLE
OBSOPEN_US30_20240102:R05	RAW125B:M1:1704219180	1704219180	1704219240	37670.099999999999	37683.599999999999	37664.099999999999	1.524657534247	1.709589041096	1.442465753425	AVAILABLE
OBSOPEN_US30_20240102:R05	RAW125B:M1:1704219240	1704219240	1704219300	37676.599999999999	37680.599999999999	37670.099999999999	1.613698630137	1.668493150685	1.524657534247	AVAILABLE
OBSOPEN_US30_20240102:R05	RAW125B:M1:1704219300	1704219300	1704219360	37690.099999999999	37690.099999999999	37675.099999999999	1.798630136986	1.798630136986	1.593150684931	AVAILABLE
OBSOPEN_US30_20240102:R05	RAW125B:M1:1704219360	1704219360	1704219420	37678.099999999999	37690.099999999999	37677.099999999999	1.634246575342	1.798630136986	1.620547945205	AVAILABLE
OBSOPEN_US30_20240102:R05	RAW125B:M1:1704219420	1704219420	1704219480	37683.099999999999	37684.599999999999	37674.599999999999	1.702739726027	1.723287671233	1.586301369863	AVAILABLE
OBSOPEN_US30_20240102:R05	RAW125B:M1:1704219480	1704219480	1704219540	37684.599999999999	37689.099999999999	37680.099999999999	1.723287671233	1.784931506849	1.661643835616	AVAILABLE
OBSOPEN_US30_20240102:R05	RAW125B:M1:1704219540	1704219540	1704219600	37681.599999999999	37683.599999999999	37677.099999999999	1.682191780822	1.709589041096	1.620547945205	AVAILABLE
OBSOPEN_US30_20240102:R05	RAW125B:M1:1704219600	1704219600	1704219660	37670.599999999999	37687.099999999999	37669.099999999999	1.531506849315	1.757534246575	1.510958904110	AVAILABLE
OBSOPEN_US30_20240102:R05	RAW125B:M1:1704219660	1704219660	1704219720	37674.099999999999	37674.599999999999	37668.099999999999	1.579452054794	1.586301369863	1.497260273973	AVAILABLE
OBSOPEN_US30_20240102:R05	RAW125B:M1:1704219720	1704219720	1704219780	37686.099999999999	37687.599999999999	37670.099999999999	1.743835616438	1.764383561644	1.524657534247	AVAILABLE
OBSOPEN_US30_20240102:R05	RAW125B:M1:1704219780	1704219780	1704219840	37675.099999999999	37685.599999999999	37674.099999999999	1.593150684931	1.736986301370	1.579452054794	AVAILABLE
OBSOPEN_US30_20240102:R05	RAW125B:M1:1704219840	1704219840	1704219900	37675.099999999999	37677.099999999999	37669.599999999999	1.593150684931	1.620547945205	1.517808219178	AVAILABLE
OBSOPEN_US30_20240102:R05	RAW125B:M1:1704219900	1704219900	1704219960	37672.099999999999	37676.599999999999	37667.099999999999	1.552054794520	1.613698630137	1.483561643836	AVAILABLE
OBSOPEN_US30_20240102:R05	RAW125B:M1:1704219960	1704219960	1704220020	37668.599999999999	37674.599999999999	37666.099999999999	1.504109589041	1.586301369863	1.469863013699	AVAILABLE
OBSOPEN_US30_20240102:R05	RAW125B:M1:1704220020	1704220020	1704220080	37669.599999999999	37671.099999999999	37665.599999999999	1.517808219178	1.538356164384	1.463013698630	AVAILABLE
OBSOPEN_US30_20240102:R05	RAW125B:M1:1704220080	1704220080	1704220140	37676.599999999999	37677.599999999999	37668.099999999999	1.613698630137	1.627397260274	1.497260273973	AVAILABLE
OBSOPEN_US30_20240102:R05	RAW125B:M1:1704220140	1704220140	1704220200	37684.099999999999	37686.099999999999	37675.599999999999	1.716438356164	1.743835616438	1.600000000000	AVAILABLE
OBSOPEN_US30_20240102:R05	RAW125B:M1:1704220200	1704220200	1704220260	37675.599999999999	37683.599999999999	37674.099999999999	1.600000000000	1.709589041096	1.579452054794	AVAILABLE
OBSOPEN_US30_20240102:R05	RAW125B:M1:1704220260	1704220260	1704220320	37679.099999999999	37682.099999999999	37672.099999999999	1.647945205479	1.689041095890	1.552054794520	AVAILABLE
OBSOPEN_US30_20240102:R05	RAW125B:M1:1704220320	1704220320	1704220380	37690.099999999999	37690.099999999999	37679.099999999999	1.798630136986	1.798630136986	1.647945205479	AVAILABLE
OBSOPEN_US30_20240102:R05	RAW125B:M1:1704220380	1704220380	1704220440	37695.599999999999	37699.599999999999	37688.099999999999	1.873972602740	1.928767123288	1.771232876712	AVAILABLE
OBSOPEN_US30_20240102:R05	RAW125B:M1:1704220440	1704220440	1704220500	37700.099999999999	37701.599999999999	37695.099999999999	1.935616438356	1.956164383562	1.867123287671	AVAILABLE
OBSOPEN_US30_20240102:R05	RAW125B:M1:1704220500	1704220500	1704220560	37686.099999999999	37700.099999999999	37682.599999999999	1.743835616438	1.935616438356	1.695890410959	AVAILABLE
OBSOPEN_US30_20240102:R05	RAW125B:M1:1704220560	1704220560	1704220620	37679.599999999999	37686.599999999999	37676.599999999999	1.654794520548	1.750684931507	1.613698630137	AVAILABLE
OBSOPEN_US30_20240102:R05	RAW125B:M1:1704220620	1704220620	1704220680	37684.599999999999	37686.099999999999	37677.099999999999	1.723287671233	1.743835616438	1.620547945205	AVAILABLE
OBSOPEN_US30_20240102:R05	RAW125B:M1:1704220680	1704220680	1704220740	37677.099999999999	37685.099999999999	37674.099999999999	1.620547945205	1.730136986301	1.579452054794	AVAILABLE
OBSOPEN_US30_20240102:R05	RAW125B:M1:1704220740	1704220740	1704220800	37669.599999999999	37678.099999999999	37669.099999999999	1.517808219178	1.634246575342	1.510958904110	AVAILABLE
OBSOPEN_US30_20240102:R05	RAW125B:M1:1704220800	1704220800	1704220860	37672.599999999999	37673.099999999999	37666.099999999999	1.558904109589	1.565753424657	1.469863013699	AVAILABLE
OBSOPEN_US30_20240102:R05	RAW125B:M1:1704220860	1704220860	1704220920	37677.099999999999	37677.599999999999	37669.599999999999	1.620547945205	1.627397260274	1.517808219178	AVAILABLE
OBSOPEN_US30_20240102:R05	RAW125B:M1:1704220920	1704220920	1704220980	37685.599999999999	37685.599999999999	37676.099999999999	1.736986301370	1.736986301370	1.606849315068	AVAILABLE
OBSOPEN_US30_20240102:R05	RAW125B:M1:1704220980	1704220980	1704221040	37688.599999999999	37688.599999999999	37683.599999999999	1.778082191781	1.778082191781	1.709589041096	AVAILABLE
OBSOPEN_US30_20240102:R05	RAW125B:M1:1704221040	1704221040	1704221100	37693.099999999999	37693.099999999999	37684.099999999999	1.839726027397	1.839726027397	1.716438356164	AVAILABLE
OBSOPEN_US30_20240102:R05	RAW125B:M1:1704221100	1704221100	1704221160	37705.599999999999	37705.599999999999	37689.099999999999	2.010958904110	2.010958904110	1.784931506849	AVAILABLE
OBSOPEN_US30_20240102:R05	RAW125B:M1:1704221160	1704221160	1704221220	37726.099999999999	37733.599999999999	37704.599999999999	2.291780821918	2.394520547945	1.997260273973	AVAILABLE
OBSOPEN_US30_20240102:R05	RAW125B:M1:1704221220	1704221220	1704221280	37724.099999999999	37727.099999999999	37719.599999999999	2.264383561644	2.305479452055	2.202739726027	AVAILABLE
OBSOPEN_US30_20240102:R05	RAW125B:M1:1704221280	1704221280	1704221340	37721.599999999999	37732.099999999999	37718.599999999999	2.230136986301	2.373972602740	2.189041095890	AVAILABLE
OBSOPEN_US30_20240102:R05	RAW125B:M1:1704221340	1704221340	1704221400	37731.599999999999	37732.599999999999	37721.099999999999	2.367123287671	2.380821917808	2.223287671233	AVAILABLE
OBSOPEN_US30_20240102:R05	RAW125B:M1:1704221400	1704221400	1704221460	37727.599999999999	37735.099999999999	37727.599999999999	2.312328767123	2.415068493151	2.312328767123	AVAILABLE
OBSOPEN_US30_20240102:R05	RAW125B:M1:1704221460	1704221460	1704221520	37735.599999999999	37737.099999999999	37727.099999999999	2.421917808219	2.442465753425	2.305479452055	AVAILABLE
OBSOPEN_US30_20240102:R05	RAW125B:M1:1704221520	1704221520	1704221580	37731.099999999999	37742.099999999999	37731.099999999999	2.360273972603	2.510958904110	2.360273972603	AVAILABLE
OBSOPEN_US30_20240102:R05	RAW125B:M1:1704221580	1704221580	1704221640	37733.099999999999	37741.099999999999	37724.099999999999	2.387671232877	2.497260273973	2.264383561644	AVAILABLE
OBSOPEN_US30_20240102:R05	RAW125B:M1:1704221640	1704221640	1704221700	37736.599999999999	37738.599999999999	37731.099999999999	2.435616438356	2.463013698630	2.360273972603	AVAILABLE
OBSOPEN_US30_20240102:R05	RAW125B:M1:1704221700	1704221700	1704221760	37740.599999999999	37743.099999999999	37735.099999999999	2.490410958904	2.524657534247	2.415068493151	AVAILABLE
OBSOPEN_US30_20240102:R05	RAW125B:M1:1704221760	1704221760	1704221820	37744.599999999999	37750.599999999999	37740.599999999999	2.545205479452	2.627397260274	2.490410958904	AVAILABLE
OBSOPEN_US30_20240102:R05	RAW125B:M1:1704221820	1704221820	1704221880	37743.599999999999	37745.099999999999	37739.599999999999	2.531506849315	2.552054794520	2.476712328767	AVAILABLE
OBSOPEN_US30_20240102:R05	RAW125B:M1:1704221880	1704221880	1704221940	37738.599999999999	37746.599999999999	37736.599999999999	2.463013698630	2.572602739726	2.435616438356	AVAILABLE
OBSOPEN_US30_20240102:R05	RAW125B:M1:1704221940	1704221940	1704222000	37743.599999999999	37743.599999999999	37737.099999999999	2.531506849315	2.531506849315	2.442465753425	AVAILABLE
OBSOPEN_US30_20240102:R05	RAW125B:M1:1704222000	1704222000	1704222060	37748.599999999999	37750.099999999999	37741.099999999999	2.600000000000	2.620547945205	2.497260273973	AVAILABLE
OBSOPEN_US30_20240102:R05	RAW125B:M1:1704222060	1704222060	1704222120	37753.099999999999	37756.099999999999	37747.099999999999	2.661643835616	2.702739726027	2.579452054794	AVAILABLE
OBSOPEN_US30_20240102:R05	RAW125B:M1:1704222120	1704222120	1704222180	37751.599999999999	37752.599999999999	37745.099999999999	2.641095890411	2.654794520548	2.552054794520	AVAILABLE
OBSOPEN_US30_20240102:R05	RAW125B:M1:1704222180	1704222180	1704222240	37749.599999999999	37754.099999999999	37748.099999999999	2.613698630137	2.675342465753	2.593150684931	AVAILABLE
OBSOPEN_US30_20240102:R05	RAW125B:M1:1704222240	1704222240	1704222300	37748.099999999999	37752.599999999999	37748.099999999999	2.593150684931	2.654794520548	2.593150684931	AVAILABLE
OBSOPEN_US30_20240102:R05	RAW125B:M1:1704222300	1704222300	1704222360	37751.099999999999	37753.099999999999	37747.599999999999	2.634246575342	2.661643835616	2.586301369863	AVAILABLE
OBSOPEN_US30_20240102:R05	RAW125B:M1:1704222360	1704222360	1704222420	37744.099999999999	37752.099999999999	37741.599999999999	2.538356164384	2.647945205479	2.504109589041	AVAILABLE
OBSOPEN_US30_20240102:R05	RAW125B:M1:1704222420	1704222420	1704222480	37750.099999999999	37750.099999999999	37744.099999999999	2.620547945205	2.620547945205	2.538356164384	AVAILABLE
OBSOPEN_US30_20240102:R05	RAW125B:M1:1704222480	1704222480	1704222540	37752.099999999999	37754.099999999999	37748.599999999999	2.647945205479	2.675342465753	2.600000000000	AVAILABLE
OBSOPEN_US30_20240102:R05	RAW125B:M1:1704222540	1704222540	1704222600	37754.099999999999	37756.099999999999	37748.599999999999	2.675342465753	2.702739726027	2.600000000000	AVAILABLE
OBSOPEN_US30_20240102:R05	RAW125B:M1:1704222600	1704222600	1704222660	37766.099999999999	37769.099999999999	37752.599999999999	2.839726027397	2.880821917808	2.654794520548	AVAILABLE
OBSOPEN_US30_20240102:R05	RAW125B:M1:1704222660	1704222660	1704222720	37773.599999999999	37773.599999999999	37761.099999999999	2.942465753425	2.942465753425	2.771232876712	AVAILABLE
OBSOPEN_US30_20240102:R05	RAW125B:M1:1704222720	1704222720	1704222780	37762.099999999999	37778.099999999999	37761.599999999999	2.784931506849	3.004109589041	2.778082191781	AVAILABLE
OBSOPEN_US30_20240102:R05	RAW125B:M1:1704222780	1704222780	1704222840	37770.099999999999	37770.099999999999	37759.599999999999	2.894520547945	2.894520547945	2.750684931507	AVAILABLE
OBSOPEN_US30_20240102:R05	RAW125B:M1:1704222840	1704222840	1704222900	37772.599999999999	37776.099999999999	37769.099999999999	2.928767123288	2.976712328767	2.880821917808	AVAILABLE
OBSOPEN_US30_20240102:R05	RAW125B:M1:1704222900	1704222900	1704222960	37761.099999999999	37771.099999999999	37761.099999999999	2.771232876712	2.908219178082	2.771232876712	AVAILABLE
OBSOPEN_US30_20240102:R05	RAW125B:M1:1704222960	1704222960	1704223020	37755.599999999999	37769.099999999999	37752.599999999999	2.695890410959	2.880821917808	2.654794520548	AVAILABLE
OBSOPEN_US30_20240102:R05	RAW125B:M1:1704223020	1704223020	1704223080	37754.099999999999	37757.599999999999	37736.099999999999	2.675342465753	2.723287671233	2.428767123288	AVAILABLE
OBSOPEN_US30_20240102:R05	RAW125B:M1:1704223080	1704223080	1704223140	37752.099999999999	37757.599999999999	37751.099999999999	2.647945205479	2.723287671233	2.634246575342	AVAILABLE
OBSOPEN_US30_20240102:R05	RAW125B:M1:1704223140	1704223140	1704223200	37760.599999999999	37760.599999999999	37748.099999999999	2.764383561644	2.764383561644	2.593150684931	AVAILABLE
OBSOPEN_US30_20240102:R05	RAW125B:M1:1704223200	1704223200	1704223260	37762.599999999999	37770.099999999999	37751.599999999999	2.791780821918	2.894520547945	2.641095890411	AVAILABLE
OBSOPEN_US30_20240102:R05	RAW125B:M1:1704223260	1704223260	1704223320	37770.099999999999	37770.099999999999	37761.599999999999	2.894520547945	2.894520547945	2.778082191781	AVAILABLE
OBSOPEN_US30_20240102:R05	RAW125B:M1:1704223320	1704223320	1704223380	37761.599999999999	37772.099999999999	37759.099999999999	2.778082191781	2.921917808219	2.743835616438	AVAILABLE
OBSOPEN_US30_20240102:R05	RAW125B:M1:1704223380	1704223380	1704223440	37753.599999999999	37761.099999999999	37752.099999999999	2.668493150685	2.771232876712	2.647945205479	AVAILABLE
OBSOPEN_US30_20240102:R05	RAW125B:M1:1704223440	1704223440	1704223500	37758.599999999999	37764.599999999999	37752.599999999999	2.736986301370	2.819178082192	2.654794520548	AVAILABLE
OBSOPEN_US30_20240102:R05	RAW125B:M1:1704223500	1704223500	1704223560	37762.099999999999	37762.099999999999	37752.599999999999	2.784931506849	2.784931506849	2.654794520548	AVAILABLE
OBSOPEN_US30_20240102:R05	RAW125B:M1:1704223560	1704223560	1704223620	37755.099999999999	37766.099999999999	37753.599999999999	2.689041095890	2.839726027397	2.668493150685	AVAILABLE
OBSOPEN_US30_20240102:R05	RAW125B:M1:1704223620	1704223620	1704223680	37756.099999999999	37756.099999999999	37749.099999999999	2.702739726027	2.702739726027	2.606849315068	AVAILABLE
OBSOPEN_US30_20240102:R05	RAW125B:M1:1704223680	1704223680	1704223740	37759.599999999999	37763.599999999999	37753.099999999999	2.750684931507	2.805479452055	2.661643835616	AVAILABLE
OBSOPEN_US30_20240102:R05	RAW125B:M1:1704223740	1704223740	1704223800	37751.599999999999	37760.599999999999	37750.599999999999	2.641095890411	2.764383561644	2.627397260274	AVAILABLE
OBSOPEN_US30_20240102:R05	RAW125B:M1:1704223800	1704223800	1704223860	37752.599999999999	37759.599999999999	37751.099999999999	2.654794520548	2.750684931507	2.634246575342	AVAILABLE
OBSOPEN_US30_20240102:R05	RAW125B:M1:1704223860	1704223860	1704223920	37755.599999999999	37760.099999999999	37750.599999999999	2.695890410959	2.757534246575	2.627397260274	AVAILABLE
OBSOPEN_US30_20240102:R05	RAW125B:M1:1704223920	1704223920	1704223980	37761.599999999999	37762.099999999999	37755.599999999999	2.778082191781	2.784931506849	2.695890410959	AVAILABLE
OBSOPEN_US30_20240102:R05	RAW125B:M1:1704223980	1704223980	1704224040	37760.599999999999	37764.099999999999	37757.099999999999	2.764383561644	2.812328767123	2.716438356164	AVAILABLE
OBSOPEN_US30_20240102:R05	RAW125B:M1:1704224040	1704224040	1704224100	37764.099999999999	37764.099999999999	37757.599999999999	2.812328767123	2.812328767123	2.723287671233	AVAILABLE
OBSOPEN_US30_20240102:R05	RAW125B:M1:1704224100	1704224100	1704224160	37770.599999999999	37773.099999999999	37763.099999999999	2.901369863014	2.935616438356	2.798630136986	AVAILABLE
OBSOPEN_US30_20240102:R05	RAW125B:M1:1704224160	1704224160	1704224220	37777.099999999999	37779.099999999999	37768.099999999999	2.990410958904	3.017808219178	2.867123287671	AVAILABLE
OBSOPEN_US30_20240102:R05	RAW125B:M1:1704224220	1704224220	1704224280	37779.599999999999	37779.599999999999	37774.599999999999	3.024657534247	3.024657534247	2.956164383562	AVAILABLE
OBSOPEN_US30_20240102:R05	RAW125B:M1:1704224280	1704224280	1704224340	37784.599999999999	37785.599999999999	37779.099999999999	3.093150684931	3.106849315068	3.017808219178	AVAILABLE
OBSOPEN_US30_20240102:R05	RAW125B:M1:1704224340	1704224340	1704224400	37783.099999999999	37785.099999999999	37779.599999999999	3.072602739726	3.100000000000	3.024657534247	AVAILABLE
OBSOPEN_US30_20240102:R05	RAW125B:M1:1704224400	1704224400	1704224460	37787.099999999999	37793.099999999999	37783.599999999999	3.127397260274	3.209589041096	3.079452054794	AVAILABLE
OBSOPEN_US30_20240102:R05	RAW125B:M1:1704224460	1704224460	1704224520	37787.599999999999	37789.099999999999	37782.099999999999	3.134246575342	3.154794520548	3.058904109589	AVAILABLE
OBSOPEN_US30_20240102:R05	RAW125B:M1:1704224520	1704224520	1704224580	37785.099999999999	37788.599999999999	37781.099999999999	3.100000000000	3.147945205479	3.045205479452	AVAILABLE
OBSOPEN_US30_20240102:R05	RAW125B:M1:1704224580	1704224580	1704224640	37788.099999999999	37790.599999999999	37781.099999999999	3.141095890411	3.175342465753	3.045205479452	AVAILABLE
OBSOPEN_US30_20240102:R05	RAW125B:M1:1704224640	1704224640	1704224700	37789.599999999999	37791.099999999999	37785.099999999999	3.161643835616	3.182191780822	3.100000000000	AVAILABLE
OBSOPEN_US30_20240102:R05	RAW125B:M1:1704224700	1704224700	1704224760	37783.099999999999	37791.099999999999	37782.099999999999	3.072602739726	3.182191780822	3.058904109589	AVAILABLE
OBSOPEN_US30_20240102:R05	RAW125B:M1:1704224760	1704224760	1704224820	37787.099999999999	37787.599999999999	37779.599999999999	3.127397260274	3.134246575342	3.024657534247	AVAILABLE
OBSOPEN_US30_20240102:R05	RAW125B:M1:1704224820	1704224820	1704224880	37787.599999999999	37790.099999999999	37782.099999999999	3.134246575342	3.168493150685	3.058904109589	AVAILABLE
OBSOPEN_US30_20240102:R05	RAW125B:M1:1704224880	1704224880	1704224940	37779.099999999999	37793.099999999999	37771.099999999999	3.017808219178	3.209589041096	2.908219178082	AVAILABLE
OBSOPEN_US30_20240102:R05	RAW125B:M1:1704224940	1704224940	1704225000	37783.599999999999	37784.099999999999	37773.599999999999	3.079452054794	3.086301369863	2.942465753425	AVAILABLE
OBSOPEN_US30_20240102:R05	RAW125B:M1:1704225000	1704225000	1704225060	37774.599999999999	37783.599999999999	37771.099999999999	2.956164383562	3.079452054794	2.908219178082	AVAILABLE
OBSOPEN_US30_20240102:R05	RAW125B:M1:1704225060	1704225060	1704225120	37763.099999999999	37775.099999999999	37758.099999999999	2.798630136986	2.963013698630	2.730136986301	AVAILABLE
OBSOPEN_US30_20240102:R05	RAW125B:M1:1704225120	1704225120	1704225180	37762.099999999999	37768.599999999999	37760.099999999999	2.784931506849	2.873972602740	2.757534246575	AVAILABLE
OBSOPEN_US30_20240102:R05	RAW125B:M1:1704225180	1704225180	1704225240	37766.599999999999	37769.099999999999	37763.099999999999	2.846575342466	2.880821917808	2.798630136986	AVAILABLE
OBSOPEN_US30_20240102:R05	RAW125B:M1:1704225240	1704225240	1704225300	37767.599999999999	37774.099999999999	37763.099999999999	2.860273972603	2.949315068493	2.798630136986	AVAILABLE
OBSOPEN_US30_20240102:R05	RAW125B:M1:1704225300	1704225300	1704225360	37758.599999999999	37770.099999999999	37751.599999999999	2.736986301370	2.894520547945	2.641095890411	AVAILABLE
OBSOPEN_US30_20240102:R05	RAW125B:M1:1704225360	1704225360	1704225420	37761.599999999999	37765.599999999999	37753.599999999999	2.778082191781	2.832876712329	2.668493150685	AVAILABLE
OBSOPEN_US30_20240102:R05	RAW125B:M1:1704225420	1704225420	1704225480	37765.099999999999	37765.099999999999	37758.599999999999	2.826027397260	2.826027397260	2.736986301370	AVAILABLE
OBSOPEN_US30_20240102:R05	RAW125B:M1:1704225480	1704225480	1704225540	37762.099999999999	37768.099999999999	37759.599999999999	2.784931506849	2.867123287671	2.750684931507	AVAILABLE
OBSOPEN_US30_20240102:R05	RAW125B:M1:1704225540	1704225540	1704225600	37764.099999999999	37767.599999999999	37759.599999999999	2.812328767123	2.860273972603	2.750684931507	AVAILABLE
OBSOPEN_US30_20240102:R05	RAW125B:M1:1704225600	1704225600	1704225660	37757.099999999999	37765.099999999999	37755.099999999999	2.716438356164	2.826027397260	2.689041095890	AVAILABLE
OBSOPEN_US30_20240102:R05	RAW125B:M1:1704225660	1704225660	1704225720	37752.599999999999	37759.599999999999	37750.099999999999	2.654794520548	2.750684931507	2.620547945205	AVAILABLE
OBSOPEN_US30_20240102:R05	RAW125B:M1:1704225720	1704225720	1704225780	37750.599999999999	37754.599999999999	37743.099999999999	2.627397260274	2.682191780822	2.524657534247	AVAILABLE
OBSOPEN_US30_20240102:R05	RAW125B:M1:1704225780	1704225780	1704225840	37748.099999999999	37753.099999999999	37746.599999999999	2.593150684931	2.661643835616	2.572602739726	AVAILABLE
OBSOPEN_US30_20240102:R05	RAW125B:M1:1704225840	1704225840	1704225900	37743.599999999999	37748.099999999999	37740.099999999999	2.531506849315	2.593150684931	2.483561643836	AVAILABLE
OBSOPEN_US30_20240102:R05	RAW125B:M1:1704225900	1704225900	1704225960	37746.099999999999	37746.599999999999	37742.599999999999	2.565753424657	2.572602739726	2.517808219178	AVAILABLE
OBSOPEN_US30_20240102:R05	RAW125B:M1:1704225960	1704225960	1704226020	37748.599999999999	37755.599999999999	37745.599999999999	2.600000000000	2.695890410959	2.558904109589	AVAILABLE
OBSOPEN_US30_20240102:R05	RAW125B:M1:1704226020	1704226020	1704226080	37746.099999999999	37751.099999999999	37743.099999999999	2.565753424657	2.634246575342	2.524657534247	AVAILABLE
OBSOPEN_US30_20240102:R05	RAW125B:M1:1704226080	1704226080	1704226140	37742.099999999999	37746.099999999999	37738.099999999999	2.510958904110	2.565753424657	2.456164383562	AVAILABLE
OBSOPEN_US30_20240102:R05	RAW125B:M1:1704226140	1704226140	1704226200	37737.099999999999	37742.099999999999	37734.599999999999	2.442465753425	2.510958904110	2.408219178082	AVAILABLE
OBSOPEN_US30_20240102:R05	RAW125B:M1:1704226200	1704226200	1704226260	37736.599999999999	37740.099999999999	37725.099999999999	2.435616438356	2.483561643836	2.278082191781	AVAILABLE
OBSOPEN_US30_20240102:R05	RAW125B:M1:1704226260	1704226260	1704226320	37737.599999999999	37738.599999999999	37730.599999999999	2.449315068493	2.463013698630	2.353424657534	AVAILABLE
OBSOPEN_US30_20240102:R05	RAW125B:M1:1704226320	1704226320	1704226380	37738.099999999999	37741.099999999999	37733.599999999999	2.456164383562	2.497260273973	2.394520547945	AVAILABLE
OBSOPEN_US30_20240102:R05	RAW125B:M1:1704226380	1704226380	1704226440	37738.599999999999	37743.099999999999	37736.099999999999	2.463013698630	2.524657534247	2.428767123288	AVAILABLE
OBSOPEN_US30_20240102:R05	RAW125B:M1:1704226440	1704226440	1704226500	37739.099999999999	37742.099999999999	37737.099999999999	2.469863013699	2.510958904110	2.442465753425	AVAILABLE
OBSOPEN_US30_20240102:R05	RAW125B:M1:1704226500	1704226500	1704226560	37736.599999999999	37738.099999999999	37732.599999999999	2.435616438356	2.456164383562	2.380821917808	AVAILABLE
OBSOPEN_US30_20240102:R05	RAW125B:M1:1704226560	1704226560	1704226620	37729.099999999999	37736.599999999999	37726.099999999999	2.332876712329	2.435616438356	2.291780821918	AVAILABLE
OBSOPEN_US30_20240102:R05	RAW125B:M1:1704226620	1704226620	1704226680	37740.099999999999	37740.099999999999	37726.099999999999	2.483561643836	2.483561643836	2.291780821918	AVAILABLE
OBSOPEN_US30_20240102:R05	RAW125B:M1:1704226680	1704226680	1704226740	37748.599999999999	37750.599999999999	37739.099999999999	2.600000000000	2.627397260274	2.469863013699	AVAILABLE
OBSOPEN_US30_20240102:R05	RAW125B:M1:1704226740	1704226740	1704226800	37745.599999999999	37750.599999999999	37742.599999999999	2.558904109589	2.627397260274	2.517808219178	AVAILABLE
OBSOPEN_US30_20240102:R05	RAW125B:M1:1704226800	1704226800	1704226860	37739.099999999999	37749.099999999999	37738.099999999999	2.469863013699	2.606849315068	2.456164383562	AVAILABLE
OBSOPEN_US30_20240102:R05	RAW125B:M1:1704226860	1704226860	1704226920	37734.599999999999	37740.099999999999	37731.599999999999	2.408219178082	2.483561643836	2.367123287671	AVAILABLE
OBSOPEN_US30_20240102:R05	RAW125B:M1:1704226920	1704226920	1704226980	37727.099999999999	37737.099999999999	37725.099999999999	2.305479452055	2.442465753425	2.278082191781	AVAILABLE
OBSOPEN_US30_20240102:R05	RAW125B:M1:1704226980	1704226980	1704227040	37732.099999999999	37734.099999999999	37726.599999999999	2.373972602740	2.401369863014	2.298630136986	AVAILABLE
OBSOPEN_US30_20240102:R05	RAW125B:M1:1704227040	1704227040	1704227100	37743.099999999999	37747.599999999999	37731.099999999999	2.524657534247	2.586301369863	2.360273972603	AVAILABLE
OBSOPEN_US30_20240102:R05	RAW125B:M1:1704227100	1704227100	1704227160	37740.599999999999	37743.599999999999	37738.099999999999	2.490410958904	2.531506849315	2.456164383562	AVAILABLE
OBSOPEN_US30_20240102:R05	RAW125B:M1:1704227160	1704227160	1704227220	37752.599999999999	37753.099999999999	37740.099999999999	2.654794520548	2.661643835616	2.483561643836	AVAILABLE
OBSOPEN_US30_20240102:R05	RAW125B:M1:1704227220	1704227220	1704227280	37741.099999999999	37755.099999999999	37740.599999999999	2.497260273973	2.689041095890	2.490410958904	AVAILABLE
OBSOPEN_US30_20240102:R05	RAW125B:M1:1704227280	1704227280	1704227340	37747.599999999999	37747.599999999999	37741.599999999999	2.586301369863	2.586301369863	2.504109589041	AVAILABLE
OBSOPEN_US30_20240102:R05	RAW125B:M1:1704227340	1704227340	1704227400	37733.599999999999	37747.599999999999	37733.099999999999	2.394520547945	2.586301369863	2.387671232877	AVAILABLE
OBSOPEN_US30_20240102:R05	RAW125B:M1:1704227400	1704227400	1704227460	37727.099999999999	37732.599999999999	37719.099999999999	2.305479452055	2.380821917808	2.195890410959	AVAILABLE
OBSOPEN_US30_20240102:R05	RAW125B:M1:1704227460	1704227460	1704227520	37726.099999999999	37729.599999999999	37716.099999999999	2.291780821918	2.339726027397	2.154794520548	AVAILABLE
OBSOPEN_US30_20240102:R05	RAW125B:M1:1704227520	1704227520	1704227580	37718.599999999999	37727.099999999999	37712.099999999999	2.189041095890	2.305479452055	2.100000000000	AVAILABLE
OBSOPEN_US30_20240102:R05	RAW125B:M1:1704227580	1704227580	1704227640	37733.599999999999	37733.599999999999	37718.099999999999	2.394520547945	2.394520547945	2.182191780822	AVAILABLE
OBSOPEN_US30_20240102:R05	RAW125B:M1:1704227640	1704227640	1704227700	37742.599999999999	37744.099999999999	37730.599999999999	2.517808219178	2.538356164384	2.353424657534	AVAILABLE
OBSOPEN_US30_20240102:R05	RAW125B:M1:1704227700	1704227700	1704227760	37750.599999999999	37750.599999999999	37737.599999999999	2.627397260274	2.627397260274	2.449315068493	AVAILABLE
OBSOPEN_US30_20240102:R05	RAW125B:M1:1704227760	1704227760	1704227820	37744.099999999999	37750.099999999999	37743.099999999999	2.538356164384	2.620547945205	2.524657534247	AVAILABLE
OBSOPEN_US30_20240102:R05	RAW125B:M1:1704227820	1704227820	1704227880	37744.099999999999	37747.599999999999	37739.099999999999	2.538356164384	2.586301369863	2.469863013699	AVAILABLE
OBSOPEN_US30_20240102:R05	RAW125B:M1:1704227880	1704227880	1704227940	37745.099999999999	37746.099999999999	37742.099999999999	2.552054794520	2.565753424657	2.510958904110	AVAILABLE
OBSOPEN_US30_20240102:R05	RAW125B:M1:1704227940	1704227940	1704228000	37745.599999999999	37746.099999999999	37738.099999999999	2.558904109589	2.565753424657	2.456164383562	AVAILABLE
OBSOPEN_US30_20240102:R05	RAW125B:M1:1704228000	1704228000	1704228060	37752.599999999999	37753.599999999999	37743.599999999999	2.654794520548	2.668493150685	2.531506849315	AVAILABLE
OBSOPEN_US30_20240102:R05	RAW125B:M1:1704228060	1704228060	1704228120	37746.599999999999	37753.599999999999	37744.099999999999	2.572602739726	2.668493150685	2.538356164384	AVAILABLE
OBSOPEN_US30_20240102:R05	RAW125B:M1:1704228120	1704228120	1704228180	37736.599999999999	37746.599999999999	37736.099999999999	2.435616438356	2.572602739726	2.428767123288	AVAILABLE
OBSOPEN_US30_20240102:R05	RAW125B:M1:1704228180	1704228180	1704228240	37748.099999999999	37749.599999999999	37735.599999999999	2.593150684931	2.613698630137	2.421917808219	AVAILABLE
OBSOPEN_US30_20240102:R05	RAW125B:M1:1704228240	1704228240	1704228300	37736.099999999999	37747.599999999999	37735.099999999999	2.428767123288	2.586301369863	2.415068493151	AVAILABLE
OBSOPEN_US30_20240102:R05	RAW125B:M1:1704228300	1704228300	1704228360	37736.099999999999	37741.099999999999	37727.099999999999	2.428767123288	2.497260273973	2.305479452055	AVAILABLE
OBSOPEN_US30_20240102:R05	RAW125B:M1:1704228360	1704228360	1704228420	37750.599999999999	37751.099999999999	37736.099999999999	2.627397260274	2.634246575342	2.428767123288	AVAILABLE
OBSOPEN_US30_20240102:R05	RAW125B:M1:1704228420	1704228420	1704228480	37742.099999999999	37753.099999999999	37741.599999999999	2.510958904110	2.661643835616	2.504109589041	AVAILABLE
OBSOPEN_US30_20240102:R05	RAW125B:M1:1704228480	1704228480	1704228540	37741.599999999999	37747.099999999999	37740.099999999999	2.504109589041	2.579452054794	2.483561643836	AVAILABLE
OBSOPEN_US30_20240102:R05	RAW125B:M1:1704228540	1704228540	1704228600	37737.599999999999	37743.599999999999	37736.599999999999	2.449315068493	2.531506849315	2.435616438356	AVAILABLE
OBSOPEN_US30_20240102:R05	RAW125B:M1:1704228600	1704228600	1704228660	37739.599999999999	37740.099999999999	37733.099999999999	2.476712328767	2.483561643836	2.387671232877	AVAILABLE
OBSOPEN_US30_20240102:R05	RAW125B:M1:1704228660	1704228660	1704228720	37739.099999999999	37744.099999999999	37738.099999999999	2.469863013699	2.538356164384	2.456164383562	AVAILABLE
OBSOPEN_US30_20240102:R05	RAW125B:M1:1704228720	1704228720	1704228780	37725.099999999999	37738.599999999999	37725.099999999999	2.278082191781	2.463013698630	2.278082191781	AVAILABLE
OBSOPEN_US30_20240102:R05	RAW125B:M1:1704228780	1704228780	1704228840	37719.099999999999	37728.099999999999	37717.599999999999	2.195890410959	2.319178082192	2.175342465753	AVAILABLE
OBSOPEN_US30_20240102:R05	RAW125B:M1:1704228840	1704228840	1704228900	37717.099999999999	37721.599999999999	37713.599999999999	2.168493150685	2.230136986301	2.120547945205	AVAILABLE
OBSOPEN_US30_20240102:R05	RAW125B:M1:1704228900	1704228900	1704228960	37718.599999999999	37720.099999999999	37713.599999999999	2.189041095890	2.209589041096	2.120547945205	AVAILABLE
OBSOPEN_US30_20240102:R05	RAW125B:M1:1704228960	1704228960	1704229020	37701.099999999999	37721.099999999999	37698.599999999999	1.949315068493	2.223287671233	1.915068493151	AVAILABLE
OBSOPEN_US30_20240102:R05	RAW125B:M1:1704229020	1704229020	1704229080	37699.599999999999	37701.599999999999	37688.599999999999	1.928767123288	1.956164383562	1.778082191781	AVAILABLE
OBSOPEN_US30_20240102:R05	RAW125B:M1:1704229080	1704229080	1704229140	37692.599999999999	37699.599999999999	37689.099999999999	1.832876712329	1.928767123288	1.784931506849	AVAILABLE
OBSOPEN_US30_20240102:R05	RAW125B:M1:1704229140	1704229140	1704229200	37701.099999999999	37701.099999999999	37690.599999999999	1.949315068493	1.949315068493	1.805479452055	AVAILABLE
OBSOPEN_US30_20240102:R05	RAW125B:M1:1704229200	1704229200	1704229260	37700.599999999999	37706.599999999999	37695.099999999999	1.942465753425	2.024657534247	1.867123287671	AVAILABLE
OBSOPEN_US30_20240102:R05	RAW125B:M1:1704229260	1704229260	1704229320	37694.099999999999	37702.599999999999	37694.099999999999	1.853424657534	1.969863013699	1.853424657534	AVAILABLE
OBSOPEN_US30_20240102:R05	RAW125B:M1:1704229320	1704229320	1704229380	37690.599999999999	37696.599999999999	37685.099999999999	1.805479452055	1.887671232877	1.730136986301	AVAILABLE
OBSOPEN_US30_20240102:R05	RAW125B:M1:1704229380	1704229380	1704229440	37697.099999999999	37702.099999999999	37690.099999999999	1.894520547945	1.963013698630	1.798630136986	AVAILABLE
OBSOPEN_US30_20240102:R05	RAW125B:M1:1704229440	1704229440	1704229500	37692.599999999999	37702.099999999999	37691.599999999999	1.832876712329	1.963013698630	1.819178082192	AVAILABLE
OBSOPEN_US30_20240102:R05	RAW125B:M1:1704229500	1704229500	1704229560	37692.599999999999	37698.099999999999	37688.099999999999	1.832876712329	1.908219178082	1.771232876712	AVAILABLE
OBSOPEN_US30_20240102:R05	RAW125B:M1:1704229560	1704229560	1704229620	37687.599999999999	37694.099999999999	37681.099999999999	1.764383561644	1.853424657534	1.675342465753	AVAILABLE
OBSOPEN_US30_20240102:R05	RAW125B:M1:1704229620	1704229620	1704229680	37672.599999999999	37687.599999999999	37670.099999999999	1.558904109589	1.764383561644	1.524657534247	AVAILABLE
OBSOPEN_US30_20240102:R05	RAW125B:M1:1704229680	1704229680	1704229740	37679.599999999999	37679.599999999999	37670.099999999999	1.654794520548	1.654794520548	1.524657534247	AVAILABLE
OBSOPEN_US30_20240102:R05	RAW125B:M1:1704229740	1704229740	1704229800	37686.599999999999	37686.599999999999	37675.099999999999	1.750684931507	1.750684931507	1.593150684931	AVAILABLE
OBSOPEN_US30_20240102:R05	RAW125B:M1:1704229800	1704229800	1704229860	37685.099999999999	37693.099999999999	37681.099999999999	1.730136986301	1.839726027397	1.675342465753	AVAILABLE
OBSOPEN_US30_20240102:R05	RAW125B:M1:1704229860	1704229860	1704229920	37685.599999999999	37688.599999999999	37680.599999999999	1.736986301370	1.778082191781	1.668493150685	AVAILABLE
OBSOPEN_US30_20240102:R05	RAW125B:M1:1704229920	1704229920	1704229980	37689.599999999999	37690.099999999999	37682.599999999999	1.791780821918	1.798630136986	1.695890410959	AVAILABLE
OBSOPEN_US30_20240102:R05	RAW125B:M1:1704229980	1704229980	1704230040	37694.099999999999	37699.099999999999	37688.599999999999	1.853424657534	1.921917808219	1.778082191781	AVAILABLE
OBSOPEN_US30_20240102:R05	RAW125B:M1:1704230040	1704230040	1704230100	37686.099999999999	37695.599999999999	37682.599999999999	1.743835616438	1.873972602740	1.695890410959	AVAILABLE
OBSOPEN_US30_20240102:R05	RAW125B:M1:1704230100	1704230100	1704230160	37684.099999999999	37688.099999999999	37681.099999999999	1.716438356164	1.771232876712	1.675342465753	AVAILABLE
OBSOPEN_US30_20240102:R05	RAW125B:M1:1704230160	1704230160	1704230220	37685.099999999999	37686.099999999999	37680.099999999999	1.730136986301	1.743835616438	1.661643835616	AVAILABLE
OBSOPEN_US30_20240102:R05	RAW125B:M1:1704230220	1704230220	1704230280	37681.599999999999	37683.599999999999	37678.099999999999	1.682191780822	1.709589041096	1.634246575342	AVAILABLE
OBSOPEN_US30_20240102:R05	RAW125B:M1:1704230280	1704230280	1704230340	37683.599999999999	37684.599999999999	37679.599999999999	1.709589041096	1.723287671233	1.654794520548	AVAILABLE
OBSOPEN_US30_20240102:R05	RAW125B:M1:1704230340	1704230340	1704230400	37679.099999999999	37687.099999999999	37678.099999999999	1.647945205479	1.757534246575	1.634246575342	AVAILABLE
OBSOPEN_US30_20240102:R05	RAW125B:M1:1704230400	1704230400	1704230460	37681.099999999999	37682.099999999999	37675.599999999999	1.675342465753	1.689041095890	1.600000000000	AVAILABLE
OBSOPEN_US30_20240102:R05	RAW125B:M1:1704230460	1704230460	1704230520	37680.099999999999	37684.599999999999	37678.099999999999	1.661643835616	1.723287671233	1.634246575342	AVAILABLE
OBSOPEN_US30_20240102:R05	RAW125B:M1:1704230520	1704230520	1704230580	37671.599999999999	37681.599999999999	37670.599999999999	1.545205479452	1.682191780822	1.531506849315	AVAILABLE
OBSOPEN_US30_20240102:R05	RAW125B:M1:1704230580	1704230580	1704230640	37664.099999999999	37672.099999999999	37664.099999999999	1.442465753425	1.552054794520	1.442465753425	AVAILABLE
OBSOPEN_US30_20240102:R05	RAW125B:M1:1704230640	1704230640	1704230700	37662.599999999999	37665.599999999999	37661.099999999999	1.421917808219	1.463013698630	1.401369863014	AVAILABLE
OBSOPEN_US30_20240102:R05	RAW125B:M1:1704230700	1704230700	1704230760	37659.099999999999	37667.099999999999	37657.599999999999	1.373972602740	1.483561643836	1.353424657534	AVAILABLE
OBSOPEN_US30_20240102:R05	RAW125B:M1:1704230760	1704230760	1704230820	37659.099999999999	37661.099999999999	37654.599999999999	1.373972602740	1.401369863014	1.312328767123	AVAILABLE
OBSOPEN_US30_20240102:R05	RAW125B:M1:1704230820	1704230820	1704230880	37658.099999999999	37665.099999999999	37656.599999999999	1.360273972603	1.456164383562	1.339726027397	AVAILABLE
OBSOPEN_US30_20240102:R05	RAW125B:M1:1704230880	1704230880	1704230940	37668.099999999999	37671.099999999999	37658.599999999999	1.497260273973	1.538356164384	1.367123287671	AVAILABLE
OBSOPEN_US30_20240102:R05	RAW125B:M1:1704230940	1704230940	1704231000	37676.099999999999	37680.599999999999	37668.099999999999	1.606849315068	1.668493150685	1.497260273973	AVAILABLE
OBSOPEN_US30_20240102:R05	RAW125B:M1:1704231000	1704231000	1704231060	37685.099999999999	37686.099999999999	37671.099999999999	1.730136986301	1.743835616438	1.538356164384	AVAILABLE
OBSOPEN_US30_20240102:R05	RAW125B:M1:1704231060	1704231060	1704231120	37681.599999999999	37689.099999999999	37678.599999999999	1.682191780822	1.784931506849	1.641095890411	AVAILABLE
OBSOPEN_US30_20240102:R05	RAW125B:M1:1704231120	1704231120	1704231180	37666.099999999999	37681.599999999999	37666.099999999999	1.469863013699	1.682191780822	1.469863013699	AVAILABLE
OBSOPEN_US30_20240102:R05	RAW125B:M1:1704231180	1704231180	1704231240	37666.099999999999	37672.599999999999	37664.099999999999	1.469863013699	1.558904109589	1.442465753425	AVAILABLE
OBSOPEN_US30_20240102:R05	RAW125B:M1:1704231240	1704231240	1704231300	37661.099999999999	37669.099999999999	37660.599999999999	1.401369863014	1.510958904110	1.394520547945	AVAILABLE
OBSOPEN_US30_20240102:R05	RAW125B:M1:1704231300	1704231300	1704231360	37665.099999999999	37665.599999999999	37655.599999999999	1.456164383562	1.463013698630	1.326027397260	AVAILABLE
OBSOPEN_US30_20240102:R05	RAW125B:M1:1704231360	1704231360	1704231420	37659.599999999999	37665.099999999999	37657.599999999999	1.380821917808	1.456164383562	1.353424657534	AVAILABLE
OBSOPEN_US30_20240102:R05	RAW125B:M1:1704231420	1704231420	1704231480	37661.099999999999	37662.099999999999	37657.099999999999	1.401369863014	1.415068493151	1.346575342466	AVAILABLE
OBSOPEN_US30_20240102:R05	RAW125B:M1:1704231480	1704231480	1704231540	37657.099999999999	37662.099999999999	37656.599999999999	1.346575342466	1.415068493151	1.339726027397	AVAILABLE
OBSOPEN_US30_20240102:R05	RAW125B:M1:1704231540	1704231540	1704231600	37652.099999999999	37659.599999999999	37650.099999999999	1.278082191781	1.380821917808	1.250684931507	AVAILABLE
OBSOPEN_US30_20240102:R05	RAW125B:M1:1704231600	1704231600	1704231660	37655.599999999999	37655.599999999999	37648.099999999999	1.326027397260	1.326027397260	1.223287671233	AVAILABLE
OBSOPEN_US30_20240102:R05	RAW125B:M1:1704231660	1704231660	1704231720	37656.599999999999	37660.099999999999	37653.099999999999	1.339726027397	1.387671232877	1.291780821918	AVAILABLE
OBSOPEN_US30_20240102:R05	RAW125B:M1:1704231720	1704231720	1704231780	37652.099999999999	37657.099999999999	37650.099999999999	1.278082191781	1.346575342466	1.250684931507	AVAILABLE
OBSOPEN_US30_20240102:R05	RAW125B:M1:1704231780	1704231780	1704231840	37651.099999999999	37654.099999999999	37647.599999999999	1.264383561644	1.305479452055	1.216438356164	AVAILABLE
OBSOPEN_US30_20240102:R05	RAW125B:M1:1704231840	1704231840	1704231900	37647.099999999999	37652.099999999999	37644.599999999999	1.209589041096	1.278082191781	1.175342465753	AVAILABLE
OBSOPEN_US30_20240102:R05	RAW125B:M1:1704231900	1704231900	1704231960	37641.099999999999	37645.599999999999	37637.099999999999	1.127397260274	1.189041095890	1.072602739726	AVAILABLE
OBSOPEN_US30_20240102:R05	RAW125B:M1:1704231960	1704231960	1704232020	37650.099999999999	37650.099999999999	37641.099999999999	1.250684931507	1.250684931507	1.127397260274	AVAILABLE
OBSOPEN_US30_20240102:R05	RAW125B:M1:1704232020	1704232020	1704232080	37646.099999999999	37652.099999999999	37644.599999999999	1.195890410959	1.278082191781	1.175342465753	AVAILABLE
OBSOPEN_US30_20240102:R05	RAW125B:M1:1704232080	1704232080	1704232140	37635.599999999999	37646.099999999999	37633.099999999999	1.052054794520	1.195890410959	1.017808219178	AVAILABLE
OBSOPEN_US30_20240102:R05	RAW125B:M1:1704232140	1704232140	1704232200	37627.099999999999	37637.099999999999	37624.599999999999	0.935616438356	1.072602739726	0.901369863014	AVAILABLE
OBSOPEN_US30_20240102:R05	RAW125B:M1:1704232200	1704232200	1704232260	37631.099999999999	37633.599999999999	37625.599999999999	0.990410958904	1.024657534247	0.915068493151	AVAILABLE
OBSOPEN_US30_20240102:R05	RAW125B:M1:1704232260	1704232260	1704232320	37635.099999999999	37635.599999999999	37627.099999999999	1.045205479452	1.052054794520	0.935616438356	AVAILABLE
OBSOPEN_US30_20240102:R05	RAW125B:M1:1704232320	1704232320	1704232380	37627.599999999999	37637.099999999999	37625.599999999999	0.942465753425	1.072602739726	0.915068493151	AVAILABLE
OBSOPEN_US30_20240102:R05	RAW125B:M1:1704232380	1704232380	1704232440	37608.599999999999	37628.599999999999	37606.099999999999	0.682191780822	0.956164383562	0.647945205479	AVAILABLE
OBSOPEN_US30_20240102:R05	RAW125B:M1:1704232440	1704232440	1704232500	37615.099999999999	37620.599999999999	37604.599999999999	0.771232876712	0.846575342466	0.627397260274	AVAILABLE
OBSOPEN_US30_20240102:R05	RAW125B:M1:1704232500	1704232500	1704232560	37609.599999999999	37614.599999999999	37604.099999999999	0.695890410959	0.764383561644	0.620547945205	AVAILABLE
OBSOPEN_US30_20240102:R05	RAW125B:M1:1704232560	1704232560	1704232620	37617.099999999999	37617.599999999999	37606.599999999999	0.798630136986	0.805479452055	0.654794520548	AVAILABLE
OBSOPEN_US30_20240102:R05	RAW125B:M1:1704232620	1704232620	1704232680	37610.099999999999	37619.099999999999	37608.099999999999	0.702739726027	0.826027397260	0.675342465753	AVAILABLE
OBSOPEN_US30_20240102:R05	RAW125B:M1:1704232680	1704232680	1704232740	37612.599999999999	37613.099999999999	37609.099999999999	0.736986301370	0.743835616438	0.689041095890	AVAILABLE
OBSOPEN_US30_20240102:R05	RAW125B:M1:1704232740	1704232740	1704232800	37604.099999999999	37612.599999999999	37604.099999999999	0.620547945205	0.736986301370	0.620547945205	AVAILABLE
OBSOPEN_US30_20240102:R05	RAW125B:M1:1704232800	1704232800	1704232860	37605.599999999999	37609.099999999999	37598.099999999999	0.641095890411	0.689041095890	0.538356164384	AVAILABLE
OBSOPEN_US30_20240102:R05	RAW125B:M1:1704232860	1704232860	1704232920	37602.099999999999	37609.099999999999	37601.099999999999	0.593150684931	0.689041095890	0.579452054794	AVAILABLE
OBSOPEN_US30_20240102:R05	RAW125B:M1:1704232920	1704232920	1704232980	37601.099999999999	37609.099999999999	37599.099999999999	0.579452054794	0.689041095890	0.552054794520	AVAILABLE
OBSOPEN_US30_20240102:R05	RAW125B:M1:1704232980	1704232980	1704233040	37609.099999999999	37609.099999999999	37601.099999999999	0.689041095890	0.689041095890	0.579452054794	AVAILABLE
OBSOPEN_US30_20240102:R05	RAW125B:M1:1704233040	1704233040	1704233100	37598.099999999999	37613.099999999999	37597.099999999999	0.538356164384	0.743835616438	0.524657534247	AVAILABLE
OBSOPEN_US30_20240102:R05	RAW125B:M1:1704233100	1704233100	1704233160	37587.099999999999	37600.099999999999	37586.099999999999	0.387671232877	0.565753424657	0.373972602740	AVAILABLE
OBSOPEN_US30_20240102:R05	RAW125B:M1:1704233160	1704233160	1704233220	37583.599999999999	37587.099999999999	37583.099999999999	0.339726027397	0.387671232877	0.332876712329	AVAILABLE
OBSOPEN_US30_20240102:R05	RAW125B:M1:1704233220	1704233220	1704233280	37590.599999999999	37595.099999999999	37581.099999999999	0.435616438356	0.497260273973	0.305479452055	AVAILABLE
OBSOPEN_US30_20240102:R05	RAW125B:M1:1704233280	1704233280	1704233340	37607.599999999999	37610.099999999999	37587.599999999999	0.668493150685	0.702739726027	0.394520547945	AVAILABLE
OBSOPEN_US30_20240102:R05	RAW125B:M1:1704233340	1704233340	1704233400	37601.099999999999	37618.599999999999	37597.599999999999	0.579452054794	0.819178082192	0.531506849315	AVAILABLE
OBSOPEN_US30_20240102:R05	RAW125B:M1:1704233400	1704233400	1704233460	37601.099999999999	37610.599999999999	37600.599999999999	0.579452054794	0.709589041096	0.572602739726	AVAILABLE
OBSOPEN_US30_20240102:R05	RAW125B:M1:1704233460	1704233460	1704233520	37603.599999999999	37604.599999999999	37598.099999999999	0.613698630137	0.627397260274	0.538356164384	AVAILABLE
OBSOPEN_US30_20240102:R05	RAW125B:M1:1704233520	1704233520	1704233580	37601.599999999999	37606.099999999999	37601.599999999999	0.586301369863	0.647945205479	0.586301369863	AVAILABLE
OBSOPEN_US30_20240102:R05	RAW125B:M1:1704233580	1704233580	1704233640	37603.599999999999	37607.099999999999	37598.599999999999	0.613698630137	0.661643835616	0.545205479452	AVAILABLE
OBSOPEN_US30_20240102:R05	RAW125B:M1:1704233640	1704233640	1704233700	37608.599999999999	37609.599999999999	37600.099999999999	0.682191780822	0.695890410959	0.565753424657	AVAILABLE
OBSOPEN_US30_20240102:R05	RAW125B:M1:1704233700	1704233700	1704233760	37592.099999999999	37609.599999999999	37592.099999999999	0.456164383562	0.695890410959	0.456164383562	AVAILABLE
OBSOPEN_US30_20240102:R05	RAW125B:M1:1704233760	1704233760	1704233820	37599.099999999999	37602.099999999999	37591.599999999999	0.552054794520	0.593150684931	0.449315068493	AVAILABLE
OBSOPEN_US30_20240102:R05	RAW125B:M1:1704233820	1704233820	1704233880	37625.099999999999	37626.099999999999	37599.099999999999	0.908219178082	0.921917808219	0.552054794520	AVAILABLE
OBSOPEN_US30_20240102:R05	RAW125B:M1:1704233880	1704233880	1704233940	37618.099999999999	37627.099999999999	37611.099999999999	0.812328767123	0.935616438356	0.716438356164	AVAILABLE
OBSOPEN_US30_20240102:R05	RAW125B:M1:1704233940	1704233940	1704234000	37619.599999999999	37623.099999999999	37612.599999999999	0.832876712329	0.880821917808	0.736986301370	AVAILABLE
OBSOPEN_US30_20240102:R05	RAW125B:M1:1704234000	1704234000	1704234060	37628.099999999999	37631.099999999999	37611.599999999999	0.949315068493	0.990410958904	0.723287671233	AVAILABLE
OBSOPEN_US30_20240102:R05	RAW125B:M1:1704234060	1704234060	1704234120	37635.099999999999	37635.599999999999	37624.099999999999	1.045205479452	1.052054794520	0.894520547945	AVAILABLE
OBSOPEN_US30_20240102:R05	RAW125B:M1:1704234120	1704234120	1704234180	37609.599999999999	37634.599999999999	37606.099999999999	0.695890410959	1.038356164384	0.647945205479	AVAILABLE
OBSOPEN_US30_20240102:R05	RAW125B:M1:1704234180	1704234180	1704234240	37615.099999999999	37620.099999999999	37606.599999999999	0.771232876712	0.839726027397	0.654794520548	AVAILABLE
OBSOPEN_US30_20240102:R05	RAW125B:M1:1704234240	1704234240	1704234300	37616.599999999999	37620.599999999999	37613.599999999999	0.791780821918	0.846575342466	0.750684931507	AVAILABLE
OBSOPEN_US30_20240102:R05	RAW125B:M1:1704234300	1704234300	1704234360	37624.099999999999	37629.099999999999	37614.599999999999	0.894520547945	0.963013698630	0.764383561644	AVAILABLE
OBSOPEN_US30_20240102:R05	RAW125B:M1:1704234360	1704234360	1704234420	37615.599999999999	37625.099999999999	37608.099999999999	0.778082191781	0.908219178082	0.675342465753	AVAILABLE
OBSOPEN_US30_20240102:R05	RAW125B:M1:1704234420	1704234420	1704234480	37614.599999999999	37619.599999999999	37610.099999999999	0.764383561644	0.832876712329	0.702739726027	AVAILABLE
OBSOPEN_US30_20240102:R05	RAW125B:M1:1704234480	1704234480	1704234540	37620.099999999999	37622.599999999999	37612.599999999999	0.839726027397	0.873972602740	0.736986301370	AVAILABLE
OBSOPEN_US30_20240102:R05	RAW125B:M1:1704234540	1704234540	1704234600	37614.099999999999	37620.599999999999	37613.099999999999	0.757534246575	0.846575342466	0.743835616438	AVAILABLE
OBSOPEN_US30_20240102:R05	RAW125B:M1:1704234600	1704234600	1704234660	37621.599999999999	37625.099999999999	37611.599999999999	0.860273972603	0.908219178082	0.723287671233	AVAILABLE
OBSOPEN_US30_20240102:R05	RAW125B:M1:1704234660	1704234660	1704234720	37633.099999999999	37634.099999999999	37619.099999999999	1.017808219178	1.031506849315	0.826027397260	AVAILABLE
OBSOPEN_US30_20240102:R05	RAW125B:M1:1704234720	1704234720	1704234780	37632.099999999999	37635.599999999999	37621.599999999999	1.004109589041	1.052054794520	0.860273972603	AVAILABLE
OBSOPEN_US30_20240102:R05	RAW125B:M1:1704234780	1704234780	1704234840	37629.099999999999	37633.099999999999	37625.099999999999	0.963013698630	1.017808219178	0.908219178082	AVAILABLE
OBSOPEN_US30_20240102:R05	RAW125B:M1:1704234840	1704234840	1704234900	37621.099999999999	37629.599999999999	37620.599999999999	0.853424657534	0.969863013699	0.846575342466	AVAILABLE
OBSOPEN_US30_20240102:R05	RAW125B:M1:1704234900	1704234900	1704234960	37616.099999999999	37624.099999999999	37616.099999999999	0.784931506849	0.894520547945	0.784931506849	AVAILABLE
OBSOPEN_US30_20240102:R05	RAW125B:M1:1704234960	1704234960	1704235020	37620.099999999999	37621.599999999999	37609.099999999999	0.839726027397	0.860273972603	0.689041095890	AVAILABLE
OBSOPEN_US30_20240102:R05	RAW125B:M1:1704235020	1704235020	1704235080	37622.099999999999	37623.099999999999	37614.599999999999	0.867123287671	0.880821917808	0.764383561644	AVAILABLE
OBSOPEN_US30_20240102:R05	RAW125B:M1:1704235080	1704235080	1704235140	37615.599999999999	37623.599999999999	37615.099999999999	0.778082191781	0.887671232877	0.771232876712	AVAILABLE
OBSOPEN_US30_20240102:R05	RAW125B:M1:1704235140	1704235140	1704235200	37615.099999999999	37616.599999999999	37607.599999999999	0.771232876712	0.791780821918	0.668493150685	AVAILABLE
OBSOPEN_US30_20240102:R05	RAW125B:M1:1704235200	1704235200	1704235260	37609.599999999999	37615.599999999999	37608.099999999999	0.695890410959	0.778082191781	0.675342465753	AVAILABLE
OBSOPEN_US30_20240102:R05	RAW125B:M1:1704235260	1704235260	1704235320	37612.099999999999	37616.599999999999	37609.099999999999	0.730136986301	0.791780821918	0.689041095890	AVAILABLE
OBSOPEN_US30_20240102:R05	RAW125B:M1:1704235320	1704235320	1704235380	37610.599999999999	37615.599999999999	37606.599999999999	0.709589041096	0.778082191781	0.654794520548	AVAILABLE
OBSOPEN_US30_20240102:R05	RAW125B:M1:1704235380	1704235380	1704235440	37613.599999999999	37618.599999999999	37607.599999999999	0.750684931507	0.819178082192	0.668493150685	AVAILABLE
OBSOPEN_US30_20240102:R05	RAW125B:M1:1704235440	1704235440	1704235500	37627.099999999999	37629.099999999999	37609.599999999999	0.935616438356	0.963013698630	0.695890410959	AVAILABLE
OBSOPEN_US30_20240102:R05	RAW125B:M1:1704235500	1704235500	1704235560	37626.599999999999	37631.599999999999	37622.099999999999	0.928767123288	0.997260273973	0.867123287671	AVAILABLE
OBSOPEN_US30_20240102:R05	RAW125B:M1:1704235560	1704235560	1704235620	37625.599999999999	37629.599999999999	37622.099999999999	0.915068493151	0.969863013699	0.867123287671	AVAILABLE
OBSOPEN_US30_20240102:R05	RAW125B:M1:1704235620	1704235620	1704235680	37629.099999999999	37635.099999999999	37625.599999999999	0.963013698630	1.045205479452	0.915068493151	AVAILABLE
OBSOPEN_US30_20240102:R05	RAW125B:M1:1704235680	1704235680	1704235740	37634.099999999999	37636.099999999999	37627.599999999999	1.031506849315	1.058904109589	0.942465753425	AVAILABLE
OBSOPEN_US30_20240102:R05	RAW125B:M1:1704235740	1704235740	1704235800	37638.599999999999	37641.599999999999	37630.599999999999	1.093150684931	1.134246575342	0.983561643836	AVAILABLE
OBSOPEN_US30_20240102:R05	RAW125B:M1:1704235800	1704235800	1704235860	37670.099999999999	37673.599999999999	37641.599999999999	1.524657534247	1.572602739726	1.134246575342	AVAILABLE
OBSOPEN_US30_20240102:R05	RAW125B:M1:1704235860	1704235860	1704235920	37685.099999999999	37694.099999999999	37666.099999999999	1.730136986301	1.853424657534	1.469863013699	AVAILABLE
OBSOPEN_US30_20240102:R05	RAW125B:M1:1704235920	1704235920	1704235980	37688.599999999999	37699.099999999999	37683.599999999999	1.778082191781	1.921917808219	1.709589041096	AVAILABLE
OBSOPEN_US30_20240102:R05	RAW125B:M1:1704235980	1704235980	1704236040	37697.099999999999	37701.099999999999	37687.599999999999	1.894520547945	1.949315068493	1.764383561644	AVAILABLE
OBSOPEN_US30_20240102:R05	RAW125B:M1:1704236040	1704236040	1704236100	37685.099999999999	37702.099999999999	37678.599999999999	1.730136986301	1.963013698630	1.641095890411	AVAILABLE
OBSOPEN_US30_20240102:R05	RAW125B:M1:1704236100	1704236100	1704236160	37678.099999999999	37695.599999999999	37671.599999999999	1.634246575342	1.873972602740	1.545205479452	AVAILABLE
OBSOPEN_US30_20240102:R05	RAW125B:M1:1704236160	1704236160	1704236220	37691.599999999999	37693.599999999999	37678.099999999999	1.819178082192	1.846575342466	1.634246575342	AVAILABLE
OBSOPEN_US30_20240102:R05	RAW125B:M1:1704236220	1704236220	1704236280	37706.599999999999	37706.599999999999	37690.099999999999	2.024657534247	2.024657534247	1.798630136986	AVAILABLE
OBSOPEN_US30_20240102:R05	RAW125B:M1:1704236280	1704236280	1704236340	37721.599999999999	37723.599999999999	37700.099999999999	2.230136986301	2.257534246575	1.935616438356	AVAILABLE
OBSOPEN_US30_20240102:R05	RAW125B:M1:1704236340	1704236340	1704236400	37725.099999999999	37729.099999999999	37702.099999999999	2.278082191781	2.332876712329	1.963013698630	AVAILABLE
