field_id	layer	value_type	value_mode	value_json	evidence_class	run_binding	consumption_status	config_hash_membership	provenance_json
master.compatibility.include_broken	COMPATIBILITY	bool	CONSTANT	{"mode":"CONSTANT","value":false,"distinct_count":1,"distinct_values":[false]}	RECOVERED_FROM_COLLECTION_ENVIRONMENT	NOT_RUN_BOUND_NO_EX5_OR_EXPANDED_MASTER_CONFIG_IN_RUN_RECEIPT	SEMANTICALLY_CONSUMED	MASTER_INTERNAL_CONFIG_HASH_NOT_RUN_RECORDED	[{"kind":"SEALED_SOURCE_CLOSURE","logical_path":"Include/MasterStructure/MasterTypes.mqh","sha256":"ec80e5a2770bd55048990111ca96af9bd18eb17b06f8057cd1bafbe3d1fa7d8e","marker":"cfg.include_broken","lines":[446,491]},{"kind":"SEALED_SOURCE_CLOSURE","logical_path":"Include/MasterStructure/MasterTypes.mqh","sha256":"ec80e5a2770bd55048990111ca96af9bd18eb17b06f8057cd1bafbe3d1fa7d8e","marker":"cfg.include_broken","lines":[446,491]}]
master.compatibility.require_role_compatibility	COMPATIBILITY	bool	CONSTANT	{"mode":"CONSTANT","value":true,"distinct_count":1,"distinct_values":[true]}	RECOVERED_FROM_COLLECTION_ENVIRONMENT	NOT_RUN_BOUND_NO_EX5_OR_EXPANDED_MASTER_CONFIG_IN_RUN_RECEIPT	SEMANTICALLY_CONSUMED	MASTER_INTERNAL_CONFIG_HASH_NOT_RUN_RECORDED	[{"kind":"SEALED_SOURCE_CLOSURE","logical_path":"Include/MasterStructure/MasterTypes.mqh","sha256":"ec80e5a2770bd55048990111ca96af9bd18eb17b06f8057cd1bafbe3d1fa7d8e","marker":"cfg.require_role_compatibility","lines":[445,504]},{"kind":"SEALED_SOURCE_CLOSURE","logical_path":"Include/MasterStructure/MasterTypes.mqh","sha256":"ec80e5a2770bd55048990111ca96af9bd18eb17b06f8057cd1bafbe3d1fa7d8e","marker":"cfg.require_role_compatibility","lines":[445,504]}]
master.clustering.epsilon_atr	CLUSTERING	double	CONSTANT	{"mode":"CONSTANT","value":0.12,"distinct_count":1,"distinct_values":[0.12]}	RECOVERED_FROM_COLLECTION_ENVIRONMENT	NOT_RUN_BOUND_NO_EX5_OR_EXPANDED_MASTER_CONFIG_IN_RUN_RECEIPT	SEMANTICALLY_CONSUMED	MASTER_INTERNAL_CONFIG_HASH_NOT_RUN_RECORDED	[{"kind":"SEALED_SOURCE_CLOSURE","logical_path":"Include/MasterStructure/MasterTypes.mqh","sha256":"ec80e5a2770bd55048990111ca96af9bd18eb17b06f8057cd1bafbe3d1fa7d8e","marker":"cfg.epsilon_atr","lines":[477]},{"kind":"SEALED_SOURCE_CLOSURE","logical_path":"Include/MasterStructure/MasterController.mqh","sha256":"237ee3d3c8197ee19c9d2f65d746e9b0386030df438d29528ea5aa1935d5e0fd","marker":"m_config.clustering.epsilon_atr","lines":[160,527]}]
master.compatibility.include_developing	COMPATIBILITY	bool	CONSTANT	{"mode":"CONSTANT","value":true,"distinct_count":1,"distinct_values":[true]}	RECOVERED_FROM_COLLECTION_ENVIRONMENT	NOT_RUN_BOUND_NO_EX5_OR_EXPANDED_MASTER_CONFIG_IN_RUN_RECEIPT	SEMANTICALLY_CONSUMED	MASTER_INTERNAL_CONFIG_HASH_NOT_RUN_RECORDED	[{"kind":"SEALED_SOURCE_CLOSURE","logical_path":"Include/MasterStructure/MasterTypes.mqh","sha256":"ec80e5a2770bd55048990111ca96af9bd18eb17b06f8057cd1bafbe3d1fa7d8e","marker":"cfg.include_developing","lines":[447,494]},{"kind":"SEALED_SOURCE_CLOSURE","logical_path":"Include/MasterStructure/MasterTypes.mqh","sha256":"ec80e5a2770bd55048990111ca96af9bd18eb17b06f8057cd1bafbe3d1fa7d8e","marker":"cfg.include_developing","lines":[447,494]}]
master.wayne.include_m_pivots	WAYNE	bool	CONSTANT	{"mode":"CONSTANT","value":true,"distinct_count":1,"distinct_values":[true]}	RECOVERED_FROM_COLLECTION_ENVIRONMENT	NOT_RUN_BOUND_NO_EX5_OR_EXPANDED_MASTER_CONFIG_IN_RUN_RECEIPT	SEMANTICALLY_CONSUMED	MASTER_INTERNAL_CONFIG_HASH_NOT_RUN_RECORDED	[{"kind":"SEALED_SOURCE_CLOSURE","logical_path":"Include/01wayne.mqh","sha256":"fd81fc9c667272c15c4005ad65f9821863050d45ee4437171809946c23c94f77","marker":"cfg.include_m_pivots","lines":[181,611,640,654,668,682,696,710]},{"kind":"SEALED_SOURCE_CLOSURE","logical_path":"Include/01wayne.mqh","sha256":"fd81fc9c667272c15c4005ad65f9821863050d45ee4437171809946c23c94f77","marker":"m_cfg.include_m_pivots","lines":[611,640,654,668,682,696,710]}]
master.wayne.include_standard_pivots	WAYNE	bool	CONSTANT	{"mode":"CONSTANT","value":true,"distinct_count":1,"distinct_values":[true]}	RECOVERED_FROM_COLLECTION_ENVIRONMENT	NOT_RUN_BOUND_NO_EX5_OR_EXPANDED_MASTER_CONFIG_IN_RUN_RECEIPT	SEMANTICALLY_CONSUMED	MASTER_INTERNAL_CONFIG_HASH_NOT_RUN_RECORDED	[{"kind":"SEALED_SOURCE_CLOSURE","logical_path":"Include/01wayne.mqh","sha256":"fd81fc9c667272c15c4005ad65f9821863050d45ee4437171809946c23c94f77","marker":"cfg.include_standard_pivots","lines":[180,608,633,647,661,675,689,703,717]},{"kind":"SEALED_SOURCE_CLOSURE","logical_path":"Include/01wayne.mqh","sha256":"fd81fc9c667272c15c4005ad65f9821863050d45ee4437171809946c23c94f77","marker":"m_cfg.include_standard_pivots","lines":[608,633,647,661,675,689,703,717]}]
master.compatibility.family_masks	COMPATIBILITY	u64[16]	CONSTANT	{"mode":"CONSTANT","value":[2046,2046,2046,2046,2046,2046,2046,2046,2046,2046,2046,2046,2046,2046,2046,2046],"distinct_count":1,"distinct_values":[2046,2046,2046,2046,2046,2046,2046,2046,2046,2046,2046,2046,2046,2046,2046,2046]}	RECOVERED_FROM_COLLECTION_ENVIRONMENT	NOT_RUN_BOUND_NO_EX5_OR_EXPANDED_MASTER_CONFIG_IN_RUN_RECEIPT	SEMANTICALLY_CONSUMED	MASTER_INTERNAL_CONFIG_HASH_NOT_RUN_RECORDED	[{"kind":"SEALED_SOURCE_CLOSURE","logical_path":"Include/MasterStructure/MasterTypes.mqh","sha256":"ec80e5a2770bd55048990111ca96af9bd18eb17b06f8057cd1bafbe3d1fa7d8e","marker":"cfg.family_masks[i] = all_families","lines":[444]},{"kind":"SEALED_SOURCE_CLOSURE","logical_path":"Include/MasterStructure/MasterTypes.mqh","sha256":"ec80e5a2770bd55048990111ca96af9bd18eb17b06f8057cd1bafbe3d1fa7d8e","marker":"cfg.family_masks","lines":[444,464,465,469,470,501]}]
master.wayne.include_zones	WAYNE	bool	CONSTANT	{"mode":"CONSTANT","value":true,"distinct_count":1,"distinct_values":[true]}	RECOVERED_FROM_COLLECTION_ENVIRONMENT	NOT_RUN_BOUND_NO_EX5_OR_EXPANDED_MASTER_CONFIG_IN_RUN_RECEIPT	SEMANTICALLY_CONSUMED	MASTER_INTERNAL_CONFIG_HASH_NOT_RUN_RECORDED	[{"kind":"SEALED_SOURCE_CLOSURE","logical_path":"Include/01wayne.mqh","sha256":"fd81fc9c667272c15c4005ad65f9821863050d45ee4437171809946c23c94f77","marker":"cfg.include_zones","lines":[182,614,726]},{"kind":"SEALED_SOURCE_CLOSURE","logical_path":"Include/01wayne.mqh","sha256":"fd81fc9c667272c15c4005ad65f9821863050d45ee4437171809946c23c94f77","marker":"m_cfg.include_zones","lines":[614,726]}]
master.lifecycle.match_distance_atr	NODE_LIFECYCLE	double	CONSTANT	{"mode":"CONSTANT","value":0.2,"distinct_count":1,"distinct_values":[0.2]}	RECOVERED_FROM_COLLECTION_ENVIRONMENT	NOT_RUN_BOUND_NO_EX5_OR_EXPANDED_MASTER_CONFIG_IN_RUN_RECEIPT	SEMANTICALLY_CONSUMED	MASTER_INTERNAL_CONFIG_HASH_NOT_RUN_RECORDED	[{"kind":"SEALED_SOURCE_CLOSURE","logical_path":"Include/MasterStructure/MasterTypes.mqh","sha256":"ec80e5a2770bd55048990111ca96af9bd18eb17b06f8057cd1bafbe3d1fa7d8e","marker":"cfg.match_distance_atr","lines":[349]},{"kind":"SEALED_SOURCE_CLOSURE","logical_path":"Include/MasterStructure/MasterController.mqh","sha256":"237ee3d3c8197ee19c9d2f65d746e9b0386030df438d29528ea5aa1935d5e0fd","marker":"m_config.lifecycle.match_distance_atr","lines":[164,531]}]
master.clustering.center_role_tolerance_atr	CLUSTERING	double	CONSTANT	{"mode":"CONSTANT","value":0.15,"distinct_count":1,"distinct_values":[0.15]}	RECOVERED_FROM_COLLECTION_ENVIRONMENT	NOT_RUN_BOUND_NO_EX5_OR_EXPANDED_MASTER_CONFIG_IN_RUN_RECEIPT	SEMANTICALLY_CONSUMED	MASTER_INTERNAL_CONFIG_HASH_NOT_RUN_RECORDED	[{"kind":"SEALED_SOURCE_CLOSURE","logical_path":"Include/MasterStructure/MasterTypes.mqh","sha256":"ec80e5a2770bd55048990111ca96af9bd18eb17b06f8057cd1bafbe3d1fa7d8e","marker":"cfg.center_role_tolerance_atr","lines":[482]},{"kind":"SEALED_SOURCE_CLOSURE","logical_path":"Include/MasterStructure/MasterController.mqh","sha256":"237ee3d3c8197ee19c9d2f65d746e9b0386030df438d29528ea5aa1935d5e0fd","marker":"m_config.clustering.center_role_tolerance_atr","lines":[163,362,364]}]
master.auction.enabled	AUCTION_GRAMMAR	bool	CONSTANT	{"mode":"CONSTANT","value":true,"distinct_count":1,"distinct_values":[true]}	RECOVERED_FROM_COLLECTION_ENVIRONMENT	NOT_RUN_BOUND_NO_EX5_OR_EXPANDED_MASTER_CONFIG_IN_RUN_RECEIPT	SEMANTICALLY_CONSUMED	MASTER_INTERNAL_CONFIG_HASH_NOT_RUN_RECORDED	[{"kind":"SEALED_SOURCE_CLOSURE","logical_path":"Include/MasterStructure/MasterAuctionTypes.mqh","sha256":"eebceed692eaeed4a4fc987488dba5c34b5d6045a962d83135001a7831b74f3b","marker":"cfg.enabled","lines":[419]},{"kind":"SEALED_SOURCE_CLOSURE","logical_path":"Include/MasterStructure/MasterController.mqh","sha256":"237ee3d3c8197ee19c9d2f65d746e9b0386030df438d29528ea5aa1935d5e0fd","marker":"m_config.auction.enabled","lines":[165]}]
master.lifecycle.retire_after_rebuilds	NODE_LIFECYCLE	int	CONSTANT	{"mode":"CONSTANT","value":3,"distinct_count":1,"distinct_values":[3]}	RECOVERED_FROM_COLLECTION_ENVIRONMENT	NOT_RUN_BOUND_NO_EX5_OR_EXPANDED_MASTER_CONFIG_IN_RUN_RECEIPT	SEMANTICALLY_CONSUMED	MASTER_INTERNAL_CONFIG_HASH_NOT_RUN_RECORDED	[{"kind":"SEALED_SOURCE_CLOSURE","logical_path":"Include/MasterStructure/MasterTypes.mqh","sha256":"ec80e5a2770bd55048990111ca96af9bd18eb17b06f8057cd1bafbe3d1fa7d8e","marker":"cfg.retire_after_rebuilds","lines":[350]},{"kind":"SEALED_SOURCE_CLOSURE","logical_path":"Include/MasterStructure/MasterController.mqh","sha256":"237ee3d3c8197ee19c9d2f65d746e9b0386030df438d29528ea5aa1935d5e0fd","marker":"m_config.lifecycle.retire_after_rebuilds","lines":[164,532]}]
master.clustering.max_levels	CLUSTERING	int	CONSTANT	{"mode":"CONSTANT","value":1024,"distinct_count":1,"distinct_values":[1024]}	RECOVERED_FROM_COLLECTION_ENVIRONMENT	NOT_RUN_BOUND_NO_EX5_OR_EXPANDED_MASTER_CONFIG_IN_RUN_RECEIPT	SEMANTICALLY_CONSUMED	MASTER_INTERNAL_CONFIG_HASH_NOT_RUN_RECORDED	[{"kind":"SEALED_SOURCE_CLOSURE","logical_path":"Include/MasterStructure/MasterTypes.mqh","sha256":"ec80e5a2770bd55048990111ca96af9bd18eb17b06f8057cd1bafbe3d1fa7d8e","marker":"cfg.max_levels","lines":[479]},{"kind":"SEALED_SOURCE_CLOSURE","logical_path":"Include/MasterStructure/MasterController.mqh","sha256":"237ee3d3c8197ee19c9d2f65d746e9b0386030df438d29528ea5aa1935d5e0fd","marker":"m_config.clustering.max_levels","lines":[161,284,529,761]}]
master.clustering.min_samples	CLUSTERING	int	CONSTANT	{"mode":"CONSTANT","value":2,"distinct_count":1,"distinct_values":[2]}	RECOVERED_FROM_COLLECTION_ENVIRONMENT	NOT_RUN_BOUND_NO_EX5_OR_EXPANDED_MASTER_CONFIG_IN_RUN_RECEIPT	SEMANTICALLY_CONSUMED	MASTER_INTERNAL_CONFIG_HASH_NOT_RUN_RECORDED	[{"kind":"SEALED_SOURCE_CLOSURE","logical_path":"Include/MasterStructure/MasterTypes.mqh","sha256":"ec80e5a2770bd55048990111ca96af9bd18eb17b06f8057cd1bafbe3d1fa7d8e","marker":"cfg.min_samples","lines":[478]},{"kind":"SEALED_SOURCE_CLOSURE","logical_path":"Include/MasterStructure/MasterController.mqh","sha256":"237ee3d3c8197ee19c9d2f65d746e9b0386030df438d29528ea5aa1935d5e0fd","marker":"m_config.clustering.min_samples","lines":[160,528]}]
master.clustering.use_interval_distance	CLUSTERING	bool	CONSTANT	{"mode":"CONSTANT","value":true,"distinct_count":1,"distinct_values":[true]}	RECOVERED_FROM_COLLECTION_ENVIRONMENT	NOT_RUN_BOUND_NO_EX5_OR_EXPANDED_MASTER_CONFIG_IN_RUN_RECEIPT	SEMANTICALLY_CONSUMED	MASTER_INTERNAL_CONFIG_HASH_NOT_RUN_RECORDED	[{"kind":"SEALED_SOURCE_CLOSURE","logical_path":"Include/MasterStructure/MasterTypes.mqh","sha256":"ec80e5a2770bd55048990111ca96af9bd18eb17b06f8057cd1bafbe3d1fa7d8e","marker":"cfg.use_interval_distance","lines":[481]},{"kind":"SEALED_SOURCE_CLOSURE","logical_path":"Include/MasterStructure/MasterController.mqh","sha256":"237ee3d3c8197ee19c9d2f65d746e9b0386030df438d29528ea5aa1935d5e0fd","marker":"m_config.clustering.use_interval_distance","lines":[162]}]
master.clustering.max_nodes	CLUSTERING	int	CONSTANT	{"mode":"CONSTANT","value":256,"distinct_count":1,"distinct_values":[256]}	RECOVERED_FROM_COLLECTION_ENVIRONMENT	NOT_RUN_BOUND_NO_EX5_OR_EXPANDED_MASTER_CONFIG_IN_RUN_RECEIPT	SEMANTICALLY_CONSUMED	MASTER_INTERNAL_CONFIG_HASH_NOT_RUN_RECORDED	[{"kind":"SEALED_SOURCE_CLOSURE","logical_path":"Include/MasterStructure/MasterTypes.mqh","sha256":"ec80e5a2770bd55048990111ca96af9bd18eb17b06f8057cd1bafbe3d1fa7d8e","marker":"cfg.max_nodes","lines":[480]},{"kind":"SEALED_SOURCE_CLOSURE","logical_path":"Include/MasterStructure/MasterController.mqh","sha256":"237ee3d3c8197ee19c9d2f65d746e9b0386030df438d29528ea5aa1935d5e0fd","marker":"m_config.clustering.max_nodes","lines":[161,529]}]
master.wayne.periods_to_keep	WAYNE	int	CONSTANT	{"mode":"CONSTANT","value":20,"distinct_count":1,"distinct_values":[20]}	RECOVERED_FROM_COLLECTION_ENVIRONMENT	NOT_RUN_BOUND_NO_EX5_OR_EXPANDED_MASTER_CONFIG_IN_RUN_RECEIPT	SEMANTICALLY_CONSUMED	MASTER_INTERNAL_CONFIG_HASH_NOT_RUN_RECORDED	[{"kind":"SEALED_SOURCE_CLOSURE","logical_path":"Include/01wayne.mqh","sha256":"fd81fc9c667272c15c4005ad65f9821863050d45ee4437171809946c23c94f77","marker":"cfg.periods_to_keep","lines":[179,351,528]},{"kind":"SEALED_SOURCE_CLOSURE","logical_path":"Include/01wayne.mqh","sha256":"fd81fc9c667272c15c4005ad65f9821863050d45ee4437171809946c23c94f77","marker":"m_cfg.periods_to_keep","lines":[351,528]}]
master.volkitt.profile_session	VOLKITT	enum	CONSTANT	{"mode":"CONSTANT","value":"KVP_PROFILE_DAILY","distinct_count":1,"distinct_values":["KVP_PROFILE_DAILY"]}	RECOVERED_FROM_COLLECTION_ENVIRONMENT	NOT_RUN_BOUND_NO_EX5_OR_EXPANDED_MASTER_CONFIG_IN_RUN_RECEIPT	SEMANTICALLY_CONSUMED	MASTER_INTERNAL_CONFIG_HASH_NOT_RUN_RECORDED	[{"kind":"SEALED_SOURCE_CLOSURE","logical_path":"Include/01Marketmain.mqh","sha256":"c684af82ce1d313f590aed7a7072119e6864407fb20fcdd2c651e8984189987f","marker":"cfg.profile_session","lines":[394,1510,1511,1512,1584,1681]},{"kind":"SEALED_SOURCE_CLOSURE","logical_path":"Include/01Marketmain.mqh","sha256":"c684af82ce1d313f590aed7a7072119e6864407fb20fcdd2c651e8984189987f","marker":"m_cfg.profile_session","lines":[1510,1511,1512,1584,1681]}]
master.volkitt.enable_profile	VOLKITT	bool	CONSTANT	{"mode":"CONSTANT","value":true,"distinct_count":1,"distinct_values":[true]}	RECOVERED_FROM_COLLECTION_ENVIRONMENT	NOT_RUN_BOUND_NO_EX5_OR_EXPANDED_MASTER_CONFIG_IN_RUN_RECEIPT	SEMANTICALLY_CONSUMED	MASTER_INTERNAL_CONFIG_HASH_NOT_RUN_RECORDED	[{"kind":"SEALED_SOURCE_CLOSURE","logical_path":"Include/01Marketmain.mqh","sha256":"c684af82ce1d313f590aed7a7072119e6864407fb20fcdd2c651e8984189987f","marker":"cfg.enable_profile","lines":[393,1847,2276]},{"kind":"SEALED_SOURCE_CLOSURE","logical_path":"Include/01Marketmain.mqh","sha256":"c684af82ce1d313f590aed7a7072119e6864407fb20fcdd2c651e8984189987f","marker":"m_cfg.enable_profile","lines":[1847,2276]}]
master.volkitt.value_area_percent	VOLKITT	int	CONSTANT	{"mode":"CONSTANT","value":70,"distinct_count":1,"distinct_values":[70]}	RECOVERED_FROM_COLLECTION_ENVIRONMENT	NOT_RUN_BOUND_NO_EX5_OR_EXPANDED_MASTER_CONFIG_IN_RUN_RECEIPT	SEMANTICALLY_CONSUMED	MASTER_INTERNAL_CONFIG_HASH_NOT_RUN_RECORDED	[{"kind":"SEALED_SOURCE_CLOSURE","logical_path":"Include/01Marketmain.mqh","sha256":"c684af82ce1d313f590aed7a7072119e6864407fb20fcdd2c651e8984189987f","marker":"cfg.value_area_percent","lines":[396,1762,2169]},{"kind":"SEALED_SOURCE_CLOSURE","logical_path":"Include/01Marketmain.mqh","sha256":"c684af82ce1d313f590aed7a7072119e6864407fb20fcdd2c651e8984189987f","marker":"m_cfg.value_area_percent","lines":[1762,2169]}]
master.volkitt.profiles_to_keep	VOLKITT	int	CONSTANT	{"mode":"CONSTANT","value":2,"distinct_count":1,"distinct_values":[2]}	RECOVERED_FROM_COLLECTION_ENVIRONMENT	NOT_RUN_BOUND_NO_EX5_OR_EXPANDED_MASTER_CONFIG_IN_RUN_RECEIPT	SEMANTICALLY_CONSUMED	MASTER_INTERNAL_CONFIG_HASH_NOT_RUN_RECORDED	[{"kind":"SEALED_SOURCE_CLOSURE","logical_path":"Include/01Marketmain.mqh","sha256":"c684af82ce1d313f590aed7a7072119e6864407fb20fcdd2c651e8984189987f","marker":"cfg.profiles_to_keep","lines":[395,1857,2168]},{"kind":"SEALED_SOURCE_CLOSURE","logical_path":"Include/01Marketmain.mqh","sha256":"c684af82ce1d313f590aed7a7072119e6864407fb20fcdd2c651e8984189987f","marker":"m_cfg.profiles_to_keep","lines":[1857,2168]}]
master.volkitt.sentinel_min_stretch_atr	VOLKITT	double	CONSTANT	{"mode":"CONSTANT","value":1,"distinct_count":1,"distinct_values":[1]}	RECOVERED_FROM_COLLECTION_ENVIRONMENT	NOT_RUN_BOUND_NO_EX5_OR_EXPANDED_MASTER_CONFIG_IN_RUN_RECEIPT	SEMANTICALLY_CONSUMED	MASTER_INTERNAL_CONFIG_HASH_NOT_RUN_RECORDED	[{"kind":"SEALED_SOURCE_CLOSURE","logical_path":"Include/01Marketmain.mqh","sha256":"c684af82ce1d313f590aed7a7072119e6864407fb20fcdd2c651e8984189987f","marker":"cfg.sentinel_min_stretch_atr","lines":[389,1238,1242]},{"kind":"SEALED_SOURCE_CLOSURE","logical_path":"Include/01Marketmain.mqh","sha256":"c684af82ce1d313f590aed7a7072119e6864407fb20fcdd2c651e8984189987f","marker":"m_cfg.sentinel_min_stretch_atr","lines":[1238,1242]}]
master.volkitt.sentinel_arm_gap_fraction	VOLKITT	double	CONSTANT	{"mode":"CONSTANT","value":0.25,"distinct_count":1,"distinct_values":[0.25]}	RECOVERED_FROM_COLLECTION_ENVIRONMENT	NOT_RUN_BOUND_NO_EX5_OR_EXPANDED_MASTER_CONFIG_IN_RUN_RECEIPT	SEMANTICALLY_CONSUMED	MASTER_INTERNAL_CONFIG_HASH_NOT_RUN_RECORDED	[{"kind":"SEALED_SOURCE_CLOSURE","logical_path":"Include/01Marketmain.mqh","sha256":"c684af82ce1d313f590aed7a7072119e6864407fb20fcdd2c651e8984189987f","marker":"cfg.sentinel_arm_gap_fraction","lines":[388,1119]},{"kind":"SEALED_SOURCE_CLOSURE","logical_path":"Include/01Marketmain.mqh","sha256":"c684af82ce1d313f590aed7a7072119e6864407fb20fcdd2c651e8984189987f","marker":"m_cfg.sentinel_arm_gap_fraction","lines":[1119]}]
master.volkitt.sentinel_reentry_bars	VOLKITT	int	CONSTANT	{"mode":"CONSTANT","value":3,"distinct_count":1,"distinct_values":[3]}	RECOVERED_FROM_COLLECTION_ENVIRONMENT	NOT_RUN_BOUND_NO_EX5_OR_EXPANDED_MASTER_CONFIG_IN_RUN_RECEIPT	SEMANTICALLY_CONSUMED	MASTER_INTERNAL_CONFIG_HASH_NOT_RUN_RECORDED	[{"kind":"SEALED_SOURCE_CLOSURE","logical_path":"Include/01Marketmain.mqh","sha256":"c684af82ce1d313f590aed7a7072119e6864407fb20fcdd2c651e8984189987f","marker":"cfg.sentinel_reentry_bars","lines":[391,1170,2167]},{"kind":"SEALED_SOURCE_CLOSURE","logical_path":"Include/01Marketmain.mqh","sha256":"c684af82ce1d313f590aed7a7072119e6864407fb20fcdd2c651e8984189987f","marker":"m_cfg.sentinel_reentry_bars","lines":[1170,2167]}]
master.volkitt.sentinel_reentry_buffer_atr	VOLKITT	double	CONSTANT	{"mode":"CONSTANT","value":0.25,"distinct_count":1,"distinct_values":[0.25]}	RECOVERED_FROM_COLLECTION_ENVIRONMENT	NOT_RUN_BOUND_NO_EX5_OR_EXPANDED_MASTER_CONFIG_IN_RUN_RECEIPT	SEMANTICALLY_CONSUMED	MASTER_INTERNAL_CONFIG_HASH_NOT_RUN_RECORDED	[{"kind":"SEALED_SOURCE_CLOSURE","logical_path":"Include/01Marketmain.mqh","sha256":"c684af82ce1d313f590aed7a7072119e6864407fb20fcdd2c651e8984189987f","marker":"cfg.sentinel_reentry_buffer_atr","lines":[390,1168]},{"kind":"SEALED_SOURCE_CLOSURE","logical_path":"Include/01Marketmain.mqh","sha256":"c684af82ce1d313f590aed7a7072119e6864407fb20fcdd2c651e8984189987f","marker":"m_cfg.sentinel_reentry_buffer_atr","lines":[1168]}]
master.volkitt.prominent_poc_percent	VOLKITT	double	CONSTANT	{"mode":"CONSTANT","value":101,"distinct_count":1,"distinct_values":[101]}	RECOVERED_FROM_COLLECTION_ENVIRONMENT	NOT_RUN_BOUND_NO_EX5_OR_EXPANDED_MASTER_CONFIG_IN_RUN_RECEIPT	SEMANTICALLY_CONSUMED	MASTER_INTERNAL_CONFIG_HASH_NOT_RUN_RECORDED	[{"kind":"SEALED_SOURCE_CLOSURE","logical_path":"Include/01Marketmain.mqh","sha256":"c684af82ce1d313f590aed7a7072119e6864407fb20fcdd2c651e8984189987f","marker":"cfg.prominent_poc_percent","lines":[402,1811]},{"kind":"SEALED_SOURCE_CLOSURE","logical_path":"Include/01Marketmain.mqh","sha256":"c684af82ce1d313f590aed7a7072119e6864407fb20fcdd2c651e8984189987f","marker":"m_cfg.prominent_poc_percent","lines":[1811]}]
master.volkitt.enable_single_prints	VOLKITT	bool	CONSTANT	{"mode":"CONSTANT","value":false,"distinct_count":1,"distinct_values":[false]}	RECOVERED_FROM_COLLECTION_ENVIRONMENT	NOT_RUN_BOUND_NO_EX5_OR_EXPANDED_MASTER_CONFIG_IN_RUN_RECEIPT	SEMANTICALLY_CONSUMED	MASTER_INTERNAL_CONFIG_HASH_NOT_RUN_RECORDED	[{"kind":"SEALED_SOURCE_CLOSURE","logical_path":"Include/01Marketmain.mqh","sha256":"c684af82ce1d313f590aed7a7072119e6864407fb20fcdd2c651e8984189987f","marker":"cfg.enable_single_prints","lines":[401,1817,2063]},{"kind":"SEALED_SOURCE_CLOSURE","logical_path":"Include/01Marketmain.mqh","sha256":"c684af82ce1d313f590aed7a7072119e6864407fb20fcdd2c651e8984189987f","marker":"m_cfg.enable_single_prints","lines":[1817,2063]}]
master.day_swings.confirm_reject_break_on_close	DAY_SWINGS	bool	CONSTANT	{"mode":"CONSTANT","value":true,"distinct_count":1,"distinct_values":[true]}	RECOVERED_FROM_COLLECTION_ENVIRONMENT	NOT_RUN_BOUND_NO_EX5_OR_EXPANDED_MASTER_CONFIG_IN_RUN_RECEIPT	SEMANTICALLY_CONSUMED	MASTER_INTERNAL_CONFIG_HASH_NOT_RUN_RECORDED	[{"kind":"SEALED_SOURCE_CLOSURE","logical_path":"Include/01dayswings.mqh","sha256":"d8d96be1a0773018731bbe27642ebbfc5ddf064569d65588d4a2a65b8e8bd0c5","marker":"cfg.confirm_reject_break_on_close","lines":[153,449]},{"kind":"SEALED_SOURCE_CLOSURE","logical_path":"Include/01dayswings.mqh","sha256":"d8d96be1a0773018731bbe27642ebbfc5ddf064569d65588d4a2a65b8e8bd0c5","marker":"m_cfg.confirm_reject_break_on_close","lines":[449]}]
master.day_swings.days_to_keep	DAY_SWINGS	int	CONSTANT	{"mode":"CONSTANT","value":5,"distinct_count":1,"distinct_values":[5]}	RECOVERED_FROM_COLLECTION_ENVIRONMENT	NOT_RUN_BOUND_NO_EX5_OR_EXPANDED_MASTER_CONFIG_IN_RUN_RECEIPT	SEMANTICALLY_CONSUMED	MASTER_INTERNAL_CONFIG_HASH_NOT_RUN_RECORDED	[{"kind":"SEALED_SOURCE_CLOSURE","logical_path":"Include/01dayswings.mqh","sha256":"d8d96be1a0773018731bbe27642ebbfc5ddf064569d65588d4a2a65b8e8bd0c5","marker":"cfg.days_to_keep","lines":[152,560,561]},{"kind":"SEALED_SOURCE_CLOSURE","logical_path":"Include/01dayswings.mqh","sha256":"d8d96be1a0773018731bbe27642ebbfc5ddf064569d65588d4a2a65b8e8bd0c5","marker":"m_cfg.days_to_keep","lines":[560,561]}]
master.volkitt.max_profile_bins	VOLKITT	int	CONSTANT	{"mode":"CONSTANT","value":12000,"distinct_count":1,"distinct_values":[12000]}	RECOVERED_FROM_COLLECTION_ENVIRONMENT	NOT_RUN_BOUND_NO_EX5_OR_EXPANDED_MASTER_CONFIG_IN_RUN_RECEIPT	SEMANTICALLY_CONSUMED	MASTER_INTERNAL_CONFIG_HASH_NOT_RUN_RECORDED	[{"kind":"SEALED_SOURCE_CLOSURE","logical_path":"Include/01Marketmain.mqh","sha256":"c684af82ce1d313f590aed7a7072119e6864407fb20fcdd2c651e8984189987f","marker":"cfg.max_profile_bins","lines":[398,1663,1716,2170]},{"kind":"SEALED_SOURCE_CLOSURE","logical_path":"Include/01Marketmain.mqh","sha256":"c684af82ce1d313f590aed7a7072119e6864407fb20fcdd2c651e8984189987f","marker":"m_cfg.max_profile_bins","lines":[1663,1716,2170]}]
master.volkitt.point_multiplier	VOLKITT	int	CONSTANT	{"mode":"CONSTANT","value":0,"distinct_count":1,"distinct_values":[0]}	RECOVERED_FROM_COLLECTION_ENVIRONMENT	NOT_RUN_BOUND_NO_EX5_OR_EXPANDED_MASTER_CONFIG_IN_RUN_RECEIPT	SEMANTICALLY_CONSUMED	MASTER_INTERNAL_CONFIG_HASH_NOT_RUN_RECORDED	[{"kind":"SEALED_SOURCE_CLOSURE","logical_path":"Include/01Marketmain.mqh","sha256":"c684af82ce1d313f590aed7a7072119e6864407fb20fcdd2c651e8984189987f","marker":"cfg.point_multiplier","lines":[397,1634]},{"kind":"SEALED_SOURCE_CLOSURE","logical_path":"Include/01Marketmain.mqh","sha256":"c684af82ce1d313f590aed7a7072119e6864407fb20fcdd2c651e8984189987f","marker":"m_cfg.point_multiplier","lines":[1634]}]
master.volkitt.intraday_end_minute	VOLKITT	int	CONSTANT	{"mode":"CONSTANT","value":1440,"distinct_count":1,"distinct_values":[1440]}	RECOVERED_FROM_COLLECTION_ENVIRONMENT	NOT_RUN_BOUND_NO_EX5_OR_EXPANDED_MASTER_CONFIG_IN_RUN_RECEIPT	SEMANTICALLY_CONSUMED	MASTER_INTERNAL_CONFIG_HASH_NOT_RUN_RECORDED	[{"kind":"SEALED_SOURCE_CLOSURE","logical_path":"Include/01Marketmain.mqh","sha256":"c684af82ce1d313f590aed7a7072119e6864407fb20fcdd2c651e8984189987f","marker":"cfg.intraday_end_minute","lines":[400,1522]},{"kind":"SEALED_SOURCE_CLOSURE","logical_path":"Include/01Marketmain.mqh","sha256":"c684af82ce1d313f590aed7a7072119e6864407fb20fcdd2c651e8984189987f","marker":"m_cfg.intraday_end_minute","lines":[1522]}]
master.volkitt.intraday_start_minute	VOLKITT	int	CONSTANT	{"mode":"CONSTANT","value":0,"distinct_count":1,"distinct_values":[0]}	RECOVERED_FROM_COLLECTION_ENVIRONMENT	NOT_RUN_BOUND_NO_EX5_OR_EXPANDED_MASTER_CONFIG_IN_RUN_RECEIPT	SEMANTICALLY_CONSUMED	MASTER_INTERNAL_CONFIG_HASH_NOT_RUN_RECORDED	[{"kind":"SEALED_SOURCE_CLOSURE","logical_path":"Include/01Marketmain.mqh","sha256":"c684af82ce1d313f590aed7a7072119e6864407fb20fcdd2c651e8984189987f","marker":"cfg.intraday_start_minute","lines":[399,1521]},{"kind":"SEALED_SOURCE_CLOSURE","logical_path":"Include/01Marketmain.mqh","sha256":"c684af82ce1d313f590aed7a7072119e6864407fb20fcdd2c651e8984189987f","marker":"m_cfg.intraday_start_minute","lines":[1521]}]
master.auction.approach_radius_atr	AUCTION_GRAMMAR	double	CONSTANT	{"mode":"CONSTANT","value":0.5,"distinct_count":1,"distinct_values":[0.5]}	RECOVERED_FROM_COLLECTION_ENVIRONMENT	NOT_RUN_BOUND_NO_EX5_OR_EXPANDED_MASTER_CONFIG_IN_RUN_RECEIPT	SEMANTICALLY_CONSUMED	MASTER_INTERNAL_CONFIG_HASH_NOT_RUN_RECORDED	[{"kind":"SEALED_SOURCE_CLOSURE","logical_path":"Include/MasterStructure/MasterAuctionTypes.mqh","sha256":"eebceed692eaeed4a4fc987488dba5c34b5d6045a962d83135001a7831b74f3b","marker":"cfg.approach_radius_atr","lines":[420]},{"kind":"SEALED_SOURCE_CLOSURE","logical_path":"Include/MasterStructure/MasterController.mqh","sha256":"237ee3d3c8197ee19c9d2f65d746e9b0386030df438d29528ea5aa1935d5e0fd","marker":"m_config.auction.approach_radius_atr","lines":[165,534]}]
version.expansion_grammar	VERSION_IDENTITY	int	CONSTANT	{"mode":"CONSTANT","value":1,"distinct_count":1,"distinct_values":[1]}	RUN_RECORDED_AND_RECOVERED_SOURCE	VALUE_SERIALIZED_IN_ALL_42_RUN_LEDGERS	SERIALIZED_IDENTITY	RG3_CONFIG_HASH_OR_RUN_LEDGER	[{"kind":"SEALED_SOURCE_CLOSURE","logical_path":"Include/MarketObjectResearch/MarketObjectTypes.mqh","sha256":"376c4a69d3e60457f4eec502eee4e678f559a463d72133bb79e0c9e5f9297f4c","marker":"#define MOR_EXPANSION_GRAMMAR_VERSION","lines":[8]},{"kind":"SEALED_SOURCE_CLOSURE","logical_path":"Include/MarketObjectResearch/MarketObjectLogger.mqh","sha256":"c7b6f4ddcf0c9bc3deb4fb0d44b56e962b5dd6775e267594fcb198334b207fb6","marker":"MOR_EXPANSION_GRAMMAR_VERSION","lines":[67]},{"kind":"SEALED_RUN_LEDGER_SET","locator":"measurement_runs.tsv::END.expansion_grammar_version","admitted_run_count":42,"run_ledger_set_sha256":"8dfc1bb2a21fe6bc4a03ae97f32d029519b384eaa59114d3c33325694001915c"}]
version.compression_grammar	VERSION_IDENTITY	int	CONSTANT	{"mode":"CONSTANT","value":2,"distinct_count":1,"distinct_values":[2]}	RUN_RECORDED_AND_RECOVERED_SOURCE	VALUE_SERIALIZED_IN_ALL_42_RUN_LEDGERS	SERIALIZED_IDENTITY	RG3_CONFIG_HASH_OR_RUN_LEDGER	[{"kind":"SEALED_SOURCE_CLOSURE","logical_path":"Include/MarketObjectResearch/MarketObjectTypes.mqh","sha256":"376c4a69d3e60457f4eec502eee4e678f559a463d72133bb79e0c9e5f9297f4c","marker":"#define MOR_COMPRESSION_GRAMMAR_VERSION","lines":[7]},{"kind":"SEALED_SOURCE_CLOSURE","logical_path":"Include/MarketObjectResearch/MarketObjectLogger.mqh","sha256":"c7b6f4ddcf0c9bc3deb4fb0d44b56e962b5dd6775e267594fcb198334b207fb6","marker":"MOR_COMPRESSION_GRAMMAR_VERSION","lines":[67]},{"kind":"SEALED_RUN_LEDGER_SET","locator":"measurement_runs.tsv::END.compression_grammar_version","admitted_run_count":42,"run_ledger_set_sha256":"8dfc1bb2a21fe6bc4a03ae97f32d029519b384eaa59114d3c33325694001915c"}]
version.master_research_generation	VERSION_IDENTITY	int	CONSTANT	{"mode":"CONSTANT","value":2,"distinct_count":1,"distinct_values":[2]}	RECOVERED_FROM_COLLECTION_ENVIRONMENT	NOT_RUN_BOUND_NO_EX5_OR_EXPANDED_MASTER_CONFIG_IN_RUN_RECEIPT	HASHED_IDENTITY	RG3_CONFIG_HASH	[{"kind":"SEALED_SOURCE_CLOSURE","logical_path":"Include/MasterStructure/MasterTypes.mqh","sha256":"ec80e5a2770bd55048990111ca96af9bd18eb17b06f8057cd1bafbe3d1fa7d8e","marker":"#define MST_RESEARCH_GENERATION","lines":[8]},{"kind":"SEALED_SOURCE_CLOSURE","logical_path":"Indicators/MarketObjectResearch/MarketObjectCollector.mq5","sha256":"9b3910dc437410e95eb2aa692fa2ccc484ad9f8ca705d8724d6dec2420bd0779","marker":"MST_RESEARCH_GENERATION","lines":[101]}]
version.rg3_contract	VERSION_IDENTITY	string	CONSTANT	{"mode":"CONSTANT","value":"NORTHSTAR_RG3_RAW_MARKET_OBJECTS_V1","distinct_count":1,"distinct_values":["NORTHSTAR_RG3_RAW_MARKET_OBJECTS_V1"]}	RUN_RECORDED_AND_RECOVERED_SOURCE	VALUE_SERIALIZED_IN_ALL_42_RUN_LEDGERS	SERIALIZED_IDENTITY	RG3_CONFIG_HASH_OR_RUN_LEDGER	[{"kind":"SEALED_SOURCE_CLOSURE","logical_path":"Include/MarketObjectResearch/MarketObjectTypes.mqh","sha256":"376c4a69d3e60457f4eec502eee4e678f559a463d72133bb79e0c9e5f9297f4c","marker":"#define MOR_CONTRACT_ID","lines":[9]},{"kind":"SEALED_SOURCE_CLOSURE","logical_path":"Include/MarketObjectResearch/MarketObjectLogger.mqh","sha256":"c7b6f4ddcf0c9bc3deb4fb0d44b56e962b5dd6775e267594fcb198334b207fb6","marker":"MOR_CONTRACT_ID","lines":[67]},{"kind":"SEALED_RUN_LEDGER_SET","locator":"measurement_runs.tsv::END.contract","admitted_run_count":42,"run_ledger_set_sha256":"8dfc1bb2a21fe6bc4a03ae97f32d029519b384eaa59114d3c33325694001915c"}]
version.rg3_research_generation	VERSION_IDENTITY	int	CONSTANT	{"mode":"CONSTANT","value":3,"distinct_count":1,"distinct_values":[3]}	RUN_RECORDED_AND_RECOVERED_SOURCE	VALUE_SERIALIZED_IN_ALL_42_RUN_LEDGERS	SERIALIZED_IDENTITY	RG3_CONFIG_HASH_OR_RUN_LEDGER	[{"kind":"SEALED_SOURCE_CLOSURE","logical_path":"Include/MarketObjectResearch/MarketObjectTypes.mqh","sha256":"376c4a69d3e60457f4eec502eee4e678f559a463d72133bb79e0c9e5f9297f4c","marker":"#define MOR_RESEARCH_GENERATION","lines":[4]},{"kind":"SEALED_SOURCE_CLOSURE","logical_path":"Include/MarketObjectResearch/MarketObjectLogger.mqh","sha256":"c7b6f4ddcf0c9bc3deb4fb0d44b56e962b5dd6775e267594fcb198334b207fb6","marker":"MOR_RESEARCH_GENERATION","lines":[67]},{"kind":"SEALED_RUN_LEDGER_SET","locator":"measurement_runs.tsv::END.research_generation","admitted_run_count":42,"run_ledger_set_sha256":"8dfc1bb2a21fe6bc4a03ae97f32d029519b384eaa59114d3c33325694001915c"}]
master.research_window_end	MASTER_IDENTITY	per_run	CONSTANT	{"mode":"CONSTANT","value":"collector.window_end","distinct_count":1,"distinct_values":["collector.window_end"]}	RUN_RECORDED_AND_RECOVERED_SOURCE	VALUE_DERIVED_FROM_RUN_RECORDED_COLLECTOR_FIELD	IDENTITY_AND_SEMANTICALLY_CONSUMED	NOT_IN_RG3_CONFIG_HASH	[{"kind":"SEALED_SOURCE_CLOSURE","logical_path":"Indicators/MarketObjectResearch/MarketObjectCollector.mq5","sha256":"9b3910dc437410e95eb2aa692fa2ccc484ad9f8ca705d8724d6dec2420bd0779","marker":"config.research_window_end=InpWindowEnd","lines":[140]},{"kind":"SEALED_SOURCE_CLOSURE","logical_path":"Include/MasterStructure/MasterController.mqh","sha256":"237ee3d3c8197ee19c9d2f65d746e9b0386030df438d29528ea5aa1935d5e0fd","marker":"m_config.research_window_end","lines":[216,217,542,543,547,549]}]
version.raw_schema	VERSION_IDENTITY	int	CONSTANT	{"mode":"CONSTANT","value":1,"distinct_count":1,"distinct_values":[1]}	RUN_RECORDED_AND_RECOVERED_SOURCE	VALUE_SERIALIZED_IN_ALL_42_RUN_LEDGERS	SERIALIZED_IDENTITY	RG3_CONFIG_HASH_OR_RUN_LEDGER	[{"kind":"SEALED_SOURCE_CLOSURE","logical_path":"Include/MarketObjectResearch/MarketObjectTypes.mqh","sha256":"376c4a69d3e60457f4eec502eee4e678f559a463d72133bb79e0c9e5f9297f4c","marker":"#define MOR_RAW_SCHEMA_VERSION","lines":[6]},{"kind":"SEALED_SOURCE_CLOSURE","logical_path":"Include/MarketObjectResearch/MarketObjectLogger.mqh","sha256":"c7b6f4ddcf0c9bc3deb4fb0d44b56e962b5dd6775e267594fcb198334b207fb6","marker":"MOR_RAW_SCHEMA_VERSION","lines":[67]},{"kind":"SEALED_RUN_LEDGER_SET","locator":"measurement_runs.tsv::END.raw_schema_version","admitted_run_count":42,"run_ledger_set_sha256":"8dfc1bb2a21fe6bc4a03ae97f32d029519b384eaa59114d3c33325694001915c"}]
version.source_auction_generation	VERSION_IDENTITY	int	CONSTANT	{"mode":"CONSTANT","value":2,"distinct_count":1,"distinct_values":[2]}	RUN_RECORDED_AND_RECOVERED_SOURCE	VALUE_SERIALIZED_IN_ALL_42_RUN_LEDGERS	SERIALIZED_IDENTITY	RG3_CONFIG_HASH_OR_RUN_LEDGER	[{"kind":"SEALED_SOURCE_CLOSURE","logical_path":"Include/MarketObjectResearch/MarketObjectTypes.mqh","sha256":"376c4a69d3e60457f4eec502eee4e678f559a463d72133bb79e0c9e5f9297f4c","marker":"#define MOR_SOURCE_AUCTION_GENERATION","lines":[5]},{"kind":"SEALED_SOURCE_CLOSURE","logical_path":"Include/MarketObjectResearch/MarketObjectLogger.mqh","sha256":"c7b6f4ddcf0c9bc3deb4fb0d44b56e962b5dd6775e267594fcb198334b207fb6","marker":"MOR_SOURCE_AUCTION_GENERATION","lines":[67]},{"kind":"SEALED_RUN_LEDGER_SET","locator":"measurement_runs.tsv::END.source_auction_generation","admitted_run_count":42,"run_ledger_set_sha256":"8dfc1bb2a21fe6bc4a03ae97f32d029519b384eaa59114d3c33325694001915c"}]
version.master_producer_bundle	VERSION_IDENTITY	int	CONSTANT	{"mode":"CONSTANT","value":1,"distinct_count":1,"distinct_values":[1]}	RECOVERED_FROM_COLLECTION_ENVIRONMENT	NOT_RUN_BOUND_NO_EX5_OR_EXPANDED_MASTER_CONFIG_IN_RUN_RECEIPT	HASHED_IDENTITY	RG3_CONFIG_HASH	[{"kind":"SEALED_SOURCE_CLOSURE","logical_path":"Include/MasterStructure/MasterTypes.mqh","sha256":"ec80e5a2770bd55048990111ca96af9bd18eb17b06f8057cd1bafbe3d1fa7d8e","marker":"#define MST_PRODUCER_BUNDLE_VERSION","lines":[14]},{"kind":"SEALED_SOURCE_CLOSURE","logical_path":"Indicators/MarketObjectResearch/MarketObjectCollector.mq5","sha256":"9b3910dc437410e95eb2aa692fa2ccc484ad9f8ca705d8724d6dec2420bd0779","marker":"MST_PRODUCER_BUNDLE_VERSION","lines":[103]}]
version.master_dataset_schema	VERSION_IDENTITY	int	CONSTANT	{"mode":"CONSTANT","value":7,"distinct_count":1,"distinct_values":[7]}	RECOVERED_FROM_COLLECTION_ENVIRONMENT	NOT_RUN_BOUND_NO_EX5_OR_EXPANDED_MASTER_CONFIG_IN_RUN_RECEIPT	HASHED_IDENTITY	RG3_CONFIG_HASH	[{"kind":"SEALED_SOURCE_CLOSURE","logical_path":"Include/MasterStructure/MasterTypes.mqh","sha256":"ec80e5a2770bd55048990111ca96af9bd18eb17b06f8057cd1bafbe3d1fa7d8e","marker":"#define MST_DATASET_SCHEMA_VERSION","lines":[13]},{"kind":"SEALED_SOURCE_CLOSURE","logical_path":"Indicators/MarketObjectResearch/MarketObjectCollector.mq5","sha256":"9b3910dc437410e95eb2aa692fa2ccc484ad9f8ca705d8724d6dec2420bd0779","marker":"MST_DATASET_SCHEMA_VERSION","lines":[103]}]
version.master_research_preset	VERSION_IDENTITY	string	CONSTANT	{"mode":"CONSTANT","value":"RG2_M5_SIX_INDEX_V1","distinct_count":1,"distinct_values":["RG2_M5_SIX_INDEX_V1"]}	RECOVERED_FROM_COLLECTION_ENVIRONMENT	NOT_RUN_BOUND_NO_EX5_OR_EXPANDED_MASTER_CONFIG_IN_RUN_RECEIPT	HASHED_IDENTITY	MASTER_INTERNAL_CONFIG_HASH_NOT_RUN_RECORDED	[{"kind":"SEALED_SOURCE_CLOSURE","logical_path":"Include/MasterStructure/MasterTypes.mqh","sha256":"ec80e5a2770bd55048990111ca96af9bd18eb17b06f8057cd1bafbe3d1fa7d8e","marker":"#define MST_RESEARCH_PRESET_ID","lines":[18]},{"kind":"SEALED_SOURCE_CLOSURE","logical_path":"Include/MasterStructure/MasterController.mqh","sha256":"237ee3d3c8197ee19c9d2f65d746e9b0386030df438d29528ea5aa1935d5e0fd","marker":"MST_RESEARCH_PRESET_ID","lines":[203]}]
version.master_code_build	VERSION_IDENTITY	string	CONSTANT	{"mode":"CONSTANT","value":"MASTER_STRUCTURE_RG2_REPLAY_WINDOW_GATE_V1","distinct_count":1,"distinct_values":["MASTER_STRUCTURE_RG2_REPLAY_WINDOW_GATE_V1"]}	RECOVERED_FROM_COLLECTION_ENVIRONMENT	NOT_RUN_BOUND_NO_EX5_OR_EXPANDED_MASTER_CONFIG_IN_RUN_RECEIPT	HASHED_IDENTITY	RG3_CONFIG_HASH	[{"kind":"SEALED_SOURCE_CLOSURE","logical_path":"Include/MasterStructure/MasterTypes.mqh","sha256":"ec80e5a2770bd55048990111ca96af9bd18eb17b06f8057cd1bafbe3d1fa7d8e","marker":"#define MST_CODE_BUILD_ID","lines":[16]},{"kind":"SEALED_SOURCE_CLOSURE","logical_path":"Indicators/MarketObjectResearch/MarketObjectCollector.mq5","sha256":"9b3910dc437410e95eb2aa692fa2ccc484ad9f8ca705d8724d6dec2420bd0779","marker":"MST_CODE_BUILD_ID","lines":[103]}]
version.master_topology	VERSION_IDENTITY	int	CONSTANT	{"mode":"CONSTANT","value":2,"distinct_count":1,"distinct_values":[2]}	RECOVERED_FROM_COLLECTION_ENVIRONMENT	NOT_RUN_BOUND_NO_EX5_OR_EXPANDED_MASTER_CONFIG_IN_RUN_RECEIPT	HASHED_IDENTITY	RG3_CONFIG_HASH	[{"kind":"SEALED_SOURCE_CLOSURE","logical_path":"Include/MasterStructure/MasterTypes.mqh","sha256":"ec80e5a2770bd55048990111ca96af9bd18eb17b06f8057cd1bafbe3d1fa7d8e","marker":"#define MST_TOPOLOGY_VERSION","lines":[10]},{"kind":"SEALED_SOURCE_CLOSURE","logical_path":"Indicators/MarketObjectResearch/MarketObjectCollector.mq5","sha256":"9b3910dc437410e95eb2aa692fa2ccc484ad9f8ca705d8724d6dec2420bd0779","marker":"MST_TOPOLOGY_VERSION","lines":[101]}]
version.master_controller	VERSION_IDENTITY	int	CONSTANT	{"mode":"CONSTANT","value":2,"distinct_count":1,"distinct_values":[2]}	RECOVERED_FROM_COLLECTION_ENVIRONMENT	NOT_RUN_BOUND_NO_EX5_OR_EXPANDED_MASTER_CONFIG_IN_RUN_RECEIPT	HASHED_IDENTITY	RG3_CONFIG_HASH	[{"kind":"SEALED_SOURCE_CLOSURE","logical_path":"Include/MasterStructure/MasterTypes.mqh","sha256":"ec80e5a2770bd55048990111ca96af9bd18eb17b06f8057cd1bafbe3d1fa7d8e","marker":"#define MST_CONTROLLER_VERSION","lines":[9]},{"kind":"SEALED_SOURCE_CLOSURE","logical_path":"Indicators/MarketObjectResearch/MarketObjectCollector.mq5","sha256":"9b3910dc437410e95eb2aa692fa2ccc484ad9f8ca705d8724d6dec2420bd0779","marker":"MST_CONTROLLER_VERSION","lines":[101]}]
version.master_feature_schema	VERSION_IDENTITY	int	CONSTANT	{"mode":"CONSTANT","value":1,"distinct_count":1,"distinct_values":[1]}	RECOVERED_FROM_COLLECTION_ENVIRONMENT	NOT_RUN_BOUND_NO_EX5_OR_EXPANDED_MASTER_CONFIG_IN_RUN_RECEIPT	HASHED_IDENTITY	RG3_CONFIG_HASH	[{"kind":"SEALED_SOURCE_CLOSURE","logical_path":"Include/MasterStructure/MasterTypes.mqh","sha256":"ec80e5a2770bd55048990111ca96af9bd18eb17b06f8057cd1bafbe3d1fa7d8e","marker":"#define MST_FEATURE_SCHEMA_VERSION","lines":[12]},{"kind":"SEALED_SOURCE_CLOSURE","logical_path":"Indicators/MarketObjectResearch/MarketObjectCollector.mq5","sha256":"9b3910dc437410e95eb2aa692fa2ccc484ad9f8ca705d8724d6dec2420bd0779","marker":"MST_FEATURE_SCHEMA_VERSION","lines":[102]}]
version.master_auction_grammar	VERSION_IDENTITY	int	CONSTANT	{"mode":"CONSTANT","value":1,"distinct_count":1,"distinct_values":[1]}	RECOVERED_FROM_COLLECTION_ENVIRONMENT	NOT_RUN_BOUND_NO_EX5_OR_EXPANDED_MASTER_CONFIG_IN_RUN_RECEIPT	HASHED_IDENTITY	RG3_CONFIG_HASH	[{"kind":"SEALED_SOURCE_CLOSURE","logical_path":"Include/MasterStructure/MasterTypes.mqh","sha256":"ec80e5a2770bd55048990111ca96af9bd18eb17b06f8057cd1bafbe3d1fa7d8e","marker":"#define MST_AUCTION_GRAMMAR_VERSION","lines":[11]},{"kind":"SEALED_SOURCE_CLOSURE","logical_path":"Indicators/MarketObjectResearch/MarketObjectCollector.mq5","sha256":"9b3910dc437410e95eb2aa692fa2ccc484ad9f8ca705d8724d6dec2420bd0779","marker":"MST_AUCTION_GRAMMAR_VERSION","lines":[102]}]
master.research_window_start	MASTER_IDENTITY	per_run	CONSTANT	{"mode":"CONSTANT","value":"collector.window_start","distinct_count":1,"distinct_values":["collector.window_start"]}	RUN_RECORDED_AND_RECOVERED_SOURCE	VALUE_DERIVED_FROM_RUN_RECORDED_COLLECTOR_FIELD	IDENTITY_AND_SEMANTICALLY_CONSUMED	NOT_IN_RG3_CONFIG_HASH	[{"kind":"SEALED_SOURCE_CLOSURE","logical_path":"Indicators/MarketObjectResearch/MarketObjectCollector.mq5","sha256":"9b3910dc437410e95eb2aa692fa2ccc484ad9f8ca705d8724d6dec2420bd0779","marker":"config.research_window_start=InpWindowStart","lines":[139]},{"kind":"SEALED_SOURCE_CLOSURE","logical_path":"Include/MasterStructure/MasterController.mqh","sha256":"237ee3d3c8197ee19c9d2f65d746e9b0386030df438d29528ea5aa1935d5e0fd","marker":"m_config.research_window_start","lines":[209,210,542,543,546]}]
master.auction.departure_distance_atr	AUCTION_GRAMMAR	double	CONSTANT	{"mode":"CONSTANT","value":0.25,"distinct_count":1,"distinct_values":[0.25]}	RECOVERED_FROM_COLLECTION_ENVIRONMENT	NOT_RUN_BOUND_NO_EX5_OR_EXPANDED_MASTER_CONFIG_IN_RUN_RECEIPT	SEMANTICALLY_CONSUMED	MASTER_INTERNAL_CONFIG_HASH_NOT_RUN_RECORDED	[{"kind":"SEALED_SOURCE_CLOSURE","logical_path":"Include/MasterStructure/MasterAuctionTypes.mqh","sha256":"eebceed692eaeed4a4fc987488dba5c34b5d6045a962d83135001a7831b74f3b","marker":"cfg.departure_distance_atr","lines":[426]},{"kind":"SEALED_SOURCE_CLOSURE","logical_path":"Include/MasterStructure/MasterController.mqh","sha256":"237ee3d3c8197ee19c9d2f65d746e9b0386030df438d29528ea5aa1935d5e0fd","marker":"m_config.auction.departure_distance_atr","lines":[168,538]}]
master.auction.reclaim_tolerance_atr	AUCTION_GRAMMAR	double	CONSTANT	{"mode":"CONSTANT","value":0.05,"distinct_count":1,"distinct_values":[0.05]}	RECOVERED_FROM_COLLECTION_ENVIRONMENT	NOT_RUN_BOUND_NO_EX5_OR_EXPANDED_MASTER_CONFIG_IN_RUN_RECEIPT	SEMANTICALLY_CONSUMED	MASTER_INTERNAL_CONFIG_HASH_NOT_RUN_RECORDED	[{"kind":"SEALED_SOURCE_CLOSURE","logical_path":"Include/MasterStructure/MasterAuctionTypes.mqh","sha256":"eebceed692eaeed4a4fc987488dba5c34b5d6045a962d83135001a7831b74f3b","marker":"cfg.reclaim_tolerance_atr","lines":[425]},{"kind":"SEALED_SOURCE_CLOSURE","logical_path":"Include/MasterStructure/MasterController.mqh","sha256":"237ee3d3c8197ee19c9d2f65d746e9b0386030df438d29528ea5aa1935d5e0fd","marker":"m_config.auction.reclaim_tolerance_atr","lines":[168]}]
master.auction.episode_gap_bars	AUCTION_GRAMMAR	int	CONSTANT	{"mode":"CONSTANT","value":12,"distinct_count":1,"distinct_values":[12]}	RECOVERED_FROM_COLLECTION_ENVIRONMENT	NOT_RUN_BOUND_NO_EX5_OR_EXPANDED_MASTER_CONFIG_IN_RUN_RECEIPT	SEMANTICALLY_CONSUMED	MASTER_INTERNAL_CONFIG_HASH_NOT_RUN_RECORDED	[{"kind":"SEALED_SOURCE_CLOSURE","logical_path":"Include/MasterStructure/MasterAuctionTypes.mqh","sha256":"eebceed692eaeed4a4fc987488dba5c34b5d6045a962d83135001a7831b74f3b","marker":"cfg.episode_gap_bars","lines":[428]},{"kind":"SEALED_SOURCE_CLOSURE","logical_path":"Include/MasterStructure/MasterController.mqh","sha256":"237ee3d3c8197ee19c9d2f65d746e9b0386030df438d29528ea5aa1935d5e0fd","marker":"m_config.auction.episode_gap_bars","lines":[169,540]}]
master.auction.max_attempt_bars	AUCTION_GRAMMAR	int	CONSTANT	{"mode":"CONSTANT","value":24,"distinct_count":1,"distinct_values":[24]}	RECOVERED_FROM_COLLECTION_ENVIRONMENT	NOT_RUN_BOUND_NO_EX5_OR_EXPANDED_MASTER_CONFIG_IN_RUN_RECEIPT	SEMANTICALLY_CONSUMED	MASTER_INTERNAL_CONFIG_HASH_NOT_RUN_RECORDED	[{"kind":"SEALED_SOURCE_CLOSURE","logical_path":"Include/MasterStructure/MasterAuctionTypes.mqh","sha256":"eebceed692eaeed4a4fc987488dba5c34b5d6045a962d83135001a7831b74f3b","marker":"cfg.max_attempt_bars","lines":[427]},{"kind":"SEALED_SOURCE_CLOSURE","logical_path":"Include/MasterStructure/MasterController.mqh","sha256":"237ee3d3c8197ee19c9d2f65d746e9b0386030df438d29528ea5aa1935d5e0fd","marker":"m_config.auction.max_attempt_bars","lines":[169,539]}]
master.auction.break_buffer_atr	AUCTION_GRAMMAR	double	CONSTANT	{"mode":"CONSTANT","value":0,"distinct_count":1,"distinct_values":[0]}	RECOVERED_FROM_COLLECTION_ENVIRONMENT	NOT_RUN_BOUND_NO_EX5_OR_EXPANDED_MASTER_CONFIG_IN_RUN_RECEIPT	SEMANTICALLY_CONSUMED	MASTER_INTERNAL_CONFIG_HASH_NOT_RUN_RECORDED	[{"kind":"SEALED_SOURCE_CLOSURE","logical_path":"Include/MasterStructure/MasterAuctionTypes.mqh","sha256":"eebceed692eaeed4a4fc987488dba5c34b5d6045a962d83135001a7831b74f3b","marker":"cfg.break_buffer_atr","lines":[422]},{"kind":"SEALED_SOURCE_CLOSURE","logical_path":"Include/MasterStructure/MasterController.mqh","sha256":"237ee3d3c8197ee19c9d2f65d746e9b0386030df438d29528ea5aa1935d5e0fd","marker":"m_config.auction.break_buffer_atr","lines":[166,536]}]
master.auction.rejection_min_excursion_atr	AUCTION_GRAMMAR	double	CONSTANT	{"mode":"CONSTANT","value":0.2,"distinct_count":1,"distinct_values":[0.2]}	RECOVERED_FROM_COLLECTION_ENVIRONMENT	NOT_RUN_BOUND_NO_EX5_OR_EXPANDED_MASTER_CONFIG_IN_RUN_RECEIPT	SEMANTICALLY_CONSUMED	MASTER_INTERNAL_CONFIG_HASH_NOT_RUN_RECORDED	[{"kind":"SEALED_SOURCE_CLOSURE","logical_path":"Include/MasterStructure/MasterAuctionTypes.mqh","sha256":"eebceed692eaeed4a4fc987488dba5c34b5d6045a962d83135001a7831b74f3b","marker":"cfg.rejection_min_excursion_atr","lines":[421]},{"kind":"SEALED_SOURCE_CLOSURE","logical_path":"Include/MasterStructure/MasterController.mqh","sha256":"237ee3d3c8197ee19c9d2f65d746e9b0386030df438d29528ea5aa1935d5e0fd","marker":"m_config.auction.rejection_min_excursion_atr","lines":[166,535]}]
master.auction.acceptance_min_distance_atr	AUCTION_GRAMMAR	double	CONSTANT	{"mode":"CONSTANT","value":0,"distinct_count":1,"distinct_values":[0]}	RECOVERED_FROM_COLLECTION_ENVIRONMENT	NOT_RUN_BOUND_NO_EX5_OR_EXPANDED_MASTER_CONFIG_IN_RUN_RECEIPT	SEMANTICALLY_CONSUMED	MASTER_INTERNAL_CONFIG_HASH_NOT_RUN_RECORDED	[{"kind":"SEALED_SOURCE_CLOSURE","logical_path":"Include/MasterStructure/MasterAuctionTypes.mqh","sha256":"eebceed692eaeed4a4fc987488dba5c34b5d6045a962d83135001a7831b74f3b","marker":"cfg.acceptance_min_distance_atr","lines":[424]},{"kind":"SEALED_SOURCE_CLOSURE","logical_path":"Include/MasterStructure/MasterController.mqh","sha256":"237ee3d3c8197ee19c9d2f65d746e9b0386030df438d29528ea5aa1935d5e0fd","marker":"m_config.auction.acceptance_min_distance_atr","lines":[167]}]
master.auction.acceptance_bars	AUCTION_GRAMMAR	int	CONSTANT	{"mode":"CONSTANT","value":2,"distinct_count":1,"distinct_values":[2]}	RECOVERED_FROM_COLLECTION_ENVIRONMENT	NOT_RUN_BOUND_NO_EX5_OR_EXPANDED_MASTER_CONFIG_IN_RUN_RECEIPT	SEMANTICALLY_CONSUMED	MASTER_INTERNAL_CONFIG_HASH_NOT_RUN_RECORDED	[{"kind":"SEALED_SOURCE_CLOSURE","logical_path":"Include/MasterStructure/MasterAuctionTypes.mqh","sha256":"eebceed692eaeed4a4fc987488dba5c34b5d6045a962d83135001a7831b74f3b","marker":"cfg.acceptance_bars","lines":[423]},{"kind":"SEALED_SOURCE_CLOSURE","logical_path":"Include/MasterStructure/MasterController.mqh","sha256":"237ee3d3c8197ee19c9d2f65d746e9b0386030df438d29528ea5aa1935d5e0fd","marker":"m_config.auction.acceptance_bars","lines":[167,537]}]
master.canonical_instrument	MASTER_IDENTITY	per_run	CONSTANT	{"mode":"CONSTANT","value":"collector.canonical_instrument","distinct_count":1,"distinct_values":["collector.canonical_instrument"]}	RUN_RECORDED_AND_RECOVERED_SOURCE	VALUE_DERIVED_FROM_RUN_RECORDED_COLLECTOR_FIELD	IDENTITY_CONSUMED	NOT_IN_RG3_CONFIG_HASH	[{"kind":"SEALED_SOURCE_CLOSURE","logical_path":"Indicators/MarketObjectResearch/MarketObjectCollector.mq5","sha256":"9b3910dc437410e95eb2aa692fa2ccc484ad9f8ca705d8724d6dec2420bd0779","marker":"config.canonical_instrument=InpCanonicalInstrument","lines":[136]},{"kind":"SEALED_SOURCE_CLOSURE","logical_path":"Include/MasterStructure/MasterController.mqh","sha256":"237ee3d3c8197ee19c9d2f65d746e9b0386030df438d29528ea5aa1935d5e0fd","marker":"m_config.canonical_instrument","lines":[588]}]
master.deterministic_terminal_time	MASTER_RUNTIME	per_run	CONSTANT	{"mode":"CONSTANT","value":"collector.window_end","distinct_count":1,"distinct_values":["collector.window_end"]}	RUN_RECORDED_AND_RECOVERED_SOURCE	VALUE_DERIVED_FROM_RUN_RECORDED_COLLECTOR_FIELD	SEMANTICALLY_CONSUMED	NOT_IN_RG3_CONFIG_HASH	[{"kind":"SEALED_SOURCE_CLOSURE","logical_path":"Indicators/MarketObjectResearch/MarketObjectCollector.mq5","sha256":"9b3910dc437410e95eb2aa692fa2ccc484ad9f8ca705d8724d6dec2420bd0779","marker":"config.deterministic_terminal_time=InpWindowEnd","lines":[135]},{"kind":"SEALED_SOURCE_CLOSURE","logical_path":"Include/MasterStructure/MasterController.mqh","sha256":"237ee3d3c8197ee19c9d2f65d746e9b0386030df438d29528ea5aa1935d5e0fd","marker":"m_config.deterministic_terminal_time","lines":[218,548,549]}]
master.data_fingerprint	MASTER_IDENTITY	per_run	CONSTANT	{"mode":"CONSTANT","value":"collector.data_fingerprint","distinct_count":1,"distinct_values":["collector.data_fingerprint"]}	RUN_RECORDED_AND_RECOVERED_SOURCE	VALUE_DERIVED_FROM_RUN_RECORDED_COLLECTOR_FIELD	IDENTITY_CONSUMED	NOT_IN_RG3_CONFIG_HASH	[{"kind":"SEALED_SOURCE_CLOSURE","logical_path":"Indicators/MarketObjectResearch/MarketObjectCollector.mq5","sha256":"9b3910dc437410e95eb2aa692fa2ccc484ad9f8ca705d8724d6dec2420bd0779","marker":"config.data_fingerprint=InpDataFingerprint","lines":[138]},{"kind":"SEALED_SOURCE_CLOSURE","logical_path":"Include/MasterStructure/MasterController.mqh","sha256":"237ee3d3c8197ee19c9d2f65d746e9b0386030df438d29528ea5aa1935d5e0fd","marker":"m_config.data_fingerprint","lines":[223]}]
master.data_source_id	MASTER_IDENTITY	string	CONSTANT	{"mode":"CONSTANT","value":"BROKER_MT5","distinct_count":1,"distinct_values":["BROKER_MT5"]}	RUN_RECORDED_AND_RECOVERED_SOURCE	VALUE_DERIVED_FROM_RUN_RECORDED_COLLECTOR_FIELD	IDENTITY_CONSUMED	NOT_IN_RG3_CONFIG_HASH	[{"kind":"SEALED_SOURCE_CLOSURE","logical_path":"Indicators/MarketObjectResearch/MarketObjectCollector.mq5","sha256":"9b3910dc437410e95eb2aa692fa2ccc484ad9f8ca705d8724d6dec2420bd0779","marker":"config.data_source_id=InpDataSourceId","lines":[137]},{"kind":"SEALED_SOURCE_CLOSURE","logical_path":"Include/MasterStructure/MasterController.mqh","sha256":"237ee3d3c8197ee19c9d2f65d746e9b0386030df438d29528ea5aa1935d5e0fd","marker":"m_config.data_source_id","lines":[590]}]
master.enable_parity_oracle	MASTER_RUNTIME	bool	CONSTANT	{"mode":"CONSTANT","value":false,"distinct_count":1,"distinct_values":[false]}	RECOVERED_FROM_COLLECTION_ENVIRONMENT	NOT_RUN_BOUND_NO_EX5_OR_EXPANDED_MASTER_CONFIG_IN_RUN_RECEIPT	OPERATIONALLY_CONSUMED	NOT_IN_RG3_CONFIG_HASH	[{"kind":"SEALED_SOURCE_CLOSURE","logical_path":"Indicators/MarketObjectResearch/MarketObjectCollector.mq5","sha256":"9b3910dc437410e95eb2aa692fa2ccc484ad9f8ca705d8724d6dec2420bd0779","marker":"config.enable_parity_oracle=false","lines":[134]},{"kind":"SEALED_SOURCE_CLOSURE","logical_path":"Include/MasterStructure/MasterController.mqh","sha256":"237ee3d3c8197ee19c9d2f65d746e9b0386030df438d29528ea5aa1935d5e0fd","marker":"m_config.enable_parity_oracle","lines":[613]}]
master.enable_logging	MASTER_RUNTIME	bool	CONSTANT	{"mode":"CONSTANT","value":false,"distinct_count":1,"distinct_values":[false]}	RECOVERED_FROM_COLLECTION_ENVIRONMENT	NOT_RUN_BOUND_NO_EX5_OR_EXPANDED_MASTER_CONFIG_IN_RUN_RECEIPT	OPERATIONALLY_CONSUMED	NOT_IN_RG3_CONFIG_HASH	[{"kind":"SEALED_SOURCE_CLOSURE","logical_path":"Indicators/MarketObjectResearch/MarketObjectCollector.mq5","sha256":"9b3910dc437410e95eb2aa692fa2ccc484ad9f8ca705d8724d6dec2420bd0779","marker":"config.enable_logging=false","lines":[134]},{"kind":"SEALED_SOURCE_CLOSURE","logical_path":"Include/MasterStructure/MasterController.mqh","sha256":"237ee3d3c8197ee19c9d2f65d746e9b0386030df438d29528ea5aa1935d5e0fd","marker":"m_config.enable_logging","lines":[545,595,603]}]
master.log_flush_interval	MASTER_RUNTIME	int	CONSTANT	{"mode":"CONSTANT","value":10,"distinct_count":1,"distinct_values":[10]}	RECOVERED_FROM_COLLECTION_ENVIRONMENT	NOT_RUN_BOUND_NO_EX5_OR_EXPANDED_MASTER_CONFIG_IN_RUN_RECEIPT	NOT_ACTIVE_LOGGING_DISABLED	NOT_IN_RG3_CONFIG_HASH	[{"kind":"SEALED_SOURCE_CLOSURE","logical_path":"Include/MasterStructure/MasterController.mqh","sha256":"237ee3d3c8197ee19c9d2f65d746e9b0386030df438d29528ea5aa1935d5e0fd","marker":"cfg.log_flush_interval = 10","lines":[81]},{"kind":"SEALED_SOURCE_CLOSURE","logical_path":"Include/MasterStructure/MasterController.mqh","sha256":"237ee3d3c8197ee19c9d2f65d746e9b0386030df438d29528ea5aa1935d5e0fd","marker":"m_config.log_flush_interval","lines":[598,608]}]
master.instance_tag	MASTER_RUNTIME	string	CONSTANT	{"mode":"CONSTANT","value":"RG3_OBJECT_SOURCE","distinct_count":1,"distinct_values":["RG3_OBJECT_SOURCE"]}	RECOVERED_FROM_COLLECTION_ENVIRONMENT	NOT_RUN_BOUND_NO_EX5_OR_EXPANDED_MASTER_CONFIG_IN_RUN_RECEIPT	OPERATIONALLY_CONSUMED	NOT_IN_RG3_CONFIG_HASH	[{"kind":"SEALED_SOURCE_CLOSURE","logical_path":"Indicators/MarketObjectResearch/MarketObjectCollector.mq5","sha256":"9b3910dc437410e95eb2aa692fa2ccc484ad9f8ca705d8724d6dec2420bd0779","marker":"config.instance_tag=\"RG3_OBJECT_SOURCE\"","lines":[133]},{"kind":"SEALED_SOURCE_CLOSURE","logical_path":"Include/MasterStructure/MasterController.mqh","sha256":"237ee3d3c8197ee19c9d2f65d746e9b0386030df438d29528ea5aa1935d5e0fd","marker":"m_config.instance_tag","lines":[596,604]}]
compression.frontier_body_atr	COMPRESSION	double	CONSTANT	{"mode":"CONSTANT","value":0.2,"distinct_count":1,"distinct_values":[0.2]}	CAMPAIGN_CONFIGURED	CONFIG_PRESENT_FOR_ALL_42_ADMITTED_RUNS	SEMANTICALLY_CONSUMED	RG3_CONFIG_HASH	[{"kind":"CAMPAIGN_CONFIG_SET","evidence_class":"CAMPAIGN_CONFIGURED","locator":"[TesterInputs].InpFrontierBodyAtr","admitted_run_count":42,"config_set_sha256":"89f8e1899379372d7516c723c465068dd6c3e9df1da316e7786405a398c51d11"},{"kind":"SEALED_SOURCE_CLOSURE","logical_path":"Indicators/MarketObjectResearch/MarketObjectCollector.mq5","sha256":"9b3910dc437410e95eb2aa692fa2ccc484ad9f8ca705d8724d6dec2420bd0779","marker":"InpFrontierBodyAtr","lines":[31,98,154]}]
compression.use_frontier_body_filter	COMPRESSION	bool	CONSTANT	{"mode":"CONSTANT","value":false,"distinct_count":1,"distinct_values":[false]}	CAMPAIGN_CONFIGURED	CONFIG_PRESENT_FOR_ALL_42_ADMITTED_RUNS	SEMANTICALLY_CONSUMED	RG3_CONFIG_HASH	[{"kind":"CAMPAIGN_CONFIG_SET","evidence_class":"CAMPAIGN_CONFIGURED","locator":"[TesterInputs].InpUseFrontierBodyFilter","admitted_run_count":42,"config_set_sha256":"89f8e1899379372d7516c723c465068dd6c3e9df1da316e7786405a398c51d11"},{"kind":"SEALED_SOURCE_CLOSURE","logical_path":"Indicators/MarketObjectResearch/MarketObjectCollector.mq5","sha256":"9b3910dc437410e95eb2aa692fa2ccc484ad9f8ca705d8724d6dec2420bd0779","marker":"InpUseFrontierBodyFilter","lines":[30,97,152]}]
compression.reentry_window	COMPRESSION	int	CONSTANT	{"mode":"CONSTANT","value":5,"distinct_count":1,"distinct_values":[5]}	CAMPAIGN_CONFIGURED	CONFIG_PRESENT_FOR_ALL_42_ADMITTED_RUNS	SEMANTICALLY_CONSUMED	RG3_CONFIG_HASH	[{"kind":"CAMPAIGN_CONFIG_SET","evidence_class":"CAMPAIGN_CONFIGURED","locator":"[TesterInputs].InpReentryWindow","admitted_run_count":42,"config_set_sha256":"89f8e1899379372d7516c723c465068dd6c3e9df1da316e7786405a398c51d11"},{"kind":"SEALED_SOURCE_CLOSURE","logical_path":"Indicators/MarketObjectResearch/MarketObjectCollector.mq5","sha256":"9b3910dc437410e95eb2aa692fa2ccc484ad9f8ca705d8724d6dec2420bd0779","marker":"InpReentryWindow","lines":[33,98,147]}]
compression.observe_reentry	COMPRESSION	bool	CONSTANT	{"mode":"CONSTANT","value":true,"distinct_count":1,"distinct_values":[true]}	CAMPAIGN_CONFIGURED	CONFIG_PRESENT_FOR_ALL_42_ADMITTED_RUNS	SEMANTICALLY_CONSUMED	RG3_CONFIG_HASH	[{"kind":"CAMPAIGN_CONFIG_SET","evidence_class":"CAMPAIGN_CONFIGURED","locator":"[TesterInputs].InpObserveReentry","admitted_run_count":42,"config_set_sha256":"89f8e1899379372d7516c723c465068dd6c3e9df1da316e7786405a398c51d11"},{"kind":"SEALED_SOURCE_CLOSURE","logical_path":"Indicators/MarketObjectResearch/MarketObjectCollector.mq5","sha256":"9b3910dc437410e95eb2aa692fa2ccc484ad9f8ca705d8724d6dec2420bd0779","marker":"InpObserveReentry","lines":[32,98,150]}]
compression.confirm_bars	COMPRESSION	int	CONSTANT	{"mode":"CONSTANT","value":1,"distinct_count":1,"distinct_values":[1]}	CAMPAIGN_CONFIGURED	CONFIG_PRESENT_FOR_ALL_42_ADMITTED_RUNS	SEMANTICALLY_CONSUMED	RG3_CONFIG_HASH	[{"kind":"CAMPAIGN_CONFIG_SET","evidence_class":"CAMPAIGN_CONFIGURED","locator":"[TesterInputs].InpConfirmBars","admitted_run_count":42,"config_set_sha256":"89f8e1899379372d7516c723c465068dd6c3e9df1da316e7786405a398c51d11"},{"kind":"SEALED_SOURCE_CLOSURE","logical_path":"Indicators/MarketObjectResearch/MarketObjectCollector.mq5","sha256":"9b3910dc437410e95eb2aa692fa2ccc484ad9f8ca705d8724d6dec2420bd0779","marker":"InpConfirmBars","lines":[27,96,146]}]
compression.atr_len	COMPRESSION	int	CONSTANT	{"mode":"CONSTANT","value":500,"distinct_count":1,"distinct_values":[500]}	CAMPAIGN_CONFIGURED	CONFIG_PRESENT_FOR_ALL_42_ADMITTED_RUNS	SEMANTICALLY_CONSUMED	RG3_CONFIG_HASH	[{"kind":"CAMPAIGN_CONFIG_SET","evidence_class":"CAMPAIGN_CONFIGURED","locator":"[TesterInputs].InpAtrLen","admitted_run_count":42,"config_set_sha256":"89f8e1899379372d7516c723c465068dd6c3e9df1da316e7786405a398c51d11"},{"kind":"SEALED_SOURCE_CLOSURE","logical_path":"Indicators/MarketObjectResearch/MarketObjectCollector.mq5","sha256":"9b3910dc437410e95eb2aa692fa2ccc484ad9f8ca705d8724d6dec2420bd0779","marker":"InpAtrLen","lines":[26,85,96]}]
compression.frontier_buffer_atr	COMPRESSION	double	CONSTANT	{"mode":"CONSTANT","value":0,"distinct_count":1,"distinct_values":[0]}	CAMPAIGN_CONFIGURED	CONFIG_PRESENT_FOR_ALL_42_ADMITTED_RUNS	SEMANTICALLY_CONSUMED	RG3_CONFIG_HASH	[{"kind":"CAMPAIGN_CONFIG_SET","evidence_class":"CAMPAIGN_CONFIGURED","locator":"[TesterInputs].InpFrontierBufferAtr","admitted_run_count":42,"config_set_sha256":"89f8e1899379372d7516c723c465068dd6c3e9df1da316e7786405a398c51d11"},{"kind":"SEALED_SOURCE_CLOSURE","logical_path":"Indicators/MarketObjectResearch/MarketObjectCollector.mq5","sha256":"9b3910dc437410e95eb2aa692fa2ccc484ad9f8ca705d8724d6dec2420bd0779","marker":"InpFrontierBufferAtr","lines":[29,97,153]}]
compression.max_active_bars	COMPRESSION	int	CONSTANT	{"mode":"CONSTANT","value":240,"distinct_count":1,"distinct_values":[240]}	CAMPAIGN_CONFIGURED	CONFIG_PRESENT_FOR_ALL_42_ADMITTED_RUNS	SEMANTICALLY_CONSUMED	RG3_CONFIG_HASH	[{"kind":"CAMPAIGN_CONFIG_SET","evidence_class":"CAMPAIGN_CONFIGURED","locator":"[TesterInputs].InpMaxActiveBars","admitted_run_count":42,"config_set_sha256":"89f8e1899379372d7516c723c465068dd6c3e9df1da316e7786405a398c51d11"},{"kind":"SEALED_SOURCE_CLOSURE","logical_path":"Indicators/MarketObjectResearch/MarketObjectCollector.mq5","sha256":"9b3910dc437410e95eb2aa692fa2ccc484ad9f8ca705d8724d6dec2420bd0779","marker":"InpMaxActiveBars","lines":[28,97,149]}]
run.broker_symbol	RUN_IDENTITY	string	PER_RUN	{"mode":"PER_RUN","value":null,"distinct_count":6,"distinct_values":["DE40","FRA40","JPN225","US30","US500","USTEC"]}	RUN_RECORDED	MEASUREMENT_RUN_END_FOR_ALL_42_ADMITTED_RUNS	IDENTITY_CONSUMED	RUN_KEY_MATERIAL	{"kind":"SEALED_RUN_LEDGER_SET","locator":"measurement_runs.tsv::END.broker_symbol","admitted_run_count":42,"run_ledger_set_sha256":"8dfc1bb2a21fe6bc4a03ae97f32d029519b384eaa59114d3c33325694001915c"}
run.canonical_instrument	RUN_IDENTITY	string	PER_RUN	{"mode":"PER_RUN","value":null,"distinct_count":6,"distinct_values":["DE40","FRA40","JPN225","US30","US500","USTEC"]}	RUN_RECORDED	MEASUREMENT_RUN_END_FOR_ALL_42_ADMITTED_RUNS	IDENTITY_CONSUMED	RUN_KEY_MATERIAL	{"kind":"SEALED_RUN_LEDGER_SET","locator":"measurement_runs.tsv::END.canonical_instrument","admitted_run_count":42,"run_ledger_set_sha256":"8dfc1bb2a21fe6bc4a03ae97f32d029519b384eaa59114d3c33325694001915c"}
run.window_start	RUN_IDENTITY	int	PER_RUN	{"mode":"PER_RUN","value":null,"distinct_count":7,"distinct_values":[1768176000,1771200000,1774224000,1777852800,1781481600,1783900800,1785715200]}	RUN_RECORDED	MEASUREMENT_RUN_END_FOR_ALL_42_ADMITTED_RUNS	IDENTITY_AND_SEMANTICALLY_CONSUMED	RUN_KEY_MATERIAL	{"kind":"SEALED_RUN_LEDGER_SET","locator":"measurement_runs.tsv::END.window_start","admitted_run_count":42,"run_ledger_set_sha256":"8dfc1bb2a21fe6bc4a03ae97f32d029519b384eaa59114d3c33325694001915c"}
run.timeframe	RUN_IDENTITY	int	CONSTANT	{"mode":"CONSTANT","value":5,"distinct_count":1,"distinct_values":[5]}	RUN_RECORDED	MEASUREMENT_RUN_END_FOR_ALL_42_ADMITTED_RUNS	IDENTITY_AND_SEMANTICALLY_CONSUMED	RUN_KEY_MATERIAL	{"kind":"SEALED_RUN_LEDGER_SET","locator":"measurement_runs.tsv::END.timeframe","admitted_run_count":42,"run_ledger_set_sha256":"8dfc1bb2a21fe6bc4a03ae97f32d029519b384eaa59114d3c33325694001915c"}
compression.rearm_reset_bars	COMPRESSION	int	CONSTANT	{"mode":"CONSTANT","value":1,"distinct_count":1,"distinct_values":[1]}	CAMPAIGN_CONFIGURED	CONFIG_PRESENT_FOR_ALL_42_ADMITTED_RUNS	SEMANTICALLY_CONSUMED	RG3_CONFIG_HASH	[{"kind":"CAMPAIGN_CONFIG_SET","evidence_class":"CAMPAIGN_CONFIGURED","locator":"[TesterInputs].InpRearmResetBars","admitted_run_count":42,"config_set_sha256":"89f8e1899379372d7516c723c465068dd6c3e9df1da316e7786405a398c51d11"},{"kind":"SEALED_SOURCE_CLOSURE","logical_path":"Indicators/MarketObjectResearch/MarketObjectCollector.mq5","sha256":"9b3910dc437410e95eb2aa692fa2ccc484ad9f8ca705d8724d6dec2420bd0779","marker":"InpRearmResetBars","lines":[35,99,148]}]
compression.reclaim_needs_midline	COMPRESSION	bool	CONSTANT	{"mode":"CONSTANT","value":false,"distinct_count":1,"distinct_values":[false]}	CAMPAIGN_CONFIGURED	CONFIG_PRESENT_FOR_ALL_42_ADMITTED_RUNS	SEMANTICALLY_CONSUMED	RG3_CONFIG_HASH	[{"kind":"CAMPAIGN_CONFIG_SET","evidence_class":"CAMPAIGN_CONFIGURED","locator":"[TesterInputs].InpReclaimNeedsMidline","admitted_run_count":42,"config_set_sha256":"89f8e1899379372d7516c723c465068dd6c3e9df1da316e7786405a398c51d11"},{"kind":"SEALED_SOURCE_CLOSURE","logical_path":"Indicators/MarketObjectResearch/MarketObjectCollector.mq5","sha256":"9b3910dc437410e95eb2aa692fa2ccc484ad9f8ca705d8724d6dec2420bd0779","marker":"InpReclaimNeedsMidline","lines":[34,99,151]}]
expansion.max_observation_bars	EXPANSION	int	CONSTANT	{"mode":"CONSTANT","value":500,"distinct_count":1,"distinct_values":[500]}	CAMPAIGN_CONFIGURED	CONFIG_PRESENT_FOR_ALL_42_ADMITTED_RUNS	SEMANTICALLY_CONSUMED	RG3_CONFIG_HASH	[{"kind":"CAMPAIGN_CONFIG_SET","evidence_class":"CAMPAIGN_CONFIGURED","locator":"[TesterInputs].InpMaxObservationBars","admitted_run_count":42,"config_set_sha256":"89f8e1899379372d7516c723c465068dd6c3e9df1da316e7786405a398c51d11"},{"kind":"SEALED_SOURCE_CLOSURE","logical_path":"Indicators/MarketObjectResearch/MarketObjectCollector.mq5","sha256":"9b3910dc437410e95eb2aa692fa2ccc484ad9f8ca705d8724d6dec2420bd0779","marker":"InpMaxObservationBars","lines":[39,100,177]}]
compression.require_fresh_lineage_window	COMPRESSION	bool	CONSTANT	{"mode":"CONSTANT","value":true,"distinct_count":1,"distinct_values":[true]}	CAMPAIGN_CONFIGURED	CONFIG_PRESENT_FOR_ALL_42_ADMITTED_RUNS	DECLARED_HASHED_NOT_OPERATIONAL	RG3_CONFIG_HASH	[{"kind":"CAMPAIGN_CONFIG_SET","evidence_class":"CAMPAIGN_CONFIGURED","locator":"[TesterInputs].InpRequireFreshLineageWindow","admitted_run_count":42,"config_set_sha256":"89f8e1899379372d7516c723c465068dd6c3e9df1da316e7786405a398c51d11"},{"kind":"SEALED_SOURCE_CLOSURE","logical_path":"Indicators/MarketObjectResearch/MarketObjectCollector.mq5","sha256":"9b3910dc437410e95eb2aa692fa2ccc484ad9f8ca705d8724d6dec2420bd0779","marker":"InpRequireFreshLineageWindow","lines":[36,100]}]
compression.range_mult	COMPRESSION	double	CONSTANT	{"mode":"CONSTANT","value":1,"distinct_count":1,"distinct_values":[1]}	CAMPAIGN_CONFIGURED	CONFIG_PRESENT_FOR_ALL_42_ADMITTED_RUNS	SEMANTICALLY_CONSUMED	RG3_CONFIG_HASH	[{"kind":"CAMPAIGN_CONFIG_SET","evidence_class":"CAMPAIGN_CONFIGURED","locator":"[TesterInputs].InpRangeMult","admitted_run_count":42,"config_set_sha256":"89f8e1899379372d7516c723c465068dd6c3e9df1da316e7786405a398c51d11"},{"kind":"SEALED_SOURCE_CLOSURE","logical_path":"Indicators/MarketObjectResearch/MarketObjectCollector.mq5","sha256":"9b3910dc437410e95eb2aa692fa2ccc484ad9f8ca705d8724d6dec2420bd0779","marker":"InpRangeMult","lines":[25,96,234]}]
tester.to_date	TESTER_HARNESS	string	PER_RUN	{"mode":"PER_RUN","value":null,"distinct_count":7,"distinct_values":["2026.01.21","2026.02.25","2026.04.01","2026.05.13","2026.06.24","2026.07.22","2026.08.09"]}	CAMPAIGN_CONFIGURED	CONFIG_PRESENT_FOR_ALL_42_ADMITTED_RUNS	HARNESS_CONSUMED	NOT_IN_RG3_CONFIG_HASH	{"kind":"CAMPAIGN_CONFIG_SET","evidence_class":"CAMPAIGN_CONFIGURED","locator":"[Tester].ToDate","admitted_run_count":42,"config_set_sha256":"89f8e1899379372d7516c723c465068dd6c3e9df1da316e7786405a398c51d11"}
tester.from_date	TESTER_HARNESS	string	PER_RUN	{"mode":"PER_RUN","value":null,"distinct_count":7,"distinct_values":["2026.01.10","2026.02.14","2026.03.21","2026.05.02","2026.06.13","2026.07.11","2026.08.01"]}	CAMPAIGN_CONFIGURED	CONFIG_PRESENT_FOR_ALL_42_ADMITTED_RUNS	HARNESS_CONSUMED	NOT_IN_RG3_CONFIG_HASH	{"kind":"CAMPAIGN_CONFIG_SET","evidence_class":"CAMPAIGN_CONFIGURED","locator":"[Tester].FromDate","admitted_run_count":42,"config_set_sha256":"89f8e1899379372d7516c723c465068dd6c3e9df1da316e7786405a398c51d11"}
tester.shutdown_terminal	TESTER_HARNESS	bool	CONSTANT	{"mode":"CONSTANT","value":true,"distinct_count":1,"distinct_values":[true]}	CAMPAIGN_CONFIGURED	CONFIG_PRESENT_FOR_ALL_42_ADMITTED_RUNS	OPERATIONALLY_CONSUMED	NOT_IN_RG3_CONFIG_HASH	{"kind":"CAMPAIGN_CONFIG_SET","evidence_class":"CAMPAIGN_CONFIGURED","locator":"[Tester].ShutdownTerminal","admitted_run_count":42,"config_set_sha256":"89f8e1899379372d7516c723c465068dd6c3e9df1da316e7786405a398c51d11"}
tester.visual	TESTER_HARNESS	bool	CONSTANT	{"mode":"CONSTANT","value":false,"distinct_count":1,"distinct_values":[false]}	CAMPAIGN_CONFIGURED	CONFIG_PRESENT_FOR_ALL_42_ADMITTED_RUNS	OPERATIONALLY_CONSUMED	NOT_IN_RG3_CONFIG_HASH	{"kind":"CAMPAIGN_CONFIG_SET","evidence_class":"CAMPAIGN_CONFIGURED","locator":"[Tester].Visual","admitted_run_count":42,"config_set_sha256":"89f8e1899379372d7516c723c465068dd6c3e9df1da316e7786405a398c51d11"}
tester.symbol	TESTER_HARNESS	string	PER_RUN	{"mode":"PER_RUN","value":null,"distinct_count":6,"distinct_values":["DE40","FRA40","JPN225","US30","US500","USTEC"]}	CAMPAIGN_CONFIGURED	CONFIG_PRESENT_FOR_ALL_42_ADMITTED_RUNS	HARNESS_CONSUMED	RUN_KEY_MATERIAL	{"kind":"CAMPAIGN_CONFIG_SET","evidence_class":"CAMPAIGN_CONFIGURED","locator":"[Tester].Symbol","admitted_run_count":42,"config_set_sha256":"89f8e1899379372d7516c723c465068dd6c3e9df1da316e7786405a398c51d11"}
tester.indicator	TESTER_HARNESS	string	CONSTANT	{"mode":"CONSTANT","value":"MarketObjectResearch\\MarketObjectCollector.ex5","distinct_count":1,"distinct_values":["MarketObjectResearch\\MarketObjectCollector.ex5"]}	CAMPAIGN_CONFIGURED	CONFIG_PRESENT_FOR_ALL_42_ADMITTED_RUNS	HARNESS_CONSUMED	NOT_IN_RG3_CONFIG_HASH	{"kind":"CAMPAIGN_CONFIG_SET","evidence_class":"CAMPAIGN_CONFIGURED","locator":"[Tester].Indicator","admitted_run_count":42,"config_set_sha256":"89f8e1899379372d7516c723c465068dd6c3e9df1da316e7786405a398c51d11"}
tester.model	TESTER_HARNESS	int	CONSTANT	{"mode":"CONSTANT","value":0,"distinct_count":1,"distinct_values":[0]}	CAMPAIGN_CONFIGURED	CONFIG_PRESENT_FOR_ALL_42_ADMITTED_RUNS	HARNESS_CONSUMED	NOT_IN_RG3_CONFIG_HASH	{"kind":"CAMPAIGN_CONFIG_SET","evidence_class":"CAMPAIGN_CONFIGURED","locator":"[Tester].Model","admitted_run_count":42,"config_set_sha256":"89f8e1899379372d7516c723c465068dd6c3e9df1da316e7786405a398c51d11"}
tester.period	TESTER_HARNESS	string	CONSTANT	{"mode":"CONSTANT","value":"M5","distinct_count":1,"distinct_values":["M5"]}	CAMPAIGN_CONFIGURED	CONFIG_PRESENT_FOR_ALL_42_ADMITTED_RUNS	SEMANTICALLY_CONSUMED	RUN_KEY_MATERIAL	[{"kind":"CAMPAIGN_CONFIG_SET","evidence_class":"CAMPAIGN_CONFIGURED","locator":"[Tester].Period","admitted_run_count":42,"config_set_sha256":"89f8e1899379372d7516c723c465068dd6c3e9df1da316e7786405a398c51d11"},{"kind":"SEALED_SOURCE_CLOSURE","logical_path":"Indicators/MarketObjectResearch/MarketObjectCollector.mq5","sha256":"9b3910dc437410e95eb2aa692fa2ccc484ad9f8ca705d8724d6dec2420bd0779","marker":"MQLInfoInteger(MQL_TESTER)","lines":[168]}]
collector.enable_raw_logging	RAW_LOGGING	bool	CONSTANT	{"mode":"CONSTANT","value":true,"distinct_count":1,"distinct_values":[true]}	CAMPAIGN_CONFIGURED	CONFIG_PRESENT_FOR_ALL_42_ADMITTED_RUNS	OPERATIONALLY_CONSUMED	NOT_IN_RG3_CONFIG_HASH	[{"kind":"CAMPAIGN_CONFIG_SET","evidence_class":"CAMPAIGN_CONFIGURED","locator":"[TesterInputs].InpEnableRawLogging","admitted_run_count":42,"config_set_sha256":"89f8e1899379372d7516c723c465068dd6c3e9df1da316e7786405a398c51d11"},{"kind":"SEALED_SOURCE_CLOSURE","logical_path":"Indicators/MarketObjectResearch/MarketObjectCollector.mq5","sha256":"9b3910dc437410e95eb2aa692fa2ccc484ad9f8ca705d8724d6dec2420bd0779","marker":"InpEnableRawLogging","lines":[20,179]}]
collector.window_end	RUN_IDENTITY	int	PER_RUN	{"mode":"PER_RUN","value":null,"distinct_count":7,"distinct_values":[1768780800,1771804800,1774828800,1778457600,1782086400,1784505600,1786060800]}	CAMPAIGN_CONFIGURED	CONFIG_PRESENT_FOR_ALL_42_ADMITTED_RUNS	IDENTITY_AND_SEMANTICALLY_CONSUMED	RUN_KEY_MATERIAL	[{"kind":"CAMPAIGN_CONFIG_SET","evidence_class":"CAMPAIGN_CONFIGURED","locator":"[TesterInputs].InpWindowEnd","admitted_run_count":42,"config_set_sha256":"89f8e1899379372d7516c723c465068dd6c3e9df1da316e7786405a398c51d11"},{"kind":"SEALED_SOURCE_CLOSURE","logical_path":"Indicators/MarketObjectResearch/MarketObjectCollector.mq5","sha256":"9b3910dc437410e95eb2aa692fa2ccc484ad9f8ca705d8724d6dec2420bd0779","marker":"InpWindowEnd","lines":[19,110,116,121,124,135,140,222,228]}]
compression.range_len	COMPRESSION	int	CONSTANT	{"mode":"CONSTANT","value":20,"distinct_count":1,"distinct_values":[20]}	CAMPAIGN_CONFIGURED	CONFIG_PRESENT_FOR_ALL_42_ADMITTED_RUNS	SEMANTICALLY_CONSUMED	RG3_CONFIG_HASH	[{"kind":"CAMPAIGN_CONFIG_SET","evidence_class":"CAMPAIGN_CONFIGURED","locator":"[TesterInputs].InpRangeLen","admitted_run_count":42,"config_set_sha256":"89f8e1899379372d7516c723c465068dd6c3e9df1da316e7786405a398c51d11"},{"kind":"SEALED_SOURCE_CLOSURE","logical_path":"Indicators/MarketObjectResearch/MarketObjectCollector.mq5","sha256":"9b3910dc437410e95eb2aa692fa2ccc484ad9f8ca705d8724d6dec2420bd0779","marker":"InpRangeLen","lines":[24,86,96,213]}]
collector.flush_every	RAW_LOGGING	int	CONSTANT	{"mode":"CONSTANT","value":32,"distinct_count":1,"distinct_values":[32]}	CAMPAIGN_CONFIGURED	CONFIG_PRESENT_FOR_ALL_42_ADMITTED_RUNS	OPERATIONALLY_CONSUMED	NOT_IN_RG3_CONFIG_HASH	[{"kind":"CAMPAIGN_CONFIG_SET","evidence_class":"CAMPAIGN_CONFIGURED","locator":"[TesterInputs].InpFlushEvery","admitted_run_count":42,"config_set_sha256":"89f8e1899379372d7516c723c465068dd6c3e9df1da316e7786405a398c51d11"},{"kind":"SEALED_SOURCE_CLOSURE","logical_path":"Indicators/MarketObjectResearch/MarketObjectCollector.mq5","sha256":"9b3910dc437410e95eb2aa692fa2ccc484ad9f8ca705d8724d6dec2420bd0779","marker":"InpFlushEvery","lines":[21,179]}]
collector.data_source_id	RUN_IDENTITY	string	CONSTANT	{"mode":"CONSTANT","value":"BROKER_MT5","distinct_count":1,"distinct_values":["BROKER_MT5"]}	CAMPAIGN_CONFIGURED	CONFIG_PRESENT_FOR_ALL_42_ADMITTED_RUNS	IDENTITY_AND_CONTEXT_CONSUMED	RUN_KEY_SOURCE_MATERIAL	[{"kind":"CAMPAIGN_CONFIG_SET","evidence_class":"CAMPAIGN_CONFIGURED","locator":"[TesterInputs].InpDataSourceId","admitted_run_count":42,"config_set_sha256":"89f8e1899379372d7516c723c465068dd6c3e9df1da316e7786405a398c51d11"},{"kind":"SEALED_SOURCE_CLOSURE","logical_path":"Indicators/MarketObjectResearch/MarketObjectCollector.mq5","sha256":"9b3910dc437410e95eb2aa692fa2ccc484ad9f8ca705d8724d6dec2420bd0779","marker":"InpDataSourceId","lines":[16,113,137]}]
collector.canonical_instrument	RUN_IDENTITY	string	PER_RUN	{"mode":"PER_RUN","value":null,"distinct_count":6,"distinct_values":["DE40","FRA40","JPN225","US30","US500","USTEC"]}	CAMPAIGN_CONFIGURED	CONFIG_PRESENT_FOR_ALL_42_ADMITTED_RUNS	IDENTITY_AND_CONTEXT_CONSUMED	RUN_KEY_MATERIAL	[{"kind":"CAMPAIGN_CONFIG_SET","evidence_class":"CAMPAIGN_CONFIGURED","locator":"[TesterInputs].InpCanonicalInstrument","admitted_run_count":42,"config_set_sha256":"89f8e1899379372d7516c723c465068dd6c3e9df1da316e7786405a398c51d11"},{"kind":"SEALED_SOURCE_CLOSURE","logical_path":"Indicators/MarketObjectResearch/MarketObjectCollector.mq5","sha256":"9b3910dc437410e95eb2aa692fa2ccc484ad9f8ca705d8724d6dec2420bd0779","marker":"InpCanonicalInstrument","lines":[15,109,136]}]
collector.window_start	RUN_IDENTITY	int	PER_RUN	{"mode":"PER_RUN","value":null,"distinct_count":7,"distinct_values":[1768176000,1771200000,1774224000,1777852800,1781481600,1783900800,1785715200]}	CAMPAIGN_CONFIGURED	CONFIG_PRESENT_FOR_ALL_42_ADMITTED_RUNS	IDENTITY_AND_SEMANTICALLY_CONSUMED	RUN_KEY_MATERIAL	[{"kind":"CAMPAIGN_CONFIG_SET","evidence_class":"CAMPAIGN_CONFIGURED","locator":"[TesterInputs].InpWindowStart","admitted_run_count":42,"config_set_sha256":"89f8e1899379372d7516c723c465068dd6c3e9df1da316e7786405a398c51d11"},{"kind":"SEALED_SOURCE_CLOSURE","logical_path":"Indicators/MarketObjectResearch/MarketObjectCollector.mq5","sha256":"9b3910dc437410e95eb2aa692fa2ccc484ad9f8ca705d8724d6dec2420bd0779","marker":"InpWindowStart","lines":[18,110,116,121,124,139,192,216]}]
collector.data_fingerprint	RUN_IDENTITY	string	PER_RUN	{"mode":"PER_RUN","value":null,"distinct_count":42,"distinct_values":["RG3Q1_DE40_1768176000_1768780800","RG3Q1_DE40_1771200000_1771804800","RG3Q1_DE40_1774224000_1774828800","RG3Q1_DE40_1777852800_1778457600","RG3Q1_DE40_1781481600_1782086400","RG3Q1_DE40_1783900800_1784505600","RG3Q1_DE40_1785715200_1786060800","RG3Q1_FRA40_1768176000_1768780800","RG3Q1_FRA40_1771200000_1771804800","RG3Q1_FRA40_1774224000_1774828800","RG3Q1_FRA40_1777852800_1778457600","RG3Q1_FRA40_1781481600_1782086400","RG3Q1_FRA40_1783900800_1784505600","RG3Q1_FRA40_1785715200_1786060800","RG3Q1_JPN225_1768176000_1768780800","RG3Q1_JPN225_1771200000_1771804800","RG3Q1_JPN225_1774224000_1774828800","RG3Q1_JPN225_1777852800_1778457600","RG3Q1_JPN225_1781481600_1782086400","RG3Q1_JPN225_1783900800_1784505600","RG3Q1_JPN225_1785715200_1786060800","RG3Q1_US30_1768176000_1768780800","RG3Q1_US30_1771200000_1771804800","RG3Q1_US30_1774224000_1774828800","RG3Q1_US30_1777852800_1778457600","RG3Q1_US30_1781481600_1782086400","RG3Q1_US30_1783900800_1784505600","RG3Q1_US30_1785715200_1786060800","RG3Q1_US500_1768176000_1768780800","RG3Q1_US500_1771200000_1771804800","RG3Q1_US500_1774224000_1774828800","RG3Q1_US500_1777852800_1778457600","RG3Q1_US500_1781481600_1782086400","RG3Q1_US500_1783900800_1784505600","RG3Q1_US500_1785715200_1786060800","RG3Q1_USTEC_1768176000_1768780800","RG3Q1_USTEC_1771200000_1771804800","RG3Q1_USTEC_1774224000_1774828800","RG3Q1_USTEC_1777852800_1778457600","RG3Q1_USTEC_1781481600_1782086400","RG3Q1_USTEC_1783900800_1784505600","RG3Q1_USTEC_1785715200_1786060800"]}	CAMPAIGN_CONFIGURED	CONFIG_PRESENT_FOR_ALL_42_ADMITTED_RUNS	IDENTITY_AND_CONTEXT_CONSUMED	RUN_KEY_SOURCE_MATERIAL	[{"kind":"CAMPAIGN_CONFIG_SET","evidence_class":"CAMPAIGN_CONFIGURED","locator":"[TesterInputs].InpDataFingerprint","admitted_run_count":42,"config_set_sha256":"89f8e1899379372d7516c723c465068dd6c3e9df1da316e7786405a398c51d11"},{"kind":"SEALED_SOURCE_CLOSURE","logical_path":"Indicators/MarketObjectResearch/MarketObjectCollector.mq5","sha256":"9b3910dc437410e95eb2aa692fa2ccc484ad9f8ca705d8724d6dec2420bd0779","marker":"InpDataFingerprint","lines":[17,111,114,138]}]
run.window_end	RUN_IDENTITY	int	PER_RUN	{"mode":"PER_RUN","value":null,"distinct_count":7,"distinct_values":[1768780800,1771804800,1774828800,1778457600,1782086400,1784505600,1786060800]}	RUN_RECORDED	MEASUREMENT_RUN_END_FOR_ALL_42_ADMITTED_RUNS	IDENTITY_AND_SEMANTICALLY_CONSUMED	RUN_KEY_MATERIAL	{"kind":"SEALED_RUN_LEDGER_SET","locator":"measurement_runs.tsv::END.window_end","admitted_run_count":42,"run_ledger_set_sha256":"8dfc1bb2a21fe6bc4a03ae97f32d029519b384eaa59114d3c33325694001915c"}
master.volkitt.cog_bins	VOLKITT	int	CONSTANT	{"mode":"CONSTANT","value":180,"distinct_count":1,"distinct_values":[180]}	RECOVERED_FROM_COLLECTION_ENVIRONMENT	NOT_RUN_BOUND_NO_EX5_OR_EXPANDED_MASTER_CONFIG_IN_RUN_RECEIPT	SEMANTICALLY_CONSUMED	MASTER_INTERNAL_CONFIG_HASH_NOT_RUN_RECORDED	[{"kind":"SEALED_SOURCE_CLOSURE","logical_path":"Include/01Marketmain.mqh","sha256":"c684af82ce1d313f590aed7a7072119e6864407fb20fcdd2c651e8984189987f","marker":"cfg.cog_bins","lines":[375,1409,2164]},{"kind":"SEALED_SOURCE_CLOSURE","logical_path":"Include/01Marketmain.mqh","sha256":"c684af82ce1d313f590aed7a7072119e6864407fb20fcdd2c651e8984189987f","marker":"m_cfg.cog_bins","lines":[1409,2164]}]
master.volkitt.atr_period	VOLKITT	int	CONSTANT	{"mode":"CONSTANT","value":100,"distinct_count":1,"distinct_values":[100]}	RECOVERED_FROM_COLLECTION_ENVIRONMENT	NOT_RUN_BOUND_NO_EX5_OR_EXPANDED_MASTER_CONFIG_IN_RUN_RECEIPT	SEMANTICALLY_CONSUMED	MASTER_INTERNAL_CONFIG_HASH_NOT_RUN_RECORDED	[{"kind":"SEALED_SOURCE_CLOSURE","logical_path":"Include/01Marketmain.mqh","sha256":"c684af82ce1d313f590aed7a7072119e6864407fb20fcdd2c651e8984189987f","marker":"cfg.atr_period","lines":[374,1395,1421,2163]},{"kind":"SEALED_SOURCE_CLOSURE","logical_path":"Include/01Marketmain.mqh","sha256":"c684af82ce1d313f590aed7a7072119e6864407fb20fcdd2c651e8984189987f","marker":"m_cfg.atr_period","lines":[1395,1421,2163]}]
master.volkitt.motion_threshold_bins	VOLKITT	double	CONSTANT	{"mode":"CONSTANT","value":0.15,"distinct_count":1,"distinct_values":[0.15]}	RECOVERED_FROM_COLLECTION_ENVIRONMENT	NOT_RUN_BOUND_NO_EX5_OR_EXPANDED_MASTER_CONFIG_IN_RUN_RECEIPT	SEMANTICALLY_CONSUMED	MASTER_INTERNAL_CONFIG_HASH_NOT_RUN_RECORDED	[{"kind":"SEALED_SOURCE_CLOSURE","logical_path":"Include/01Marketmain.mqh","sha256":"c684af82ce1d313f590aed7a7072119e6864407fb20fcdd2c651e8984189987f","marker":"cfg.motion_threshold_bins","lines":[377,803]},{"kind":"SEALED_SOURCE_CLOSURE","logical_path":"Include/01Marketmain.mqh","sha256":"c684af82ce1d313f590aed7a7072119e6864407fb20fcdd2c651e8984189987f","marker":"m_cfg.motion_threshold_bins","lines":[803]}]
master.volkitt.velocity_bars	VOLKITT	int	CONSTANT	{"mode":"CONSTANT","value":5,"distinct_count":1,"distinct_values":[5]}	RECOVERED_FROM_COLLECTION_ENVIRONMENT	NOT_RUN_BOUND_NO_EX5_OR_EXPANDED_MASTER_CONFIG_IN_RUN_RECEIPT	SEMANTICALLY_CONSUMED	MASTER_INTERNAL_CONFIG_HASH_NOT_RUN_RECORDED	[{"kind":"SEALED_SOURCE_CLOSURE","logical_path":"Include/01Marketmain.mqh","sha256":"c684af82ce1d313f590aed7a7072119e6864407fb20fcdd2c651e8984189987f","marker":"cfg.velocity_bars","lines":[376,797,1281,2165]},{"kind":"SEALED_SOURCE_CLOSURE","logical_path":"Include/01Marketmain.mqh","sha256":"c684af82ce1d313f590aed7a7072119e6864407fb20fcdd2c651e8984189987f","marker":"m_cfg.velocity_bars","lines":[797,1281,2165]}]
master.volkitt.rows_per_cluster	VOLKITT	int	CONSTANT	{"mode":"CONSTANT","value":20,"distinct_count":1,"distinct_values":[20]}	RECOVERED_FROM_COLLECTION_ENVIRONMENT	NOT_RUN_BOUND_NO_EX5_OR_EXPANDED_MASTER_CONFIG_IN_RUN_RECEIPT	SEMANTICALLY_CONSUMED	MASTER_INTERNAL_CONFIG_HASH_NOT_RUN_RECORDED	[{"kind":"SEALED_SOURCE_CLOSURE","logical_path":"Include/01Marketmain.mqh","sha256":"c684af82ce1d313f590aed7a7072119e6864407fb20fcdd2c651e8984189987f","marker":"cfg.rows_per_cluster","lines":[370,890,2162]},{"kind":"SEALED_SOURCE_CLOSURE","logical_path":"Include/01Marketmain.mqh","sha256":"c684af82ce1d313f590aed7a7072119e6864407fb20fcdd2c651e8984189987f","marker":"m_cfg.rows_per_cluster","lines":[890,2162]}]
master.volkitt.iterations	VOLKITT	int	CONSTANT	{"mode":"CONSTANT","value":50,"distinct_count":1,"distinct_values":[50]}	RECOVERED_FROM_COLLECTION_ENVIRONMENT	NOT_RUN_BOUND_NO_EX5_OR_EXPANDED_MASTER_CONFIG_IN_RUN_RECEIPT	SEMANTICALLY_CONSUMED	MASTER_INTERNAL_CONFIG_HASH_NOT_RUN_RECORDED	[{"kind":"SEALED_SOURCE_CLOSURE","logical_path":"Include/01Marketmain.mqh","sha256":"c684af82ce1d313f590aed7a7072119e6864407fb20fcdd2c651e8984189987f","marker":"cfg.iterations","lines":[369,867,2161]},{"kind":"SEALED_SOURCE_CLOSURE","logical_path":"Include/01Marketmain.mqh","sha256":"c684af82ce1d313f590aed7a7072119e6864407fb20fcdd2c651e8984189987f","marker":"m_cfg.iterations","lines":[867,2161]}]
master.volkitt.volume_type	VOLKITT	enum	CONSTANT	{"mode":"CONSTANT","value":"KVP_VOL_TICK","distinct_count":1,"distinct_values":["KVP_VOL_TICK"]}	RECOVERED_FROM_COLLECTION_ENVIRONMENT	NOT_RUN_BOUND_NO_EX5_OR_EXPANDED_MASTER_CONFIG_IN_RUN_RECEIPT	SEMANTICALLY_CONSUMED	MASTER_INTERNAL_CONFIG_HASH_NOT_RUN_RECORDED	[{"kind":"SEALED_SOURCE_CLOSURE","logical_path":"Include/01Marketmain.mqh","sha256":"c684af82ce1d313f590aed7a7072119e6864407fb20fcdd2c651e8984189987f","marker":"cfg.volume_type","lines":[372,501]},{"kind":"SEALED_SOURCE_CLOSURE","logical_path":"Include/01Marketmain.mqh","sha256":"c684af82ce1d313f590aed7a7072119e6864407fb20fcdd2c651e8984189987f","marker":"m_cfg.volume_type","lines":[501]}]
master.volkitt.identity_reset_bins	VOLKITT	double	CONSTANT	{"mode":"CONSTANT","value":2.5,"distinct_count":1,"distinct_values":[2.5]}	RECOVERED_FROM_COLLECTION_ENVIRONMENT	NOT_RUN_BOUND_NO_EX5_OR_EXPANDED_MASTER_CONFIG_IN_RUN_RECEIPT	SEMANTICALLY_CONSUMED	MASTER_INTERNAL_CONFIG_HASH_NOT_RUN_RECORDED	[{"kind":"SEALED_SOURCE_CLOSURE","logical_path":"Include/01Marketmain.mqh","sha256":"c684af82ce1d313f590aed7a7072119e6864407fb20fcdd2c651e8984189987f","marker":"cfg.identity_reset_bins","lines":[371,707]},{"kind":"SEALED_SOURCE_CLOSURE","logical_path":"Include/01Marketmain.mqh","sha256":"c684af82ce1d313f590aed7a7072119e6864407fb20fcdd2c651e8984189987f","marker":"m_cfg.identity_reset_bins","lines":[707]}]
master.volkitt.sentinel_trigger_mode	VOLKITT	enum	CONSTANT	{"mode":"CONSTANT","value":"KVP_SENTINEL_TRIGGER_HYBRID","distinct_count":1,"distinct_values":["KVP_SENTINEL_TRIGGER_HYBRID"]}	RECOVERED_FROM_COLLECTION_ENVIRONMENT	NOT_RUN_BOUND_NO_EX5_OR_EXPANDED_MASTER_CONFIG_IN_RUN_RECEIPT	SEMANTICALLY_CONSUMED	MASTER_INTERNAL_CONFIG_HASH_NOT_RUN_RECORDED	[{"kind":"SEALED_SOURCE_CLOSURE","logical_path":"Include/01Marketmain.mqh","sha256":"c684af82ce1d313f590aed7a7072119e6864407fb20fcdd2c651e8984189987f","marker":"cfg.sentinel_trigger_mode","lines":[385,1122,1124]},{"kind":"SEALED_SOURCE_CLOSURE","logical_path":"Include/01Marketmain.mqh","sha256":"c684af82ce1d313f590aed7a7072119e6864407fb20fcdd2c651e8984189987f","marker":"m_cfg.sentinel_trigger_mode","lines":[1122,1124]}]
master.volkitt.enable_sentinels	VOLKITT	bool	CONSTANT	{"mode":"CONSTANT","value":true,"distinct_count":1,"distinct_values":[true]}	RECOVERED_FROM_COLLECTION_ENVIRONMENT	NOT_RUN_BOUND_NO_EX5_OR_EXPANDED_MASTER_CONFIG_IN_RUN_RECEIPT	SEMANTICALLY_CONSUMED	MASTER_INTERNAL_CONFIG_HASH_NOT_RUN_RECORDED	[{"kind":"SEALED_SOURCE_CLOSURE","logical_path":"Include/01Marketmain.mqh","sha256":"c684af82ce1d313f590aed7a7072119e6864407fb20fcdd2c651e8984189987f","marker":"cfg.enable_sentinels","lines":[384,1203,2166]},{"kind":"SEALED_SOURCE_CLOSURE","logical_path":"Include/01Marketmain.mqh","sha256":"c684af82ce1d313f590aed7a7072119e6864407fb20fcdd2c651e8984189987f","marker":"m_cfg.enable_sentinels","lines":[1203,2166]}]
master.volkitt.sentinel_arm_distance_atr	VOLKITT	double	CONSTANT	{"mode":"CONSTANT","value":0.2,"distinct_count":1,"distinct_values":[0.2]}	RECOVERED_FROM_COLLECTION_ENVIRONMENT	NOT_RUN_BOUND_NO_EX5_OR_EXPANDED_MASTER_CONFIG_IN_RUN_RECEIPT	SEMANTICALLY_CONSUMED	MASTER_INTERNAL_CONFIG_HASH_NOT_RUN_RECORDED	[{"kind":"SEALED_SOURCE_CLOSURE","logical_path":"Include/01Marketmain.mqh","sha256":"c684af82ce1d313f590aed7a7072119e6864407fb20fcdd2c651e8984189987f","marker":"cfg.sentinel_arm_distance_atr","lines":[387,1117]},{"kind":"SEALED_SOURCE_CLOSURE","logical_path":"Include/01Marketmain.mqh","sha256":"c684af82ce1d313f590aed7a7072119e6864407fb20fcdd2c651e8984189987f","marker":"m_cfg.sentinel_arm_distance_atr","lines":[1117]}]
master.volkitt.sentinel_reset_mode	VOLKITT	enum	CONSTANT	{"mode":"CONSTANT","value":"KVP_SENTINEL_RESET_BROKER_DAY","distinct_count":1,"distinct_values":["KVP_SENTINEL_RESET_BROKER_DAY"]}	RECOVERED_FROM_COLLECTION_ENVIRONMENT	NOT_RUN_BOUND_NO_EX5_OR_EXPANDED_MASTER_CONFIG_IN_RUN_RECEIPT	SEMANTICALLY_CONSUMED	MASTER_INTERNAL_CONFIG_HASH_NOT_RUN_RECORDED	[{"kind":"SEALED_SOURCE_CLOSURE","logical_path":"Include/01Marketmain.mqh","sha256":"c684af82ce1d313f590aed7a7072119e6864407fb20fcdd2c651e8984189987f","marker":"cfg.sentinel_reset_mode","lines":[386,1143,1164]},{"kind":"SEALED_SOURCE_CLOSURE","logical_path":"Include/01Marketmain.mqh","sha256":"c684af82ce1d313f590aed7a7072119e6864407fb20fcdd2c651e8984189987f","marker":"m_cfg.sentinel_reset_mode","lines":[1143,1164]}]
master.volkitt.width_motion_pct	VOLKITT	double	CONSTANT	{"mode":"CONSTANT","value":0.05,"distinct_count":1,"distinct_values":[0.05]}	RECOVERED_FROM_COLLECTION_ENVIRONMENT	NOT_RUN_BOUND_NO_EX5_OR_EXPANDED_MASTER_CONFIG_IN_RUN_RECEIPT	SEMANTICALLY_CONSUMED	MASTER_INTERNAL_CONFIG_HASH_NOT_RUN_RECORDED	[{"kind":"SEALED_SOURCE_CLOSURE","logical_path":"Include/01Marketmain.mqh","sha256":"c684af82ce1d313f590aed7a7072119e6864407fb20fcdd2c651e8984189987f","marker":"cfg.width_motion_pct","lines":[379,810]},{"kind":"SEALED_SOURCE_CLOSURE","logical_path":"Include/01Marketmain.mqh","sha256":"c684af82ce1d313f590aed7a7072119e6864407fb20fcdd2c651e8984189987f","marker":"m_cfg.width_motion_pct","lines":[810]}]
master.volkitt.mass_motion_pct	VOLKITT	double	CONSTANT	{"mode":"CONSTANT","value":0.05,"distinct_count":1,"distinct_values":[0.05]}	RECOVERED_FROM_COLLECTION_ENVIRONMENT	NOT_RUN_BOUND_NO_EX5_OR_EXPANDED_MASTER_CONFIG_IN_RUN_RECEIPT	SEMANTICALLY_CONSUMED	MASTER_INTERNAL_CONFIG_HASH_NOT_RUN_RECORDED	[{"kind":"SEALED_SOURCE_CLOSURE","logical_path":"Include/01Marketmain.mqh","sha256":"c684af82ce1d313f590aed7a7072119e6864407fb20fcdd2c651e8984189987f","marker":"cfg.mass_motion_pct","lines":[378,817]},{"kind":"SEALED_SOURCE_CLOSURE","logical_path":"Include/01Marketmain.mqh","sha256":"c684af82ce1d313f590aed7a7072119e6864407fb20fcdd2c651e8984189987f","marker":"m_cfg.mass_motion_pct","lines":[817]}]
master.volkitt.live_heavy_refresh_ms	VOLKITT	int	CONSTANT	{"mode":"CONSTANT","value":750,"distinct_count":1,"distinct_values":[750]}	RECOVERED_FROM_COLLECTION_ENVIRONMENT	NOT_RUN_BOUND_NO_EX5_OR_EXPANDED_MASTER_CONFIG_IN_RUN_RECEIPT	SEMANTICALLY_CONSUMED	MASTER_INTERNAL_CONFIG_HASH_NOT_RUN_RECORDED	[{"kind":"SEALED_SOURCE_CLOSURE","logical_path":"Include/01Marketmain.mqh","sha256":"c684af82ce1d313f590aed7a7072119e6864407fb20fcdd2c651e8984189987f","marker":"cfg.live_heavy_refresh_ms","lines":[382,1389]},{"kind":"SEALED_SOURCE_CLOSURE","logical_path":"Include/01Marketmain.mqh","sha256":"c684af82ce1d313f590aed7a7072119e6864407fb20fcdd2c651e8984189987f","marker":"m_cfg.live_heavy_refresh_ms","lines":[1389]}]
master.volkitt.heavy_on_new_bar_only	VOLKITT	bool	CONSTANT	{"mode":"CONSTANT","value":false,"distinct_count":1,"distinct_values":[false]}	RECOVERED_FROM_COLLECTION_ENVIRONMENT	NOT_RUN_BOUND_NO_EX5_OR_EXPANDED_MASTER_CONFIG_IN_RUN_RECEIPT	SEMANTICALLY_CONSUMED	MASTER_INTERNAL_CONFIG_HASH_NOT_RUN_RECORDED	[{"kind":"SEALED_SOURCE_CLOSURE","logical_path":"Include/01Marketmain.mqh","sha256":"c684af82ce1d313f590aed7a7072119e6864407fb20fcdd2c651e8984189987f","marker":"cfg.heavy_on_new_bar_only","lines":[381,1386]},{"kind":"SEALED_SOURCE_CLOSURE","logical_path":"Include/01Marketmain.mqh","sha256":"c684af82ce1d313f590aed7a7072119e6864407fb20fcdd2c651e8984189987f","marker":"m_cfg.heavy_on_new_bar_only","lines":[1386]}]
master.volkitt.clusters	VOLKITT	int	CONSTANT	{"mode":"CONSTANT","value":5,"distinct_count":1,"distinct_values":[5]}	RECOVERED_FROM_COLLECTION_ENVIRONMENT	NOT_RUN_BOUND_NO_EX5_OR_EXPANDED_MASTER_CONFIG_IN_RUN_RECEIPT	SEMANTICALLY_CONSUMED	MASTER_INTERNAL_CONFIG_HASH_NOT_RUN_RECORDED	[{"kind":"SEALED_SOURCE_CLOSURE","logical_path":"Include/01Marketmain.mqh","sha256":"c684af82ce1d313f590aed7a7072119e6864407fb20fcdd2c651e8984189987f","marker":"cfg.clusters","lines":[368,832,1403,2160,2166]},{"kind":"SEALED_SOURCE_CLOSURE","logical_path":"Include/01Marketmain.mqh","sha256":"c684af82ce1d313f590aed7a7072119e6864407fb20fcdd2c651e8984189987f","marker":"m_cfg.clusters","lines":[832,1403,2160,2166]}]
master.profile_timeframe	MASTER_CLOCK	enum	CONSTANT	{"mode":"CONSTANT","value":"PERIOD_H1","distinct_count":1,"distinct_values":["PERIOD_H1"]}	RECOVERED_FROM_COLLECTION_ENVIRONMENT	NOT_RUN_BOUND_NO_EX5_OR_EXPANDED_MASTER_CONFIG_IN_RUN_RECEIPT	SEMANTICALLY_CONSUMED	MASTER_INTERNAL_CONFIG_HASH_NOT_RUN_RECORDED	[{"kind":"SEALED_SOURCE_CLOSURE","logical_path":"Include/MasterStructure/MasterController.mqh","sha256":"237ee3d3c8197ee19c9d2f65d746e9b0386030df438d29528ea5aa1935d5e0fd","marker":"cfg.profile_timeframe = PERIOD_H1","lines":[61]},{"kind":"SEALED_SOURCE_CLOSURE","logical_path":"Include/MasterStructure/MasterController.mqh","sha256":"237ee3d3c8197ee19c9d2f65d746e9b0386030df438d29528ea5aa1935d5e0fd","marker":"m_config.profile_timeframe","lines":[148,563]}]
master.volkitt_timeframe	MASTER_CLOCK	enum	CONSTANT	{"mode":"CONSTANT","value":"PERIOD_H1","distinct_count":1,"distinct_values":["PERIOD_H1"]}	RECOVERED_FROM_COLLECTION_ENVIRONMENT	NOT_RUN_BOUND_NO_EX5_OR_EXPANDED_MASTER_CONFIG_IN_RUN_RECEIPT	SEMANTICALLY_CONSUMED	MASTER_INTERNAL_CONFIG_HASH_NOT_RUN_RECORDED	[{"kind":"SEALED_SOURCE_CLOSURE","logical_path":"Include/MasterStructure/MasterController.mqh","sha256":"237ee3d3c8197ee19c9d2f65d746e9b0386030df438d29528ea5aa1935d5e0fd","marker":"cfg.volkitt_timeframe = PERIOD_H1","lines":[60]},{"kind":"SEALED_SOURCE_CLOSURE","logical_path":"Include/MasterStructure/MasterController.mqh","sha256":"237ee3d3c8197ee19c9d2f65d746e9b0386030df438d29528ea5aa1935d5e0fd","marker":"m_config.volkitt_timeframe","lines":[147,562]}]
master.wayne_timeframe	MASTER_CLOCK	enum	CONSTANT	{"mode":"CONSTANT","value":"PERIOD_D1","distinct_count":1,"distinct_values":["PERIOD_D1"]}	RECOVERED_FROM_COLLECTION_ENVIRONMENT	NOT_RUN_BOUND_NO_EX5_OR_EXPANDED_MASTER_CONFIG_IN_RUN_RECEIPT	SEMANTICALLY_CONSUMED	MASTER_INTERNAL_CONFIG_HASH_NOT_RUN_RECORDED	[{"kind":"SEALED_SOURCE_CLOSURE","logical_path":"Include/MasterStructure/MasterController.mqh","sha256":"237ee3d3c8197ee19c9d2f65d746e9b0386030df438d29528ea5aa1935d5e0fd","marker":"cfg.wayne_timeframe = PERIOD_D1","lines":[63]},{"kind":"SEALED_SOURCE_CLOSURE","logical_path":"Include/MasterStructure/MasterController.mqh","sha256":"237ee3d3c8197ee19c9d2f65d746e9b0386030df438d29528ea5aa1935d5e0fd","marker":"m_config.wayne_timeframe","lines":[149,576]}]
master.day_swings_timeframe	MASTER_CLOCK	enum	CONSTANT	{"mode":"CONSTANT","value":"PERIOD_M5","distinct_count":1,"distinct_values":["PERIOD_M5"]}	RECOVERED_FROM_COLLECTION_ENVIRONMENT	NOT_RUN_BOUND_NO_EX5_OR_EXPANDED_MASTER_CONFIG_IN_RUN_RECEIPT	SEMANTICALLY_CONSUMED	MASTER_INTERNAL_CONFIG_HASH_NOT_RUN_RECORDED	[{"kind":"SEALED_SOURCE_CLOSURE","logical_path":"Include/MasterStructure/MasterController.mqh","sha256":"237ee3d3c8197ee19c9d2f65d746e9b0386030df438d29528ea5aa1935d5e0fd","marker":"cfg.day_swings_timeframe = PERIOD_M5","lines":[62]},{"kind":"SEALED_SOURCE_CLOSURE","logical_path":"Include/MasterStructure/MasterController.mqh","sha256":"237ee3d3c8197ee19c9d2f65d746e9b0386030df438d29528ea5aa1935d5e0fd","marker":"m_config.day_swings_timeframe","lines":[148,569]}]
run.data_source_id	RUN_IDENTITY	string	CONSTANT	{"mode":"CONSTANT","value":"BROKER_MT5","distinct_count":1,"distinct_values":["BROKER_MT5"]}	RUN_RECORDED	MEASUREMENT_RUN_END_FOR_ALL_42_ADMITTED_RUNS	IDENTITY_CONSUMED	RUN_KEY_SOURCE_MATERIAL	{"kind":"SEALED_RUN_LEDGER_SET","locator":"measurement_runs.tsv::END.data_source_id","admitted_run_count":42,"run_ledger_set_sha256":"8dfc1bb2a21fe6bc4a03ae97f32d029519b384eaa59114d3c33325694001915c"}
run.configuration_hash	RUN_IDENTITY	string	CONSTANT	{"mode":"CONSTANT","value":"11558041990222457072","distinct_count":1,"distinct_values":["11558041990222457072"]}	RUN_RECORDED	MEASUREMENT_RUN_END_FOR_ALL_42_ADMITTED_RUNS	IDENTITY_CONSUMED	RUN_KEY_MATERIAL	{"kind":"SEALED_RUN_LEDGER_SET","locator":"measurement_runs.tsv::END.configuration_hash","admitted_run_count":42,"run_ledger_set_sha256":"8dfc1bb2a21fe6bc4a03ae97f32d029519b384eaa59114d3c33325694001915c"}
master.master_timeframe	MASTER_CLOCK	enum	CONSTANT	{"mode":"CONSTANT","value":"PERIOD_M5","distinct_count":1,"distinct_values":["PERIOD_M5"]}	RUN_RECORDED_AND_RECOVERED_SOURCE	VALUE_DERIVED_FROM_RUN_RECORDED_COLLECTOR_FIELD	SEMANTICALLY_CONSUMED	MASTER_INTERNAL_CONFIG_HASH_NOT_RUN_RECORDED	[{"kind":"SEALED_SOURCE_CLOSURE","logical_path":"Indicators/MarketObjectResearch/MarketObjectCollector.mq5","sha256":"9b3910dc437410e95eb2aa692fa2ccc484ad9f8ca705d8724d6dec2420bd0779","marker":"config.master_timeframe=(ENUM_TIMEFRAMES)_Period","lines":[132]},{"kind":"SEALED_SOURCE_CLOSURE","logical_path":"Include/MasterStructure/MasterController.mqh","sha256":"237ee3d3c8197ee19c9d2f65d746e9b0386030df438d29528ea5aa1935d5e0fd","marker":"m_config.master_timeframe","lines":[147,242,432,433,434,467,525,526,558,589,596,604,638,641,669,772,778,780,826,832,834]}]
run.data_fingerprint	RUN_IDENTITY	string	PER_RUN	{"mode":"PER_RUN","value":null,"distinct_count":42,"distinct_values":["RG3Q1_DE40_1768176000_1768780800","RG3Q1_DE40_1771200000_1771804800","RG3Q1_DE40_1774224000_1774828800","RG3Q1_DE40_1777852800_1778457600","RG3Q1_DE40_1781481600_1782086400","RG3Q1_DE40_1783900800_1784505600","RG3Q1_DE40_1785715200_1786060800","RG3Q1_FRA40_1768176000_1768780800","RG3Q1_FRA40_1771200000_1771804800","RG3Q1_FRA40_1774224000_1774828800","RG3Q1_FRA40_1777852800_1778457600","RG3Q1_FRA40_1781481600_1782086400","RG3Q1_FRA40_1783900800_1784505600","RG3Q1_FRA40_1785715200_1786060800","RG3Q1_JPN225_1768176000_1768780800","RG3Q1_JPN225_1771200000_1771804800","RG3Q1_JPN225_1774224000_1774828800","RG3Q1_JPN225_1777852800_1778457600","RG3Q1_JPN225_1781481600_1782086400","RG3Q1_JPN225_1783900800_1784505600","RG3Q1_JPN225_1785715200_1786060800","RG3Q1_US30_1768176000_1768780800","RG3Q1_US30_1771200000_1771804800","RG3Q1_US30_1774224000_1774828800","RG3Q1_US30_1777852800_1778457600","RG3Q1_US30_1781481600_1782086400","RG3Q1_US30_1783900800_1784505600","RG3Q1_US30_1785715200_1786060800","RG3Q1_US500_1768176000_1768780800","RG3Q1_US500_1771200000_1771804800","RG3Q1_US500_1774224000_1774828800","RG3Q1_US500_1777852800_1778457600","RG3Q1_US500_1781481600_1782086400","RG3Q1_US500_1783900800_1784505600","RG3Q1_US500_1785715200_1786060800","RG3Q1_USTEC_1768176000_1768780800","RG3Q1_USTEC_1771200000_1771804800","RG3Q1_USTEC_1774224000_1774828800","RG3Q1_USTEC_1777852800_1778457600","RG3Q1_USTEC_1781481600_1782086400","RG3Q1_USTEC_1783900800_1784505600","RG3Q1_USTEC_1785715200_1786060800"]}	RUN_RECORDED	MEASUREMENT_RUN_END_FOR_ALL_42_ADMITTED_RUNS	IDENTITY_CONSUMED	RUN_KEY_SOURCE_MATERIAL	{"kind":"SEALED_RUN_LEDGER_SET","locator":"measurement_runs.tsv::END.data_fingerprint","admitted_run_count":42,"run_ledger_set_sha256":"8dfc1bb2a21fe6bc4a03ae97f32d029519b384eaa59114d3c33325694001915c"}
master.day_swings_instance	MASTER_CORE	int	CONSTANT	{"mode":"CONSTANT","value":1,"distinct_count":1,"distinct_values":[1]}	RECOVERED_FROM_COLLECTION_ENVIRONMENT	NOT_RUN_BOUND_NO_EX5_OR_EXPANDED_MASTER_CONFIG_IN_RUN_RECEIPT	PROVENANCE_CONSUMED	MASTER_INTERNAL_CONFIG_HASH_NOT_RUN_RECORDED	[{"kind":"SEALED_SOURCE_CLOSURE","logical_path":"Include/MasterStructure/MasterController.mqh","sha256":"237ee3d3c8197ee19c9d2f65d746e9b0386030df438d29528ea5aa1935d5e0fd","marker":"cfg.day_swings_instance = 1","lines":[69]},{"kind":"SEALED_SOURCE_CLOSURE","logical_path":"Include/MasterStructure/MasterController.mqh","sha256":"237ee3d3c8197ee19c9d2f65d746e9b0386030df438d29528ea5aa1935d5e0fd","marker":"m_config.day_swings_instance","lines":[151,291]}]
master.volkitt_instance	MASTER_CORE	int	CONSTANT	{"mode":"CONSTANT","value":1,"distinct_count":1,"distinct_values":[1]}	RECOVERED_FROM_COLLECTION_ENVIRONMENT	NOT_RUN_BOUND_NO_EX5_OR_EXPANDED_MASTER_CONFIG_IN_RUN_RECEIPT	PROVENANCE_CONSUMED	MASTER_INTERNAL_CONFIG_HASH_NOT_RUN_RECORDED	[{"kind":"SEALED_SOURCE_CLOSURE","logical_path":"Include/MasterStructure/MasterController.mqh","sha256":"237ee3d3c8197ee19c9d2f65d746e9b0386030df438d29528ea5aa1935d5e0fd","marker":"cfg.volkitt_instance = 1","lines":[68]},{"kind":"SEALED_SOURCE_CLOSURE","logical_path":"Include/MasterStructure/MasterController.mqh","sha256":"237ee3d3c8197ee19c9d2f65d746e9b0386030df438d29528ea5aa1935d5e0fd","marker":"m_config.volkitt_instance","lines":[151,289]}]
master.volkitt.lookback	VOLKITT	int	CONSTANT	{"mode":"CONSTANT","value":200,"distinct_count":1,"distinct_values":[200]}	RECOVERED_FROM_COLLECTION_ENVIRONMENT	NOT_RUN_BOUND_NO_EX5_OR_EXPANDED_MASTER_CONFIG_IN_RUN_RECEIPT	SEMANTICALLY_CONSUMED	MASTER_INTERNAL_CONFIG_HASH_NOT_RUN_RECORDED	[{"kind":"SEALED_SOURCE_CLOSURE","logical_path":"Include/01Marketmain.mqh","sha256":"c684af82ce1d313f590aed7a7072119e6864407fb20fcdd2c651e8984189987f","marker":"cfg.lookback","lines":[367,833,1395,1398,1402,2159]},{"kind":"SEALED_SOURCE_CLOSURE","logical_path":"Include/01Marketmain.mqh","sha256":"c684af82ce1d313f590aed7a7072119e6864407fb20fcdd2c651e8984189987f","marker":"m_cfg.lookback","lines":[833,1395,1398,1402,2159]}]
master.wayne_instance	MASTER_CORE	int	CONSTANT	{"mode":"CONSTANT","value":1,"distinct_count":1,"distinct_values":[1]}	RECOVERED_FROM_COLLECTION_ENVIRONMENT	NOT_RUN_BOUND_NO_EX5_OR_EXPANDED_MASTER_CONFIG_IN_RUN_RECEIPT	PROVENANCE_CONSUMED	MASTER_INTERNAL_CONFIG_HASH_NOT_RUN_RECORDED	[{"kind":"SEALED_SOURCE_CLOSURE","logical_path":"Include/MasterStructure/MasterController.mqh","sha256":"237ee3d3c8197ee19c9d2f65d746e9b0386030df438d29528ea5aa1935d5e0fd","marker":"cfg.wayne_instance = 1","lines":[70]},{"kind":"SEALED_SOURCE_CLOSURE","logical_path":"Include/MasterStructure/MasterController.mqh","sha256":"237ee3d3c8197ee19c9d2f65d746e9b0386030df438d29528ea5aa1935d5e0fd","marker":"m_config.wayne_instance","lines":[151,293]}]
master.use_volkitt	MASTER_CORE	bool	CONSTANT	{"mode":"CONSTANT","value":true,"distinct_count":1,"distinct_values":[true]}	RECOVERED_FROM_COLLECTION_ENVIRONMENT	NOT_RUN_BOUND_NO_EX5_OR_EXPANDED_MASTER_CONFIG_IN_RUN_RECEIPT	SEMANTICALLY_CONSUMED	MASTER_INTERNAL_CONFIG_HASH_NOT_RUN_RECORDED	[{"kind":"SEALED_SOURCE_CLOSURE","logical_path":"Include/MasterStructure/MasterController.mqh","sha256":"237ee3d3c8197ee19c9d2f65d746e9b0386030df438d29528ea5aa1935d5e0fd","marker":"cfg.use_volkitt = true","lines":[65]},{"kind":"SEALED_SOURCE_CLOSURE","logical_path":"Include/MasterStructure/MasterController.mqh","sha256":"237ee3d3c8197ee19c9d2f65d746e9b0386030df438d29528ea5aa1935d5e0fd","marker":"m_config.use_volkitt","lines":[150,270,561,717]}]
master.atr_period	MASTER_CORE	int	CONSTANT	{"mode":"CONSTANT","value":100,"distinct_count":1,"distinct_values":[100]}	RECOVERED_FROM_COLLECTION_ENVIRONMENT	NOT_RUN_BOUND_NO_EX5_OR_EXPANDED_MASTER_CONFIG_IN_RUN_RECEIPT	SEMANTICALLY_CONSUMED	MASTER_INTERNAL_CONFIG_HASH_NOT_RUN_RECORDED	[{"kind":"SEALED_SOURCE_CLOSURE","logical_path":"Include/MasterStructure/MasterController.mqh","sha256":"237ee3d3c8197ee19c9d2f65d746e9b0386030df438d29528ea5aa1935d5e0fd","marker":"cfg.atr_period = 100","lines":[64]},{"kind":"SEALED_SOURCE_CLOSURE","logical_path":"Include/MasterStructure/MasterController.mqh","sha256":"237ee3d3c8197ee19c9d2f65d746e9b0386030df438d29528ea5aa1935d5e0fd","marker":"m_config.atr_period","lines":[149,527,558]}]
master.use_wayne	MASTER_CORE	bool	CONSTANT	{"mode":"CONSTANT","value":true,"distinct_count":1,"distinct_values":[true]}	RECOVERED_FROM_COLLECTION_ENVIRONMENT	NOT_RUN_BOUND_NO_EX5_OR_EXPANDED_MASTER_CONFIG_IN_RUN_RECEIPT	SEMANTICALLY_CONSUMED	MASTER_INTERNAL_CONFIG_HASH_NOT_RUN_RECORDED	[{"kind":"SEALED_SOURCE_CLOSURE","logical_path":"Include/MasterStructure/MasterController.mqh","sha256":"237ee3d3c8197ee19c9d2f65d746e9b0386030df438d29528ea5aa1935d5e0fd","marker":"cfg.use_wayne = true","lines":[67]},{"kind":"SEALED_SOURCE_CLOSURE","logical_path":"Include/MasterStructure/MasterController.mqh","sha256":"237ee3d3c8197ee19c9d2f65d746e9b0386030df438d29528ea5aa1935d5e0fd","marker":"m_config.use_wayne","lines":[150,278,575,735]}]
master.use_day_swings	MASTER_CORE	bool	CONSTANT	{"mode":"CONSTANT","value":true,"distinct_count":1,"distinct_values":[true]}	RECOVERED_FROM_COLLECTION_ENVIRONMENT	NOT_RUN_BOUND_NO_EX5_OR_EXPANDED_MASTER_CONFIG_IN_RUN_RECEIPT	SEMANTICALLY_CONSUMED	MASTER_INTERNAL_CONFIG_HASH_NOT_RUN_RECORDED	[{"kind":"SEALED_SOURCE_CLOSURE","logical_path":"Include/MasterStructure/MasterController.mqh","sha256":"237ee3d3c8197ee19c9d2f65d746e9b0386030df438d29528ea5aa1935d5e0fd","marker":"cfg.use_day_swings = true","lines":[66]},{"kind":"SEALED_SOURCE_CLOSURE","logical_path":"Include/MasterStructure/MasterController.mqh","sha256":"237ee3d3c8197ee19c9d2f65d746e9b0386030df438d29528ea5aa1935d5e0fd","marker":"m_config.use_day_swings","lines":[150,274,568,729]}]
