dataset,column,rows,missing_count,missing_rate,missing_on_censored,null_token,semantics
attempts,dataset_schema,7764,0,0.0,0,\N,RECORDED_UNAVAILABLE_OR_NOT_APPLICABLE
attempts,contract_version,7764,0,0.0,0,\N,RECORDED_UNAVAILABLE_OR_NOT_APPLICABLE
attempts,contract_id,7764,0,0.0,0,\N,RECORDED_UNAVAILABLE_OR_NOT_APPLICABLE
attempts,research_generation,7764,0,0.0,0,\N,RECORDED_UNAVAILABLE_OR_NOT_APPLICABLE
attempts,run_key,7764,0,0.0,0,\N,CONTRACT_VIOLATION_IF_MISSING
attempts,invocation_id,7764,0,0.0,0,\N,RECORDED_UNAVAILABLE_OR_NOT_APPLICABLE
attempts,attempt_id,7764,0,0.0,0,\N,CONTRACT_VIOLATION_IF_MISSING
attempts,episode_id,7764,0,0.0,0,\N,CONTRACT_VIOLATION_IF_MISSING
attempts,node_id,7764,0,0.0,0,\N,CONTRACT_VIOLATION_IF_MISSING
attempts,evidence_id,7764,0,0.0,0,\N,RECORDED_UNAVAILABLE_OR_NOT_APPLICABLE
attempts,ordinal,7764,0,0.0,0,\N,RECORDED_UNAVAILABLE_OR_NOT_APPLICABLE
attempts,is_retest,7764,0,0.0,0,\N,RECORDED_UNAVAILABLE_OR_NOT_APPLICABLE
attempts,start,7764,0,0.0,0,\N,CONTRACT_VIOLATION_IF_MISSING
attempts,contact,7764,760,0.09788768675940238,10,\N,CONDITIONAL_NOT_APPLICABLE_OR_NOT_OBSERVED
attempts,break,7764,5691,0.7329984544049459,16,\N,CONDITIONAL_NOT_APPLICABLE_OR_NOT_OBSERVED
attempts,accepted,7764,7075,0.9112570839773313,18,\N,CONDITIONAL_NOT_APPLICABLE_OR_NOT_OBSERVED
attempts,end,7764,0,0.0,0,\N,CONTRACT_VIOLATION_IF_MISSING
attempts,direction,7764,0,0.0,0,\N,RECORDED_UNAVAILABLE_OR_NOT_APPLICABLE
attempts,resolution_code,7764,0,0.0,0,\N,RECORDED_UNAVAILABLE_OR_NOT_APPLICABLE
attempts,resolution,7764,0,0.0,0,\N,CONTRACT_VIOLATION_IF_MISSING
attempts,start_bar,7764,0,0.0,0,\N,RECORDED_UNAVAILABLE_OR_NOT_APPLICABLE
attempts,contact_bar,7764,760,0.09788768675940238,10,\N,RECORDED_UNAVAILABLE_OR_NOT_APPLICABLE
attempts,end_bar,7764,0,0.0,0,\N,RECORDED_UNAVAILABLE_OR_NOT_APPLICABLE
attempts,approach_start_price,7764,0,0.0,0,\N,RECORDED_UNAVAILABLE_OR_NOT_APPLICABLE
attempts,contact_price,7764,760,0.09788768675940238,10,\N,RECORDED_UNAVAILABLE_OR_NOT_APPLICABLE
attempts,frozen_atr,7764,0,0.0,0,\N,RECORDED_UNAVAILABLE_OR_NOT_APPLICABLE
attempts,frozen_lower,7764,0,0.0,0,\N,RECORDED_UNAVAILABLE_OR_NOT_APPLICABLE
attempts,frozen_price,7764,0,0.0,0,\N,RECORDED_UNAVAILABLE_OR_NOT_APPLICABLE
attempts,frozen_upper,7764,0,0.0,0,\N,RECORDED_UNAVAILABLE_OR_NOT_APPLICABLE
attempts,node_width_atr,7764,0,0.0,0,\N,RECORDED_UNAVAILABLE_OR_NOT_APPLICABLE
attempts,initial_distance_atr,7764,0,0.0,0,\N,RECORDED_UNAVAILABLE_OR_NOT_APPLICABLE
attempts,approach_efficiency,7764,0,0.0,0,\N,RECORDED_UNAVAILABLE_OR_NOT_APPLICABLE
attempts,penetration_atr,7764,0,0.0,0,\N,RECORDED_UNAVAILABLE_OR_NOT_APPLICABLE
attempts,penetration_node,7764,0,0.0,0,\N,RECORDED_UNAVAILABLE_OR_NOT_APPLICABLE
attempts,inside_updates,7764,0,0.0,0,\N,RECORDED_UNAVAILABLE_OR_NOT_APPLICABLE
attempts,inside_seconds,7764,0,0.0,0,\N,RECORDED_UNAVAILABLE_OR_NOT_APPLICABLE
attempts,far_closes,7764,0,0.0,0,\N,RECORDED_UNAVAILABLE_OR_NOT_APPLICABLE
attempts,max_above_atr,7764,0,0.0,0,\N,RECORDED_UNAVAILABLE_OR_NOT_APPLICABLE
attempts,max_below_atr,7764,0,0.0,0,\N,RECORDED_UNAVAILABLE_OR_NOT_APPLICABLE
attempts,rejection_excursion_atr,7764,0,0.0,0,\N,RECORDED_UNAVAILABLE_OR_NOT_APPLICABLE
attempts,nearest_above_id,7764,304,0.03915507470376095,1,\N,RECORDED_UNAVAILABLE_OR_NOT_APPLICABLE
attempts,nearest_below_id,7764,278,0.03580628541988665,0,\N,RECORDED_UNAVAILABLE_OR_NOT_APPLICABLE
attempts,corridor_up_atr,7764,304,0.03915507470376095,1,\N,RECORDED_UNAVAILABLE_OR_NOT_APPLICABLE
attempts,corridor_down_atr,7764,278,0.03580628541988665,0,\N,RECORDED_UNAVAILABLE_OR_NOT_APPLICABLE
attempts,family_mask,7764,0,0.0,0,\N,RECORDED_UNAVAILABLE_OR_NOT_APPLICABLE
attempts,family_count,7764,0,0.0,0,\N,RECORDED_UNAVAILABLE_OR_NOT_APPLICABLE
attempts,member_count,7764,0,0.0,0,\N,RECORDED_UNAVAILABLE_OR_NOT_APPLICABLE
attempts,developing_count,7764,0,0.0,0,\N,RECORDED_UNAVAILABLE_OR_NOT_APPLICABLE
attempts,frozen_count,7764,0,0.0,0,\N,RECORDED_UNAVAILABLE_OR_NOT_APPLICABLE
attempts,node_revision,7764,0,0.0,0,\N,RECORDED_UNAVAILABLE_OR_NOT_APPLICABLE
attempts,completion_status_code,7764,0,0.0,0,\N,RECORDED_UNAVAILABLE_OR_NOT_APPLICABLE
attempts,completion_status,7764,0,0.0,0,\N,CONTRACT_VIOLATION_IF_MISSING
attempts,censor_reason_code,7764,0,0.0,0,\N,RECORDED_UNAVAILABLE_OR_NOT_APPLICABLE
attempts,censor_reason,7764,0,0.0,0,\N,RECORDED_UNAVAILABLE_OR_NOT_APPLICABLE
attempts,corridor_up_level_count,7764,0,0.0,0,\N,RECORDED_UNAVAILABLE_OR_NOT_APPLICABLE
attempts,corridor_down_level_count,7764,0,0.0,0,\N,RECORDED_UNAVAILABLE_OR_NOT_APPLICABLE
attempts,corridor_up_noise_count,7764,0,0.0,0,\N,RECORDED_UNAVAILABLE_OR_NOT_APPLICABLE
attempts,corridor_down_noise_count,7764,0,0.0,0,\N,RECORDED_UNAVAILABLE_OR_NOT_APPLICABLE
attempts,start_region_code,7764,0,0.0,0,\N,RECORDED_UNAVAILABLE_OR_NOT_APPLICABLE
attempts,start_region,7764,0,0.0,0,\N,RECORDED_UNAVAILABLE_OR_NOT_APPLICABLE
attempts,end_region_code,7764,0,0.0,0,\N,RECORDED_UNAVAILABLE_OR_NOT_APPLICABLE
attempts,end_region,7764,0,0.0,0,\N,RECORDED_UNAVAILABLE_OR_NOT_APPLICABLE
attempts,node_region_code,7764,0,0.0,0,\N,RECORDED_UNAVAILABLE_OR_NOT_APPLICABLE
attempts,node_region,7764,0,0.0,0,\N,RECORDED_UNAVAILABLE_OR_NOT_APPLICABLE
attempts,start_median_sigma,7764,0,0.0,0,\N,RECORDED_UNAVAILABLE_OR_NOT_APPLICABLE
attempts,end_median_sigma,7764,0,0.0,0,\N,RECORDED_UNAVAILABLE_OR_NOT_APPLICABLE
attempts,min_median_sigma,7764,0,0.0,0,\N,RECORDED_UNAVAILABLE_OR_NOT_APPLICABLE
attempts,max_median_sigma,7764,0,0.0,0,\N,RECORDED_UNAVAILABLE_OR_NOT_APPLICABLE
attempts,node_from_median_sigma,7764,0,0.0,0,\N,RECORDED_UNAVAILABLE_OR_NOT_APPLICABLE
attempts,node_from_cog_sigma,7764,0,0.0,0,\N,RECORDED_UNAVAILABLE_OR_NOT_APPLICABLE
attempts,node_width_sigma,7764,0,0.0,0,\N,RECORDED_UNAVAILABLE_OR_NOT_APPLICABLE
attempts,instrument,7764,0,0.0,0,\N,RECORDED_UNAVAILABLE_OR_NOT_APPLICABLE
attempts,data_source,7764,0,0.0,0,\N,RECORDED_UNAVAILABLE_OR_NOT_APPLICABLE
attempts,selection_class,7764,0,0.0,0,\N,RECORDED_UNAVAILABLE_OR_NOT_APPLICABLE
attempts,environment_stratum,7764,0,0.0,0,\N,RECORDED_UNAVAILABLE_OR_NOT_APPLICABLE
attempts,window_id,7764,0,0.0,0,\N,RECORDED_UNAVAILABLE_OR_NOT_APPLICABLE
attempts,observed_family_count,7764,0,0.0,0,\N,RECORDED_UNAVAILABLE_OR_NOT_APPLICABLE
attempts,family_combo,7764,0,0.0,0,\N,RECORDED_UNAVAILABLE_OR_NOT_APPLICABLE
attempts,producer_combo,7764,0,0.0,0,\N,RECORDED_UNAVAILABLE_OR_NOT_APPLICABLE
attempts,contributor_rows,7764,0,0.0,0,\N,RECORDED_UNAVAILABLE_OR_NOT_APPLICABLE
attempts,feature_dataset_schema,7764,0,0.0,0,\N,RECORDED_UNAVAILABLE_OR_NOT_APPLICABLE
attempts,feature_contract_version,7764,0,0.0,0,\N,RECORDED_UNAVAILABLE_OR_NOT_APPLICABLE
attempts,feature_contract_id,7764,0,0.0,0,\N,RECORDED_UNAVAILABLE_OR_NOT_APPLICABLE
attempts,feature_research_generation,7764,0,0.0,0,\N,RECORDED_UNAVAILABLE_OR_NOT_APPLICABLE
attempts,feature_frozen_bar_time,7764,0,0.0,0,\N,RECORDED_UNAVAILABLE_OR_NOT_APPLICABLE
attempts,feature_has_cog,7764,0,0.0,0,\N,RECORDED_UNAVAILABLE_OR_NOT_APPLICABLE
attempts,feature_cog_price,7764,0,0.0,0,\N,RECORDED_UNAVAILABLE_OR_NOT_APPLICABLE
attempts,feature_cog_distance_atr,7764,0,0.0,0,\N,RECORDED_UNAVAILABLE_OR_NOT_APPLICABLE
attempts,feature_cog_velocity_atr,7764,0,0.0,0,\N,RECORDED_UNAVAILABLE_OR_NOT_APPLICABLE
attempts,feature_has_c3,7764,0,0.0,0,\N,RECORDED_UNAVAILABLE_OR_NOT_APPLICABLE
attempts,feature_c3_price,7764,1146,0.14760432766615147,5,\N,RECORDED_UNAVAILABLE_OR_NOT_APPLICABLE
attempts,feature_c3_distance_atr,7764,1146,0.14760432766615147,5,\N,RECORDED_UNAVAILABLE_OR_NOT_APPLICABLE
attempts,feature_c3_velocity_atr,7764,1146,0.14760432766615147,5,\N,RECORDED_UNAVAILABLE_OR_NOT_APPLICABLE
attempts,feature_has_lattice,7764,0,0.0,0,\N,RECORDED_UNAVAILABLE_OR_NOT_APPLICABLE
attempts,feature_lattice_width_atr,7764,3143,0.4048171045852653,10,\N,RECORDED_UNAVAILABLE_OR_NOT_APPLICABLE
attempts,feature_has_field,7764,0,0.0,0,\N,RECORDED_UNAVAILABLE_OR_NOT_APPLICABLE
attempts,feature_field_width_atr,7764,7744,0.9974240082431737,20,\N,RECORDED_UNAVAILABLE_OR_NOT_APPLICABLE
attempts,feature_has_profile,7764,0,0.0,0,\N,RECORDED_UNAVAILABLE_OR_NOT_APPLICABLE
attempts,feature_poc_price,7764,0,0.0,0,\N,RECORDED_UNAVAILABLE_OR_NOT_APPLICABLE
attempts,feature_vah_price,7764,0,0.0,0,\N,RECORDED_UNAVAILABLE_OR_NOT_APPLICABLE
attempts,feature_val_price,7764,0,0.0,0,\N,RECORDED_UNAVAILABLE_OR_NOT_APPLICABLE
attempts,feature_poc_distance_atr,7764,0,0.0,0,\N,RECORDED_UNAVAILABLE_OR_NOT_APPLICABLE
attempts,feature_vah_distance_atr,7764,0,0.0,0,\N,RECORDED_UNAVAILABLE_OR_NOT_APPLICABLE
attempts,feature_val_distance_atr,7764,0,0.0,0,\N,RECORDED_UNAVAILABLE_OR_NOT_APPLICABLE
attempts,feature_spread_atr,7764,0,0.0,0,\N,RECORDED_UNAVAILABLE_OR_NOT_APPLICABLE
attempts,feature_raw_level_count,7764,0,0.0,0,\N,RECORDED_UNAVAILABLE_OR_NOT_APPLICABLE
attempts,feature_noise_level_count,7764,0,0.0,0,\N,RECORDED_UNAVAILABLE_OR_NOT_APPLICABLE
attempts,feature_active_node_count,7764,0,0.0,0,\N,RECORDED_UNAVAILABLE_OR_NOT_APPLICABLE
attempts,feature_regional_valid,7764,0,0.0,0,\N,RECORDED_UNAVAILABLE_OR_NOT_APPLICABLE
attempts,feature_sigma_valid,7764,0,0.0,0,\N,RECORDED_UNAVAILABLE_OR_NOT_APPLICABLE
attempts,feature_basis_changed,7764,0,0.0,0,\N,RECORDED_UNAVAILABLE_OR_NOT_APPLICABLE
attempts,feature_structure_snapshot_hash,7764,0,0.0,0,\N,RECORDED_UNAVAILABLE_OR_NOT_APPLICABLE
attempts,feature_regional_basis_hash,7764,0,0.0,0,\N,RECORDED_UNAVAILABLE_OR_NOT_APPLICABLE
attempts,feature_structure_generation,7764,0,0.0,0,\N,RECORDED_UNAVAILABLE_OR_NOT_APPLICABLE
attempts,feature_population_count,7764,0,0.0,0,\N,RECORDED_UNAVAILABLE_OR_NOT_APPLICABLE
attempts,feature_population_count_delta,7764,0,0.0,0,\N,RECORDED_UNAVAILABLE_OR_NOT_APPLICABLE
attempts,feature_velocity_elapsed_bars,7764,0,0.0,0,\N,RECORDED_UNAVAILABLE_OR_NOT_APPLICABLE
attempts,feature_median_price,7764,0,0.0,0,\N,RECORDED_UNAVAILABLE_OR_NOT_APPLICABLE
attempts,feature_mean_price,7764,0,0.0,0,\N,RECORDED_UNAVAILABLE_OR_NOT_APPLICABLE
attempts,feature_structural_sigma,7764,0,0.0,0,\N,RECORDED_UNAVAILABLE_OR_NOT_APPLICABLE
attempts,feature_reference_price,7764,0,0.0,0,\N,RECORDED_UNAVAILABLE_OR_NOT_APPLICABLE
attempts,feature_price_region_code,7764,0,0.0,0,\N,RECORDED_UNAVAILABLE_OR_NOT_APPLICABLE
attempts,feature_price_region,7764,0,0.0,0,\N,RECORDED_UNAVAILABLE_OR_NOT_APPLICABLE
attempts,feature_price_from_median_atr,7764,0,0.0,0,\N,RECORDED_UNAVAILABLE_OR_NOT_APPLICABLE
attempts,feature_price_from_median_sigma,7764,0,0.0,0,\N,RECORDED_UNAVAILABLE_OR_NOT_APPLICABLE
attempts,feature_price_from_cog_atr,7764,0,0.0,0,\N,RECORDED_UNAVAILABLE_OR_NOT_APPLICABLE
attempts,feature_price_from_cog_sigma,7764,0,0.0,0,\N,RECORDED_UNAVAILABLE_OR_NOT_APPLICABLE
attempts,feature_cog_region_code,7764,0,0.0,0,\N,RECORDED_UNAVAILABLE_OR_NOT_APPLICABLE
attempts,feature_cog_region,7764,0,0.0,0,\N,RECORDED_UNAVAILABLE_OR_NOT_APPLICABLE
attempts,feature_cog_median_gap_atr,7764,0,0.0,0,\N,RECORDED_UNAVAILABLE_OR_NOT_APPLICABLE
attempts,feature_cog_median_gap_sigma,7764,0,0.0,0,\N,RECORDED_UNAVAILABLE_OR_NOT_APPLICABLE
attempts,feature_regional_cog_velocity_price,7764,0,0.0,0,\N,RECORDED_UNAVAILABLE_OR_NOT_APPLICABLE
attempts,feature_regional_cog_velocity_atr,7764,0,0.0,0,\N,RECORDED_UNAVAILABLE_OR_NOT_APPLICABLE
attempts,feature_regional_cog_velocity_sigma,7764,0,0.0,0,\N,RECORDED_UNAVAILABLE_OR_NOT_APPLICABLE
attempts,feature_regional_median_velocity_price,7764,0,0.0,0,\N,RECORDED_UNAVAILABLE_OR_NOT_APPLICABLE
attempts,feature_regional_median_velocity_atr,7764,0,0.0,0,\N,RECORDED_UNAVAILABLE_OR_NOT_APPLICABLE
attempts,feature_regional_median_velocity_sigma,7764,0,0.0,0,\N,RECORDED_UNAVAILABLE_OR_NOT_APPLICABLE
attempts,feature_regional_sigma_log_change_per_bar,7764,0,0.0,0,\N,RECORDED_UNAVAILABLE_OR_NOT_APPLICABLE
attempts,created_epoch,7764,0,0.0,0,\N,RECORDED_UNAVAILABLE_OR_NOT_APPLICABLE
attempts,node_age_seconds,7764,0,0.0,0,\N,RECORDED_UNAVAILABLE_OR_NOT_APPLICABLE
attempts,duration_seconds,7764,0,0.0,0,\N,RECORDED_UNAVAILABLE_OR_NOT_APPLICABLE
attempts,duration_bars,7764,0,0.0,0,\N,RECORDED_UNAVAILABLE_OR_NOT_APPLICABLE
attempts,direction_label,7764,0,0.0,0,\N,RECORDED_UNAVAILABLE_OR_NOT_APPLICABLE
attempts,server_hour,7764,0,0.0,0,\N,RECORDED_UNAVAILABLE_OR_NOT_APPLICABLE
attempts,server_time_bucket,7764,0,0.0,0,\N,RECORDED_UNAVAILABLE_OR_NOT_APPLICABLE
attempts,sigma_band,7764,0,0.0,0,\N,RECORDED_UNAVAILABLE_OR_NOT_APPLICABLE
attempts,node_width_bucket,7764,0,0.0,0,\N,RECORDED_UNAVAILABLE_OR_NOT_APPLICABLE
attempts,node_age_bucket,7764,0,0.0,0,\N,RECORDED_UNAVAILABLE_OR_NOT_APPLICABLE
attempts,nearest_corridor_atr,7764,0,0.0,0,\N,RECORDED_UNAVAILABLE_OR_NOT_APPLICABLE
attempts,corridor_bucket,7764,0,0.0,0,\N,RECORDED_UNAVAILABLE_OR_NOT_APPLICABLE
episodes,dataset_schema,1462,0,0.0,0,\N,RECORDED_UNAVAILABLE_OR_NOT_APPLICABLE
episodes,contract_version,1462,0,0.0,0,\N,RECORDED_UNAVAILABLE_OR_NOT_APPLICABLE
episodes,contract_id,1462,0,0.0,0,\N,RECORDED_UNAVAILABLE_OR_NOT_APPLICABLE
episodes,research_generation,1462,0,0.0,0,\N,RECORDED_UNAVAILABLE_OR_NOT_APPLICABLE
episodes,run_key,1462,0,0.0,0,\N,CONTRACT_VIOLATION_IF_MISSING
episodes,invocation_id,1462,0,0.0,0,\N,RECORDED_UNAVAILABLE_OR_NOT_APPLICABLE
episodes,episode_id,1462,0,0.0,0,\N,CONTRACT_VIOLATION_IF_MISSING
episodes,node_id,1462,0,0.0,0,\N,CONTRACT_VIOLATION_IF_MISSING
episodes,start,1462,0,0.0,0,\N,CONTRACT_VIOLATION_IF_MISSING
episodes,end,1462,0,0.0,0,\N,CONTRACT_VIOLATION_IF_MISSING
episodes,first_direction,1462,0,0.0,0,\N,RECORDED_UNAVAILABLE_OR_NOT_APPLICABLE
episodes,attempts,1462,0,0.0,0,\N,RECORDED_UNAVAILABLE_OR_NOT_APPLICABLE
episodes,breaks,1462,0,0.0,0,\N,RECORDED_UNAVAILABLE_OR_NOT_APPLICABLE
episodes,reclaims,1462,0,0.0,0,\N,RECORDED_UNAVAILABLE_OR_NOT_APPLICABLE
episodes,retests,1462,0,0.0,0,\N,RECORDED_UNAVAILABLE_OR_NOT_APPLICABLE
episodes,next_node_id,1462,1235,0.844733242134063,22,\N,CONDITIONAL_NOT_APPLICABLE_OR_NOT_OBSERVED
episodes,corridor_up_atr,1462,49,0.033515731874145006,2,\N,RECORDED_UNAVAILABLE_OR_NOT_APPLICABLE
episodes,corridor_down_atr,1462,51,0.03488372093023256,1,\N,RECORDED_UNAVAILABLE_OR_NOT_APPLICABLE
episodes,node_width_atr,1462,0,0.0,0,\N,RECORDED_UNAVAILABLE_OR_NOT_APPLICABLE
episodes,family_mask,1462,0,0.0,0,\N,RECORDED_UNAVAILABLE_OR_NOT_APPLICABLE
episodes,family_count,1462,0,0.0,0,\N,RECORDED_UNAVAILABLE_OR_NOT_APPLICABLE
episodes,member_count,1462,0,0.0,0,\N,RECORDED_UNAVAILABLE_OR_NOT_APPLICABLE
episodes,resolution_code,1462,0,0.0,0,\N,RECORDED_UNAVAILABLE_OR_NOT_APPLICABLE
episodes,resolution,1462,0,0.0,0,\N,CONTRACT_VIOLATION_IF_MISSING
episodes,max_up_excursion_atr,1462,0,0.0,0,\N,RECORDED_UNAVAILABLE_OR_NOT_APPLICABLE
episodes,max_down_excursion_atr,1462,0,0.0,0,\N,RECORDED_UNAVAILABLE_OR_NOT_APPLICABLE
episodes,duration_bars,1462,0,0.0,0,\N,RECORDED_UNAVAILABLE_OR_NOT_APPLICABLE
episodes,duration_seconds,1462,0,0.0,0,\N,RECORDED_UNAVAILABLE_OR_NOT_APPLICABLE
episodes,completion_status_code,1462,0,0.0,0,\N,RECORDED_UNAVAILABLE_OR_NOT_APPLICABLE
episodes,completion_status,1462,0,0.0,0,\N,CONTRACT_VIOLATION_IF_MISSING
episodes,censor_reason_code,1462,0,0.0,0,\N,RECORDED_UNAVAILABLE_OR_NOT_APPLICABLE
episodes,censor_reason,1462,0,0.0,0,\N,RECORDED_UNAVAILABLE_OR_NOT_APPLICABLE
episodes,regional_valid,1462,0,0.0,0,\N,RECORDED_UNAVAILABLE_OR_NOT_APPLICABLE
episodes,sigma_valid,1462,0,0.0,0,\N,RECORDED_UNAVAILABLE_OR_NOT_APPLICABLE
episodes,initial_region_code,1462,0,0.0,0,\N,RECORDED_UNAVAILABLE_OR_NOT_APPLICABLE
episodes,initial_region,1462,0,0.0,0,\N,RECORDED_UNAVAILABLE_OR_NOT_APPLICABLE
episodes,terminal_region_code,1462,0,0.0,0,\N,RECORDED_UNAVAILABLE_OR_NOT_APPLICABLE
episodes,terminal_region,1462,0,0.0,0,\N,RECORDED_UNAVAILABLE_OR_NOT_APPLICABLE
episodes,instrument,1462,0,0.0,0,\N,RECORDED_UNAVAILABLE_OR_NOT_APPLICABLE
episodes,data_source,1462,0,0.0,0,\N,RECORDED_UNAVAILABLE_OR_NOT_APPLICABLE
episodes,selection_class,1462,0,0.0,0,\N,RECORDED_UNAVAILABLE_OR_NOT_APPLICABLE
episodes,environment_stratum,1462,0,0.0,0,\N,RECORDED_UNAVAILABLE_OR_NOT_APPLICABLE
episodes,window_id,1462,0,0.0,0,\N,RECORDED_UNAVAILABLE_OR_NOT_APPLICABLE
episodes,family_combo,1462,0,0.0,0,\N,RECORDED_UNAVAILABLE_OR_NOT_APPLICABLE
episodes,producer_combo,1462,0,0.0,0,\N,RECORDED_UNAVAILABLE_OR_NOT_APPLICABLE
episodes,observed_family_count,1462,0,0.0,0,\N,RECORDED_UNAVAILABLE_OR_NOT_APPLICABLE
episodes,start_median_sigma,1462,0,0.0,0,\N,RECORDED_UNAVAILABLE_OR_NOT_APPLICABLE
episodes,node_age_seconds,1462,0,0.0,0,\N,RECORDED_UNAVAILABLE_OR_NOT_APPLICABLE
episodes,direction_label,1462,0,0.0,0,\N,RECORDED_UNAVAILABLE_OR_NOT_APPLICABLE
episodes,server_hour,1462,0,0.0,0,\N,RECORDED_UNAVAILABLE_OR_NOT_APPLICABLE
episodes,server_time_bucket,1462,0,0.0,0,\N,RECORDED_UNAVAILABLE_OR_NOT_APPLICABLE
episodes,sigma_band,1462,0,0.0,0,\N,RECORDED_UNAVAILABLE_OR_NOT_APPLICABLE
episodes,node_width_bucket,1462,0,0.0,0,\N,RECORDED_UNAVAILABLE_OR_NOT_APPLICABLE
episodes,node_age_bucket,1462,0,0.0,0,\N,RECORDED_UNAVAILABLE_OR_NOT_APPLICABLE
episodes,nearest_corridor_atr,1462,0,0.0,0,\N,RECORDED_UNAVAILABLE_OR_NOT_APPLICABLE
episodes,corridor_bucket,1462,0,0.0,0,\N,RECORDED_UNAVAILABLE_OR_NOT_APPLICABLE
features,dataset_schema,7764,0,0.0,0,\N,RECORDED_UNAVAILABLE_OR_NOT_APPLICABLE
features,contract_version,7764,0,0.0,0,\N,RECORDED_UNAVAILABLE_OR_NOT_APPLICABLE
features,contract_id,7764,0,0.0,0,\N,RECORDED_UNAVAILABLE_OR_NOT_APPLICABLE
features,research_generation,7764,0,0.0,0,\N,RECORDED_UNAVAILABLE_OR_NOT_APPLICABLE
features,run_key,7764,0,0.0,0,\N,CONTRACT_VIOLATION_IF_MISSING
features,invocation_id,7764,0,0.0,0,\N,RECORDED_UNAVAILABLE_OR_NOT_APPLICABLE
features,attempt_id,7764,0,0.0,0,\N,CONTRACT_VIOLATION_IF_MISSING
features,frozen_bar_time,7764,0,0.0,0,\N,CONTRACT_VIOLATION_IF_MISSING
features,has_cog,7764,0,0.0,0,\N,RECORDED_UNAVAILABLE_OR_NOT_APPLICABLE
features,cog_price,7764,0,0.0,0,\N,RECORDED_UNAVAILABLE_OR_NOT_APPLICABLE
features,cog_distance_atr,7764,0,0.0,0,\N,RECORDED_UNAVAILABLE_OR_NOT_APPLICABLE
features,cog_velocity_atr,7764,0,0.0,0,\N,RECORDED_UNAVAILABLE_OR_NOT_APPLICABLE
features,has_c3,7764,0,0.0,0,\N,RECORDED_UNAVAILABLE_OR_NOT_APPLICABLE
features,c3_price,7764,1146,0.14760432766615147,1146,\N,RECORDED_UNAVAILABLE_OR_NOT_APPLICABLE
features,c3_distance_atr,7764,1146,0.14760432766615147,1146,\N,RECORDED_UNAVAILABLE_OR_NOT_APPLICABLE
features,c3_velocity_atr,7764,1146,0.14760432766615147,1146,\N,RECORDED_UNAVAILABLE_OR_NOT_APPLICABLE
features,has_lattice,7764,0,0.0,0,\N,RECORDED_UNAVAILABLE_OR_NOT_APPLICABLE
features,lattice_width_atr,7764,3143,0.4048171045852653,3143,\N,RECORDED_UNAVAILABLE_OR_NOT_APPLICABLE
features,has_field,7764,0,0.0,0,\N,RECORDED_UNAVAILABLE_OR_NOT_APPLICABLE
features,field_width_atr,7764,7744,0.9974240082431737,7744,\N,RECORDED_UNAVAILABLE_OR_NOT_APPLICABLE
features,has_profile,7764,0,0.0,0,\N,RECORDED_UNAVAILABLE_OR_NOT_APPLICABLE
features,poc_price,7764,0,0.0,0,\N,RECORDED_UNAVAILABLE_OR_NOT_APPLICABLE
features,vah_price,7764,0,0.0,0,\N,RECORDED_UNAVAILABLE_OR_NOT_APPLICABLE
features,val_price,7764,0,0.0,0,\N,RECORDED_UNAVAILABLE_OR_NOT_APPLICABLE
features,poc_distance_atr,7764,0,0.0,0,\N,RECORDED_UNAVAILABLE_OR_NOT_APPLICABLE
features,vah_distance_atr,7764,0,0.0,0,\N,RECORDED_UNAVAILABLE_OR_NOT_APPLICABLE
features,val_distance_atr,7764,0,0.0,0,\N,RECORDED_UNAVAILABLE_OR_NOT_APPLICABLE
features,spread_atr,7764,0,0.0,0,\N,RECORDED_UNAVAILABLE_OR_NOT_APPLICABLE
features,raw_level_count,7764,0,0.0,0,\N,RECORDED_UNAVAILABLE_OR_NOT_APPLICABLE
features,noise_level_count,7764,0,0.0,0,\N,RECORDED_UNAVAILABLE_OR_NOT_APPLICABLE
features,active_node_count,7764,0,0.0,0,\N,RECORDED_UNAVAILABLE_OR_NOT_APPLICABLE
features,regional_valid,7764,0,0.0,0,\N,RECORDED_UNAVAILABLE_OR_NOT_APPLICABLE
features,sigma_valid,7764,0,0.0,0,\N,RECORDED_UNAVAILABLE_OR_NOT_APPLICABLE
features,basis_changed,7764,0,0.0,0,\N,RECORDED_UNAVAILABLE_OR_NOT_APPLICABLE
features,structure_snapshot_hash,7764,0,0.0,0,\N,RECORDED_UNAVAILABLE_OR_NOT_APPLICABLE
features,regional_basis_hash,7764,0,0.0,0,\N,RECORDED_UNAVAILABLE_OR_NOT_APPLICABLE
features,structure_generation,7764,0,0.0,0,\N,RECORDED_UNAVAILABLE_OR_NOT_APPLICABLE
features,population_count,7764,0,0.0,0,\N,RECORDED_UNAVAILABLE_OR_NOT_APPLICABLE
features,population_count_delta,7764,0,0.0,0,\N,RECORDED_UNAVAILABLE_OR_NOT_APPLICABLE
features,velocity_elapsed_bars,7764,0,0.0,0,\N,RECORDED_UNAVAILABLE_OR_NOT_APPLICABLE
features,median_price,7764,0,0.0,0,\N,RECORDED_UNAVAILABLE_OR_NOT_APPLICABLE
features,mean_price,7764,0,0.0,0,\N,RECORDED_UNAVAILABLE_OR_NOT_APPLICABLE
features,structural_sigma,7764,0,0.0,0,\N,RECORDED_UNAVAILABLE_OR_NOT_APPLICABLE
features,reference_price,7764,0,0.0,0,\N,RECORDED_UNAVAILABLE_OR_NOT_APPLICABLE
features,price_region_code,7764,0,0.0,0,\N,RECORDED_UNAVAILABLE_OR_NOT_APPLICABLE
features,price_region,7764,0,0.0,0,\N,RECORDED_UNAVAILABLE_OR_NOT_APPLICABLE
features,price_from_median_atr,7764,0,0.0,0,\N,RECORDED_UNAVAILABLE_OR_NOT_APPLICABLE
features,price_from_median_sigma,7764,0,0.0,0,\N,RECORDED_UNAVAILABLE_OR_NOT_APPLICABLE
features,price_from_cog_atr,7764,0,0.0,0,\N,RECORDED_UNAVAILABLE_OR_NOT_APPLICABLE
features,price_from_cog_sigma,7764,0,0.0,0,\N,RECORDED_UNAVAILABLE_OR_NOT_APPLICABLE
features,cog_region_code,7764,0,0.0,0,\N,RECORDED_UNAVAILABLE_OR_NOT_APPLICABLE
features,cog_region,7764,0,0.0,0,\N,RECORDED_UNAVAILABLE_OR_NOT_APPLICABLE
features,cog_median_gap_atr,7764,0,0.0,0,\N,RECORDED_UNAVAILABLE_OR_NOT_APPLICABLE
features,cog_median_gap_sigma,7764,0,0.0,0,\N,RECORDED_UNAVAILABLE_OR_NOT_APPLICABLE
features,regional_cog_velocity_price,7764,0,0.0,0,\N,RECORDED_UNAVAILABLE_OR_NOT_APPLICABLE
features,regional_cog_velocity_atr,7764,0,0.0,0,\N,RECORDED_UNAVAILABLE_OR_NOT_APPLICABLE
features,regional_cog_velocity_sigma,7764,0,0.0,0,\N,RECORDED_UNAVAILABLE_OR_NOT_APPLICABLE
features,regional_median_velocity_price,7764,0,0.0,0,\N,RECORDED_UNAVAILABLE_OR_NOT_APPLICABLE
features,regional_median_velocity_atr,7764,0,0.0,0,\N,RECORDED_UNAVAILABLE_OR_NOT_APPLICABLE
features,regional_median_velocity_sigma,7764,0,0.0,0,\N,RECORDED_UNAVAILABLE_OR_NOT_APPLICABLE
features,regional_sigma_log_change_per_bar,7764,0,0.0,0,\N,RECORDED_UNAVAILABLE_OR_NOT_APPLICABLE
features,instrument,7764,0,0.0,0,\N,RECORDED_UNAVAILABLE_OR_NOT_APPLICABLE
features,data_source,7764,0,0.0,0,\N,RECORDED_UNAVAILABLE_OR_NOT_APPLICABLE
features,selection_class,7764,0,0.0,0,\N,RECORDED_UNAVAILABLE_OR_NOT_APPLICABLE
features,environment_stratum,7764,0,0.0,0,\N,RECORDED_UNAVAILABLE_OR_NOT_APPLICABLE
features,window_id,7764,0,0.0,0,\N,RECORDED_UNAVAILABLE_OR_NOT_APPLICABLE
transits,dataset_schema,628,0,0.0,0,\N,RECORDED_UNAVAILABLE_OR_NOT_APPLICABLE
transits,contract_version,628,0,0.0,0,\N,RECORDED_UNAVAILABLE_OR_NOT_APPLICABLE
transits,contract_id,628,0,0.0,0,\N,RECORDED_UNAVAILABLE_OR_NOT_APPLICABLE
transits,research_generation,628,0,0.0,0,\N,RECORDED_UNAVAILABLE_OR_NOT_APPLICABLE
transits,run_key,628,0,0.0,0,\N,CONTRACT_VIOLATION_IF_MISSING
transits,invocation_id,628,0,0.0,0,\N,RECORDED_UNAVAILABLE_OR_NOT_APPLICABLE
transits,transit_id,628,0,0.0,0,\N,CONTRACT_VIOLATION_IF_MISSING
transits,attempt_id,628,0,0.0,0,\N,CONTRACT_VIOLATION_IF_MISSING
transits,episode_id,628,0,0.0,0,\N,CONTRACT_VIOLATION_IF_MISSING
transits,source_node_id,628,0,0.0,0,\N,CONTRACT_VIOLATION_IF_MISSING
transits,destination_node_id,628,0,0.0,0,\N,CONDITIONAL_NOT_APPLICABLE_OR_NOT_OBSERVED
transits,direction,628,0,0.0,0,\N,RECORDED_UNAVAILABLE_OR_NOT_APPLICABLE
transits,start,628,0,0.0,0,\N,RECORDED_UNAVAILABLE_OR_NOT_APPLICABLE
transits,end,628,0,0.0,0,\N,RECORDED_UNAVAILABLE_OR_NOT_APPLICABLE
transits,start_bar,628,0,0.0,0,\N,RECORDED_UNAVAILABLE_OR_NOT_APPLICABLE
transits,end_bar,628,0,0.0,0,\N,RECORDED_UNAVAILABLE_OR_NOT_APPLICABLE
transits,start_price,628,0,0.0,0,\N,RECORDED_UNAVAILABLE_OR_NOT_APPLICABLE
transits,end_price,628,0,0.0,0,\N,RECORDED_UNAVAILABLE_OR_NOT_APPLICABLE
transits,source_lower,628,0,0.0,0,\N,RECORDED_UNAVAILABLE_OR_NOT_APPLICABLE
transits,source_upper,628,0,0.0,0,\N,RECORDED_UNAVAILABLE_OR_NOT_APPLICABLE
transits,destination_lower,628,0,0.0,0,\N,RECORDED_UNAVAILABLE_OR_NOT_APPLICABLE
transits,destination_upper,628,0,0.0,0,\N,RECORDED_UNAVAILABLE_OR_NOT_APPLICABLE
transits,frozen_atr,628,0,0.0,0,\N,RECORDED_UNAVAILABLE_OR_NOT_APPLICABLE
transits,distance_atr,628,0,0.0,0,\N,RECORDED_UNAVAILABLE_OR_NOT_APPLICABLE
transits,path_length,628,0,0.0,0,\N,RECORDED_UNAVAILABLE_OR_NOT_APPLICABLE
transits,path_efficiency,628,0,0.0,0,\N,RECORDED_UNAVAILABLE_OR_NOT_APPLICABLE
transits,max_adverse_atr,628,0,0.0,0,\N,RECORDED_UNAVAILABLE_OR_NOT_APPLICABLE
transits,completion_status_code,628,0,0.0,0,\N,RECORDED_UNAVAILABLE_OR_NOT_APPLICABLE
transits,completion_status,628,0,0.0,0,\N,CONTRACT_VIOLATION_IF_MISSING
transits,censor_reason_code,628,0,0.0,0,\N,RECORDED_UNAVAILABLE_OR_NOT_APPLICABLE
transits,censor_reason,628,0,0.0,0,\N,RECORDED_UNAVAILABLE_OR_NOT_APPLICABLE
transits,resolution_code,628,0,0.0,0,\N,RECORDED_UNAVAILABLE_OR_NOT_APPLICABLE
transits,resolution,628,0,0.0,0,\N,RECORDED_UNAVAILABLE_OR_NOT_APPLICABLE
transits,duration_bars,628,0,0.0,0,\N,RECORDED_UNAVAILABLE_OR_NOT_APPLICABLE
transits,duration_seconds,628,0,0.0,0,\N,RECORDED_UNAVAILABLE_OR_NOT_APPLICABLE
transits,regional_basis_hash,628,0,0.0,0,\N,RECORDED_UNAVAILABLE_OR_NOT_APPLICABLE
transits,structure_snapshot_hash,628,0,0.0,0,\N,RECORDED_UNAVAILABLE_OR_NOT_APPLICABLE
transits,regional_valid,628,0,0.0,0,\N,RECORDED_UNAVAILABLE_OR_NOT_APPLICABLE
transits,sigma_valid,628,0,0.0,0,\N,RECORDED_UNAVAILABLE_OR_NOT_APPLICABLE
transits,source_region_code,628,0,0.0,0,\N,RECORDED_UNAVAILABLE_OR_NOT_APPLICABLE
transits,source_region,628,0,0.0,0,\N,RECORDED_UNAVAILABLE_OR_NOT_APPLICABLE
transits,destination_region_code,628,0,0.0,0,\N,RECORDED_UNAVAILABLE_OR_NOT_APPLICABLE
transits,destination_region,628,0,0.0,0,\N,RECORDED_UNAVAILABLE_OR_NOT_APPLICABLE
transits,start_price_region_code,628,0,0.0,0,\N,RECORDED_UNAVAILABLE_OR_NOT_APPLICABLE
transits,start_price_region,628,0,0.0,0,\N,RECORDED_UNAVAILABLE_OR_NOT_APPLICABLE
transits,end_price_region_code,628,0,0.0,0,\N,RECORDED_UNAVAILABLE_OR_NOT_APPLICABLE
transits,end_price_region,628,0,0.0,0,\N,RECORDED_UNAVAILABLE_OR_NOT_APPLICABLE
transits,start_median_price,628,0,0.0,0,\N,RECORDED_UNAVAILABLE_OR_NOT_APPLICABLE
transits,start_structural_sigma,628,0,0.0,0,\N,RECORDED_UNAVAILABLE_OR_NOT_APPLICABLE
transits,start_price_from_median_sigma,628,0,0.0,0,\N,RECORDED_UNAVAILABLE_OR_NOT_APPLICABLE
transits,end_price_from_median_sigma,628,0,0.0,0,\N,RECORDED_UNAVAILABLE_OR_NOT_APPLICABLE
transits,instrument,628,0,0.0,0,\N,RECORDED_UNAVAILABLE_OR_NOT_APPLICABLE
transits,data_source,628,0,0.0,0,\N,RECORDED_UNAVAILABLE_OR_NOT_APPLICABLE
transits,selection_class,628,0,0.0,0,\N,RECORDED_UNAVAILABLE_OR_NOT_APPLICABLE
transits,environment_stratum,628,0,0.0,0,\N,RECORDED_UNAVAILABLE_OR_NOT_APPLICABLE
transits,window_id,628,0,0.0,0,\N,RECORDED_UNAVAILABLE_OR_NOT_APPLICABLE
transits,direction_label,628,0,0.0,0,\N,RECORDED_UNAVAILABLE_OR_NOT_APPLICABLE
transits,server_hour,628,0,0.0,0,\N,RECORDED_UNAVAILABLE_OR_NOT_APPLICABLE
transits,server_time_bucket,628,0,0.0,0,\N,RECORDED_UNAVAILABLE_OR_NOT_APPLICABLE
transits,distance_bucket,628,0,0.0,0,\N,RECORDED_UNAVAILABLE_OR_NOT_APPLICABLE
