path	size_bytes	sha256
studies/obs-open-01/contracts/obs_open_02r2_executable_discovery_v1.json	10825	8293e8b2f57d6ef714bbea93be8a94833a963332b89349095b65166169cc17c2
studies/obs-open-01/protocol/OBS_OPEN_02R2_EXECUTABLE_DISCOVERY_COMPLETION_V1.md	5318	a08be7d903fbdaff00768aacec037ece8048e0c45a5abf03ab74d09900b2fa8f
studies/obs-open-01/qualification/OBS_OPEN_02R2_EXECUTABLE_COMPLETION_CHECKPOINT_20260814.md	2273	3af134b616ed4acc772ed82dca2c392bbfd354c7ce373703d55251f5af4bd268
studies/obs-open-01/tools/obs_open_02r2_semantics.py	7630	8e46e8881491cfc0d574e6395442483b775bc276ed8e07aa6cd50af395821c5a
studies/obs-open-01/tools/obs_open_02r2_data_quality.py	10863	2017780f2a33b855c6126c07d9a30b9da5976d427c1daa519f6736064b4a1645
studies/obs-open-01/tests/test_obs_open_02r2_semantics.py	3691	53421dc2e65cf34df9b4ea1f026c834a4746ccdba21e1ce043883278056d3b1e
studies/obs-open-01/tests/test_obs_open_02r2_data_quality.py	1643	f7769172be2206fe0db140418fe1b8bff352a6273b7fabc7ccf66b5f568f7ef0
studies/obs-open-01/qualification/universe/obs-open-02r2-seal/obs_open_02r2_discovery_source_quality_receipt.json	1203	d58ebf13651e54833f0b40d53296e0e9aab75d0f081fae394ebebb81d283ea72
studies/obs-open-01/tools/build_obs_open_02r2_seal.py	4987	124523331c0dbc9eed9d2aca39f1e3bd75f02d0adb22f94268fb5742bd5716f4
