target	feature	feature_kind	available_at_eligibility	present	missing_share	unique_values	model_eligible
reclaim_given_break	ordinal	NUMERIC	True	True	0.0	85	True
reclaim_given_break	direction	NUMERIC	True	True	0.0	2	True
reclaim_given_break	node_width_atr	NUMERIC	True	True	0.0	1968	True
reclaim_given_break	initial_distance_atr	NUMERIC	True	True	0.0	2049	True
reclaim_given_break	approach_efficiency	NUMERIC	True	True	0.0	1579	True
reclaim_given_break	corridor_up_atr	NUMERIC	True	True	0.006753497346840328	2056	True
reclaim_given_break	corridor_down_atr	NUMERIC	True	True	0.012542209358417752	2045	True
reclaim_given_break	family_count	NUMERIC	True	True	0.0	6	True
reclaim_given_break	member_count	NUMERIC	True	True	0.0	17	True
reclaim_given_break	developing_count	NUMERIC	True	True	0.0	6	True
reclaim_given_break	frozen_count	NUMERIC	True	True	0.0	14	True
reclaim_given_break	node_revision	NUMERIC	True	True	0.0	712	True
reclaim_given_break	node_age_seconds	NUMERIC	True	True	0.0	1504	True
reclaim_given_break	corridor_up_level_count	NUMERIC	True	True	0.0	23	True
reclaim_given_break	corridor_down_level_count	NUMERIC	True	True	0.0	23	True
reclaim_given_break	corridor_up_noise_count	NUMERIC	True	True	0.0	21	True
reclaim_given_break	corridor_down_noise_count	NUMERIC	True	True	0.0	20	True
reclaim_given_break	start_median_sigma	NUMERIC	True	True	0.0	2044	True
reclaim_given_break	node_from_median_sigma	NUMERIC	True	True	0.0	1433	True
reclaim_given_break	node_from_cog_sigma	NUMERIC	True	True	0.0	1562	True
reclaim_given_break	node_width_sigma	NUMERIC	True	True	0.0	1473	True
reclaim_given_break	feature_cog_distance_atr	NUMERIC	True	True	0.0	2067	True
reclaim_given_break	feature_cog_velocity_atr	NUMERIC	True	True	0.0	301	True
reclaim_given_break	feature_c3_distance_atr	NUMERIC	True	True	0.15629522431259044	1743	True
reclaim_given_break	feature_c3_velocity_atr	NUMERIC	True	True	0.15629522431259044	26	True
reclaim_given_break	feature_lattice_width_atr	NUMERIC	True	True	0.3979739507959479	1135	True
reclaim_given_break	feature_poc_distance_atr	NUMERIC	True	True	0.0	2065	True
reclaim_given_break	feature_vah_distance_atr	NUMERIC	True	True	0.0	2067	True
reclaim_given_break	feature_val_distance_atr	NUMERIC	True	True	0.0	2067	True
reclaim_given_break	feature_spread_atr	NUMERIC	True	True	0.0	1870	True
reclaim_given_break	feature_raw_level_count	NUMERIC	True	True	0.0	11	True
reclaim_given_break	feature_noise_level_count	NUMERIC	True	True	0.0	39	True
reclaim_given_break	feature_active_node_count	NUMERIC	True	True	0.0	13	True
reclaim_given_break	feature_population_count	NUMERIC	True	True	0.0	13	True
reclaim_given_break	feature_population_count_delta	NUMERIC	True	True	0.0	8	True
reclaim_given_break	feature_price_from_median_atr	NUMERIC	True	True	0.0	2067	True
reclaim_given_break	feature_price_from_median_sigma	NUMERIC	True	True	0.0	2044	True
reclaim_given_break	feature_price_from_cog_atr	NUMERIC	True	True	0.0	2067	True
reclaim_given_break	feature_price_from_cog_sigma	NUMERIC	True	True	0.0	2045	True
reclaim_given_break	feature_cog_median_gap_atr	NUMERIC	True	True	0.0	1934	True
reclaim_given_break	feature_cog_median_gap_sigma	NUMERIC	True	True	0.0	1337	True
reclaim_given_break	feature_regional_cog_velocity_atr	NUMERIC	True	True	0.0	301	True
reclaim_given_break	feature_regional_cog_velocity_sigma	NUMERIC	True	True	0.0	301	True
reclaim_given_break	feature_regional_median_velocity_atr	NUMERIC	True	True	0.0	399	True
reclaim_given_break	feature_regional_median_velocity_sigma	NUMERIC	True	True	0.0	396	True
reclaim_given_break	feature_regional_sigma_log_change_per_bar	NUMERIC	True	True	0.0	554	True
reclaim_given_break	contributor_count	NUMERIC	True	True	0.0	17	True
reclaim_given_break	eligibility_latency_seconds	NUMERIC	True	True	0.0	838	True
reclaim_given_break	server_hour_sin	NUMERIC	True	True	0.0	21	True
reclaim_given_break	server_hour_cos	NUMERIC	True	True	0.0	22	True
reclaim_given_break	canonical_instrument	CATEGORICAL	True	True	0.0	6	True
reclaim_given_break	start_region	CATEGORICAL	True	True	0.0	5	True
reclaim_given_break	node_region	CATEGORICAL	True	True	0.0	5	True
reclaim_given_break	contributor_families	CATEGORICAL	True	True	0.0	72	True
reclaim_given_break	contributor_producers	CATEGORICAL	True	True	0.0	7	True
initial_acceptance_given_initial_contact	ordinal	NUMERIC	True	True	0.0	105	True
initial_acceptance_given_initial_contact	direction	NUMERIC	True	True	0.0	2	True
initial_acceptance_given_initial_contact	node_width_atr	NUMERIC	True	True	0.0	4515	True
initial_acceptance_given_initial_contact	initial_distance_atr	NUMERIC	True	True	0.0	5603	True
initial_acceptance_given_initial_contact	approach_efficiency	NUMERIC	True	True	0.0	4408	True
initial_acceptance_given_initial_contact	corridor_up_atr	NUMERIC	True	True	0.039393411190517695	4440	True
initial_acceptance_given_initial_contact	corridor_down_atr	NUMERIC	True	True	0.03695311138225554	4462	True
initial_acceptance_given_initial_contact	family_count	NUMERIC	True	True	0.0	7	True
initial_acceptance_given_initial_contact	member_count	NUMERIC	True	True	0.0	33	True
initial_acceptance_given_initial_contact	developing_count	NUMERIC	True	True	0.0	6	True
initial_acceptance_given_initial_contact	frozen_count	NUMERIC	True	True	0.0	30	True
initial_acceptance_given_initial_contact	node_revision	NUMERIC	True	True	0.0	1509	True
initial_acceptance_given_initial_contact	node_age_seconds	NUMERIC	True	True	0.0	4633	True
initial_acceptance_given_initial_contact	corridor_up_level_count	NUMERIC	True	True	0.0	24	True
initial_acceptance_given_initial_contact	corridor_down_level_count	NUMERIC	True	True	0.0	27	True
initial_acceptance_given_initial_contact	corridor_up_noise_count	NUMERIC	True	True	0.0	22	True
initial_acceptance_given_initial_contact	corridor_down_noise_count	NUMERIC	True	True	0.0	24	True
initial_acceptance_given_initial_contact	start_median_sigma	NUMERIC	True	True	0.0	5450	True
initial_acceptance_given_initial_contact	node_from_median_sigma	NUMERIC	True	True	0.0	2657	True
initial_acceptance_given_initial_contact	node_from_cog_sigma	NUMERIC	True	True	0.0	2871	True
initial_acceptance_given_initial_contact	node_width_sigma	NUMERIC	True	True	0.0	2758	True
initial_acceptance_given_initial_contact	feature_cog_distance_atr	NUMERIC	True	True	0.0	5665	True
initial_acceptance_given_initial_contact	feature_cog_velocity_atr	NUMERIC	True	True	0.0	549	True
initial_acceptance_given_initial_contact	feature_c3_distance_atr	NUMERIC	True	True	0.14171169600836675	4856	True
initial_acceptance_given_initial_contact	feature_c3_velocity_atr	NUMERIC	True	True	0.14171169600836675	46	True
initial_acceptance_given_initial_contact	feature_lattice_width_atr	NUMERIC	True	True	0.40491546104235665	2379	True
initial_acceptance_given_initial_contact	feature_poc_distance_atr	NUMERIC	True	True	0.0	5662	True
initial_acceptance_given_initial_contact	feature_vah_distance_atr	NUMERIC	True	True	0.0	5662	True
initial_acceptance_given_initial_contact	feature_val_distance_atr	NUMERIC	True	True	0.0	5662	True
initial_acceptance_given_initial_contact	feature_spread_atr	NUMERIC	True	True	0.0	4024	True
initial_acceptance_given_initial_contact	feature_raw_level_count	NUMERIC	True	True	0.0	11	True
initial_acceptance_given_initial_contact	feature_noise_level_count	NUMERIC	True	True	0.0	40	True
initial_acceptance_given_initial_contact	feature_active_node_count	NUMERIC	True	True	0.0	13	True
initial_acceptance_given_initial_contact	feature_population_count	NUMERIC	True	True	0.0	13	True
initial_acceptance_given_initial_contact	feature_population_count_delta	NUMERIC	True	True	0.0	8	True
initial_acceptance_given_initial_contact	feature_price_from_median_atr	NUMERIC	True	True	0.0	5667	True
initial_acceptance_given_initial_contact	feature_price_from_median_sigma	NUMERIC	True	True	0.0	5450	True
initial_acceptance_given_initial_contact	feature_price_from_cog_atr	NUMERIC	True	True	0.0	5665	True
initial_acceptance_given_initial_contact	feature_price_from_cog_sigma	NUMERIC	True	True	0.0	5458	True
initial_acceptance_given_initial_contact	feature_cog_median_gap_atr	NUMERIC	True	True	0.0	4196	True
initial_acceptance_given_initial_contact	feature_cog_median_gap_sigma	NUMERIC	True	True	0.0	2306	True
initial_acceptance_given_initial_contact	feature_regional_cog_velocity_atr	NUMERIC	True	True	0.0	549	True
initial_acceptance_given_initial_contact	feature_regional_cog_velocity_sigma	NUMERIC	True	True	0.0	549	True
initial_acceptance_given_initial_contact	feature_regional_median_velocity_atr	NUMERIC	True	True	0.0	658	True
initial_acceptance_given_initial_contact	feature_regional_median_velocity_sigma	NUMERIC	True	True	0.0	651	True
initial_acceptance_given_initial_contact	feature_regional_sigma_log_change_per_bar	NUMERIC	True	True	0.0	1050	True
initial_acceptance_given_initial_contact	contributor_count	NUMERIC	True	True	0.0	33	True
initial_acceptance_given_initial_contact	eligibility_latency_seconds	NUMERIC	True	True	0.0	1326	True
initial_acceptance_given_initial_contact	server_hour_sin	NUMERIC	True	True	0.0	21	True
initial_acceptance_given_initial_contact	server_hour_cos	NUMERIC	True	True	0.0	22	True
initial_acceptance_given_initial_contact	canonical_instrument	CATEGORICAL	True	True	0.0	6	True
initial_acceptance_given_initial_contact	start_region	CATEGORICAL	True	True	0.0	5	True
initial_acceptance_given_initial_contact	node_region	CATEGORICAL	True	True	0.0	5	True
initial_acceptance_given_initial_contact	contributor_families	CATEGORICAL	True	True	0.0	81	True
initial_acceptance_given_initial_contact	contributor_producers	CATEGORICAL	True	True	0.0	7	True
rejection_given_initial_contact	ordinal	NUMERIC	True	True	0.0	105	True
rejection_given_initial_contact	direction	NUMERIC	True	True	0.0	2	True
rejection_given_initial_contact	node_width_atr	NUMERIC	True	True	0.0	4515	True
rejection_given_initial_contact	initial_distance_atr	NUMERIC	True	True	0.0	5603	True
rejection_given_initial_contact	approach_efficiency	NUMERIC	True	True	0.0	4408	True
rejection_given_initial_contact	corridor_up_atr	NUMERIC	True	True	0.039393411190517695	4440	True
rejection_given_initial_contact	corridor_down_atr	NUMERIC	True	True	0.03695311138225554	4462	True
rejection_given_initial_contact	family_count	NUMERIC	True	True	0.0	7	True
rejection_given_initial_contact	member_count	NUMERIC	True	True	0.0	33	True
rejection_given_initial_contact	developing_count	NUMERIC	True	True	0.0	6	True
rejection_given_initial_contact	frozen_count	NUMERIC	True	True	0.0	30	True
rejection_given_initial_contact	node_revision	NUMERIC	True	True	0.0	1509	True
rejection_given_initial_contact	node_age_seconds	NUMERIC	True	True	0.0	4633	True
rejection_given_initial_contact	corridor_up_level_count	NUMERIC	True	True	0.0	24	True
rejection_given_initial_contact	corridor_down_level_count	NUMERIC	True	True	0.0	27	True
rejection_given_initial_contact	corridor_up_noise_count	NUMERIC	True	True	0.0	22	True
rejection_given_initial_contact	corridor_down_noise_count	NUMERIC	True	True	0.0	24	True
rejection_given_initial_contact	start_median_sigma	NUMERIC	True	True	0.0	5450	True
rejection_given_initial_contact	node_from_median_sigma	NUMERIC	True	True	0.0	2657	True
rejection_given_initial_contact	node_from_cog_sigma	NUMERIC	True	True	0.0	2871	True
rejection_given_initial_contact	node_width_sigma	NUMERIC	True	True	0.0	2758	True
rejection_given_initial_contact	feature_cog_distance_atr	NUMERIC	True	True	0.0	5665	True
rejection_given_initial_contact	feature_cog_velocity_atr	NUMERIC	True	True	0.0	549	True
rejection_given_initial_contact	feature_c3_distance_atr	NUMERIC	True	True	0.14171169600836675	4856	True
rejection_given_initial_contact	feature_c3_velocity_atr	NUMERIC	True	True	0.14171169600836675	46	True
rejection_given_initial_contact	feature_lattice_width_atr	NUMERIC	True	True	0.40491546104235665	2379	True
rejection_given_initial_contact	feature_poc_distance_atr	NUMERIC	True	True	0.0	5662	True
rejection_given_initial_contact	feature_vah_distance_atr	NUMERIC	True	True	0.0	5662	True
rejection_given_initial_contact	feature_val_distance_atr	NUMERIC	True	True	0.0	5662	True
rejection_given_initial_contact	feature_spread_atr	NUMERIC	True	True	0.0	4024	True
rejection_given_initial_contact	feature_raw_level_count	NUMERIC	True	True	0.0	11	True
rejection_given_initial_contact	feature_noise_level_count	NUMERIC	True	True	0.0	40	True
rejection_given_initial_contact	feature_active_node_count	NUMERIC	True	True	0.0	13	True
rejection_given_initial_contact	feature_population_count	NUMERIC	True	True	0.0	13	True
rejection_given_initial_contact	feature_population_count_delta	NUMERIC	True	True	0.0	8	True
rejection_given_initial_contact	feature_price_from_median_atr	NUMERIC	True	True	0.0	5667	True
rejection_given_initial_contact	feature_price_from_median_sigma	NUMERIC	True	True	0.0	5450	True
rejection_given_initial_contact	feature_price_from_cog_atr	NUMERIC	True	True	0.0	5665	True
rejection_given_initial_contact	feature_price_from_cog_sigma	NUMERIC	True	True	0.0	5458	True
rejection_given_initial_contact	feature_cog_median_gap_atr	NUMERIC	True	True	0.0	4196	True
rejection_given_initial_contact	feature_cog_median_gap_sigma	NUMERIC	True	True	0.0	2306	True
rejection_given_initial_contact	feature_regional_cog_velocity_atr	NUMERIC	True	True	0.0	549	True
rejection_given_initial_contact	feature_regional_cog_velocity_sigma	NUMERIC	True	True	0.0	549	True
rejection_given_initial_contact	feature_regional_median_velocity_atr	NUMERIC	True	True	0.0	658	True
rejection_given_initial_contact	feature_regional_median_velocity_sigma	NUMERIC	True	True	0.0	651	True
rejection_given_initial_contact	feature_regional_sigma_log_change_per_bar	NUMERIC	True	True	0.0	1050	True
rejection_given_initial_contact	contributor_count	NUMERIC	True	True	0.0	33	True
rejection_given_initial_contact	eligibility_latency_seconds	NUMERIC	True	True	0.0	1326	True
rejection_given_initial_contact	server_hour_sin	NUMERIC	True	True	0.0	21	True
rejection_given_initial_contact	server_hour_cos	NUMERIC	True	True	0.0	22	True
rejection_given_initial_contact	canonical_instrument	CATEGORICAL	True	True	0.0	6	True
rejection_given_initial_contact	start_region	CATEGORICAL	True	True	0.0	5	True
rejection_given_initial_contact	node_region	CATEGORICAL	True	True	0.0	5	True
rejection_given_initial_contact	contributor_families	CATEGORICAL	True	True	0.0	81	True
rejection_given_initial_contact	contributor_producers	CATEGORICAL	True	True	0.0	7	True
retest_hold_given_retest_contact	ordinal	NUMERIC	True	True	0.0	91	True
retest_hold_given_retest_contact	direction	NUMERIC	True	True	0.0	2	True
retest_hold_given_retest_contact	node_width_atr	NUMERIC	True	True	0.0	1032	True
retest_hold_given_retest_contact	initial_distance_atr	NUMERIC	True	True	0.0	1252	True
retest_hold_given_retest_contact	approach_efficiency	NUMERIC	True	True	0.0	1183	True
retest_hold_given_retest_contact	corridor_up_atr	NUMERIC	True	True	0.036306235201262825	1012	True
retest_hold_given_retest_contact	corridor_down_atr	NUMERIC	True	True	0.026835043409629045	1014	True
retest_hold_given_retest_contact	family_count	NUMERIC	True	True	0.0	6	True
retest_hold_given_retest_contact	member_count	NUMERIC	True	True	0.0	15	True
retest_hold_given_retest_contact	developing_count	NUMERIC	True	True	0.0	5	True
retest_hold_given_retest_contact	frozen_count	NUMERIC	True	True	0.0	15	True
retest_hold_given_retest_contact	node_revision	NUMERIC	True	True	0.0	747	True
retest_hold_given_retest_contact	node_age_seconds	NUMERIC	True	True	0.0	1247	True
retest_hold_given_retest_contact	corridor_up_level_count	NUMERIC	True	True	0.0	19	True
retest_hold_given_retest_contact	corridor_down_level_count	NUMERIC	True	True	0.0	17	True
retest_hold_given_retest_contact	corridor_up_noise_count	NUMERIC	True	True	0.0	16	True
retest_hold_given_retest_contact	corridor_down_noise_count	NUMERIC	True	True	0.0	17	True
retest_hold_given_retest_contact	start_median_sigma	NUMERIC	True	True	0.0	1203	True
retest_hold_given_retest_contact	node_from_median_sigma	NUMERIC	True	True	0.0	591	True
retest_hold_given_retest_contact	node_from_cog_sigma	NUMERIC	True	True	0.0	666	True
retest_hold_given_retest_contact	node_width_sigma	NUMERIC	True	True	0.0	651	True
retest_hold_given_retest_contact	feature_cog_distance_atr	NUMERIC	True	True	0.0	1255	True
retest_hold_given_retest_contact	feature_cog_velocity_atr	NUMERIC	True	True	0.0	94	True
retest_hold_given_retest_contact	feature_c3_distance_atr	NUMERIC	True	True	0.1681136543014996	1043	True
retest_hold_given_retest_contact	feature_c3_velocity_atr	NUMERIC	True	True	0.1681136543014996	11	True
retest_hold_given_retest_contact	feature_lattice_width_atr	NUMERIC	True	True	0.40015785319652725	600	True
retest_hold_given_retest_contact	feature_poc_distance_atr	NUMERIC	True	True	0.0	1255	True
retest_hold_given_retest_contact	feature_vah_distance_atr	NUMERIC	True	True	0.0	1254	True
retest_hold_given_retest_contact	feature_val_distance_atr	NUMERIC	True	True	0.0	1253	True
retest_hold_given_retest_contact	feature_spread_atr	NUMERIC	True	True	0.0	1013	True
retest_hold_given_retest_contact	feature_raw_level_count	NUMERIC	True	True	0.0	11	True
retest_hold_given_retest_contact	feature_noise_level_count	NUMERIC	True	True	0.0	36	True
retest_hold_given_retest_contact	feature_active_node_count	NUMERIC	True	True	0.0	12	True
retest_hold_given_retest_contact	feature_population_count	NUMERIC	True	True	0.0	12	True
retest_hold_given_retest_contact	feature_population_count_delta	NUMERIC	True	True	0.0	3	True
retest_hold_given_retest_contact	feature_price_from_median_atr	NUMERIC	True	True	0.0	1255	True
retest_hold_given_retest_contact	feature_price_from_median_sigma	NUMERIC	True	True	0.0	1203	True
retest_hold_given_retest_contact	feature_price_from_cog_atr	NUMERIC	True	True	0.0	1255	True
retest_hold_given_retest_contact	feature_price_from_cog_sigma	NUMERIC	True	True	0.0	1209	True
retest_hold_given_retest_contact	feature_cog_median_gap_atr	NUMERIC	True	True	0.0	1015	True
retest_hold_given_retest_contact	feature_cog_median_gap_sigma	NUMERIC	True	True	0.0	580	True
retest_hold_given_retest_contact	feature_regional_cog_velocity_atr	NUMERIC	True	True	0.0	94	True
retest_hold_given_retest_contact	feature_regional_cog_velocity_sigma	NUMERIC	True	True	0.0	94	True
retest_hold_given_retest_contact	feature_regional_median_velocity_atr	NUMERIC	True	True	0.0	104	True
retest_hold_given_retest_contact	feature_regional_median_velocity_sigma	NUMERIC	True	True	0.0	104	True
retest_hold_given_retest_contact	feature_regional_sigma_log_change_per_bar	NUMERIC	True	True	0.0	172	True
retest_hold_given_retest_contact	contributor_count	NUMERIC	True	True	0.0	15	True
retest_hold_given_retest_contact	eligibility_latency_seconds	NUMERIC	True	True	0.0	592	True
retest_hold_given_retest_contact	server_hour_sin	NUMERIC	True	True	0.0	21	True
retest_hold_given_retest_contact	server_hour_cos	NUMERIC	True	True	0.0	22	True
retest_hold_given_retest_contact	canonical_instrument	CATEGORICAL	True	True	0.0	6	True
retest_hold_given_retest_contact	start_region	CATEGORICAL	True	True	0.0	6	True
retest_hold_given_retest_contact	node_region	CATEGORICAL	True	True	0.0	5	True
retest_hold_given_retest_contact	contributor_families	CATEGORICAL	True	True	0.0	48	True
retest_hold_given_retest_contact	contributor_producers	CATEGORICAL	True	True	0.0	5	True
transit_given_episode_acceptance	ordinal	NUMERIC	True	True	0.0	50	True
transit_given_episode_acceptance	direction	NUMERIC	True	True	0.0	2	True
transit_given_episode_acceptance	node_width_atr	NUMERIC	True	True	0.0	375	True
transit_given_episode_acceptance	initial_distance_atr	NUMERIC	True	True	0.0	385	True
transit_given_episode_acceptance	approach_efficiency	NUMERIC	True	True	0.0	342	True
transit_given_episode_acceptance	corridor_up_atr	NUMERIC	True	True	0.012953367875647668	381	True
transit_given_episode_acceptance	corridor_down_atr	NUMERIC	True	True	0.012953367875647668	381	True
transit_given_episode_acceptance	family_count	NUMERIC	True	True	0.0	6	True
transit_given_episode_acceptance	member_count	NUMERIC	True	True	0.0	14	True
transit_given_episode_acceptance	developing_count	NUMERIC	True	True	0.0	6	True
transit_given_episode_acceptance	frozen_count	NUMERIC	True	True	0.0	14	True
transit_given_episode_acceptance	node_revision	NUMERIC	True	True	0.0	225	True
transit_given_episode_acceptance	node_age_seconds	NUMERIC	True	True	0.0	342	True
transit_given_episode_acceptance	corridor_up_level_count	NUMERIC	True	True	0.0	19	True
transit_given_episode_acceptance	corridor_down_level_count	NUMERIC	True	True	0.0	18	True
transit_given_episode_acceptance	corridor_up_noise_count	NUMERIC	True	True	0.0	18	True
transit_given_episode_acceptance	corridor_down_noise_count	NUMERIC	True	True	0.0	18	True
transit_given_episode_acceptance	start_median_sigma	NUMERIC	True	True	0.0	386	True
transit_given_episode_acceptance	node_from_median_sigma	NUMERIC	True	True	0.0	357	True
transit_given_episode_acceptance	node_from_cog_sigma	NUMERIC	True	True	0.0	386	True
transit_given_episode_acceptance	node_width_sigma	NUMERIC	True	True	0.0	376	True
transit_given_episode_acceptance	feature_cog_distance_atr	NUMERIC	True	True	0.0	386	True
transit_given_episode_acceptance	feature_cog_velocity_atr	NUMERIC	True	True	0.0	68	True
transit_given_episode_acceptance	feature_c3_distance_atr	NUMERIC	True	True	0.16321243523316062	323	True
transit_given_episode_acceptance	feature_c3_velocity_atr	NUMERIC	True	True	0.16321243523316062	8	True
transit_given_episode_acceptance	feature_lattice_width_atr	NUMERIC	True	True	0.40414507772020725	221	True
transit_given_episode_acceptance	feature_poc_distance_atr	NUMERIC	True	True	0.0	386	True
transit_given_episode_acceptance	feature_vah_distance_atr	NUMERIC	True	True	0.0	386	True
transit_given_episode_acceptance	feature_val_distance_atr	NUMERIC	True	True	0.0	386	True
transit_given_episode_acceptance	feature_spread_atr	NUMERIC	True	True	0.0	374	True
transit_given_episode_acceptance	feature_raw_level_count	NUMERIC	True	True	0.0	10	True
transit_given_episode_acceptance	feature_noise_level_count	NUMERIC	True	True	0.0	35	True
transit_given_episode_acceptance	feature_active_node_count	NUMERIC	True	True	0.0	12	True
transit_given_episode_acceptance	feature_population_count	NUMERIC	True	True	0.0	12	True
transit_given_episode_acceptance	feature_population_count_delta	NUMERIC	True	True	0.0	7	True
transit_given_episode_acceptance	feature_price_from_median_atr	NUMERIC	True	True	0.0	386	True
transit_given_episode_acceptance	feature_price_from_median_sigma	NUMERIC	True	True	0.0	386	True
transit_given_episode_acceptance	feature_price_from_cog_atr	NUMERIC	True	True	0.0	386	True
transit_given_episode_acceptance	feature_price_from_cog_sigma	NUMERIC	True	True	0.0	386	True
transit_given_episode_acceptance	feature_cog_median_gap_atr	NUMERIC	True	True	0.0	376	True
transit_given_episode_acceptance	feature_cog_median_gap_sigma	NUMERIC	True	True	0.0	359	True
transit_given_episode_acceptance	feature_regional_cog_velocity_atr	NUMERIC	True	True	0.0	68	True
transit_given_episode_acceptance	feature_regional_cog_velocity_sigma	NUMERIC	True	True	0.0	68	True
transit_given_episode_acceptance	feature_regional_median_velocity_atr	NUMERIC	True	True	0.0	74	True
transit_given_episode_acceptance	feature_regional_median_velocity_sigma	NUMERIC	True	True	0.0	74	True
transit_given_episode_acceptance	feature_regional_sigma_log_change_per_bar	NUMERIC	True	True	0.0	108	True
transit_given_episode_acceptance	contributor_count	NUMERIC	True	True	0.0	14	True
transit_given_episode_acceptance	eligibility_latency_seconds	NUMERIC	True	True	0.0	281	True
transit_given_episode_acceptance	server_hour_sin	NUMERIC	True	True	0.0	21	True
transit_given_episode_acceptance	server_hour_cos	NUMERIC	True	True	0.0	22	True
transit_given_episode_acceptance	canonical_instrument	CATEGORICAL	True	True	0.0	6	True
transit_given_episode_acceptance	start_region	CATEGORICAL	True	True	0.0	5	True
transit_given_episode_acceptance	node_region	CATEGORICAL	True	True	0.0	5	True
transit_given_episode_acceptance	contributor_families	CATEGORICAL	True	True	0.0	59	True
transit_given_episode_acceptance	contributor_producers	CATEGORICAL	True	True	0.0	6	True
