claim	status
PARENT_AUTHORITY_BINDING	PASS
DISC02E_PRIOR_PATH_ACCESS_CLASSIFIED	PASS
D_A_D_B_ASSIGNMENT_OUTCOME_BLIND	PASS
D_A_D_B_DISJOINT_AND_EXHAUSTIVE	PASS
MONTH_AND_OFFSET_BALANCE	PASS
ANCHOR_REGISTRY_FROZEN	PASS
FUTURE_PROCESS_TAPE_FROZEN	PASS
OUTCOME_REGISTRY_FROZEN	PASS
KNOWLEDGE_TIME_CAUSALITY	PASS
CENSORING_AND_MISSINGNESS_TYPED	PASS
SOURCE_GAP_FAIL_CLOSED	PASS
SYNTHETIC_ADVERSARIAL_SUITE	PASS
D_B_DERIVED_OUTCOME_FIREWALL	PASS
D_C_CONFIRMATION_FIREWALL	PASS
NO_REAL_OUTCOME_COMPUTATION	PASS
NO_FORMAL_INFERENCE	PASS
NO_ECONOMIC_OR_TRADING_AUTHORITY	PASS
