P2_root	P2T_root	classification	primary_checkpoint	session_id	civil_date	offset	selected_ordinal	parent_gap	calendar_gap	raw_difference	raw_cumulative	z_difference	z_cumulative
af0b7f804a8d8337572d6a4a6f2ddcb426defb1f4d5f28ed0fde54882050d00c	a2b3facd10cee4f0909891958654ec1a86b2615c602c30a726ea3c4bf4706c18	POST_GATE_DESCRIPTIVE_DIAGNOSTICS_ONLY	d4e80a53e3101066acd22a4d81525f24dd0a9d02a04a6c5dc9864a0695dc26f1	OBSOPEN_US30_20240103	2024-01-03	120	1	NOT_APPLICABLE	NOT_APPLICABLE	0.09156045223443510	0.09156045223443510	0.10672166846194076	0.10672166846194076
af0b7f804a8d8337572d6a4a6f2ddcb426defb1f4d5f28ed0fde54882050d00c	a2b3facd10cee4f0909891958654ec1a86b2615c602c30a726ea3c4bf4706c18	POST_GATE_DESCRIPTIVE_DIAGNOSTICS_ONLY	d4e80a53e3101066acd22a4d81525f24dd0a9d02a04a6c5dc9864a0695dc26f1	OBSOPEN_US30_20240104	2024-01-04	120	2	1	1	0.03815154370179100	0.12971199593622609	0.09944023377115550	0.20616190223309627
af0b7f804a8d8337572d6a4a6f2ddcb426defb1f4d5f28ed0fde54882050d00c	a2b3facd10cee4f0909891958654ec1a86b2615c602c30a726ea3c4bf4706c18	POST_GATE_DESCRIPTIVE_DIAGNOSTICS_ONLY	d4e80a53e3101066acd22a4d81525f24dd0a9d02a04a6c5dc9864a0695dc26f1	OBSOPEN_US30_20240108	2024-01-08	120	3	1	4	-0.06278766370721242	0.06692433222901367	-0.07324472507304547	0.13291717716005080
af0b7f804a8d8337572d6a4a6f2ddcb426defb1f4d5f28ed0fde54882050d00c	a2b3facd10cee4f0909891958654ec1a86b2615c602c30a726ea3c4bf4706c18	POST_GATE_DESCRIPTIVE_DIAGNOSTICS_ONLY	d4e80a53e3101066acd22a4d81525f24dd0a9d02a04a6c5dc9864a0695dc26f1	OBSOPEN_US30_20240109	2024-01-09	120	4	1	1	0.08574713429838279	0.15267146652739647	0.10683066186094550	0.23974783902099631
af0b7f804a8d8337572d6a4a6f2ddcb426defb1f4d5f28ed0fde54882050d00c	a2b3facd10cee4f0909891958654ec1a86b2615c602c30a726ea3c4bf4706c18	POST_GATE_DESCRIPTIVE_DIAGNOSTICS_ONLY	d4e80a53e3101066acd22a4d81525f24dd0a9d02a04a6c5dc9864a0695dc26f1	OBSOPEN_US30_20240110	2024-01-10	120	5	1	1	0.02162458578185764	0.17429605230925410	0.04592070829409564	0.28566854731509195
af0b7f804a8d8337572d6a4a6f2ddcb426defb1f4d5f28ed0fde54882050d00c	a2b3facd10cee4f0909891958654ec1a86b2615c602c30a726ea3c4bf4706c18	POST_GATE_DESCRIPTIVE_DIAGNOSTICS_ONLY	d4e80a53e3101066acd22a4d81525f24dd0a9d02a04a6c5dc9864a0695dc26f1	OBSOPEN_US30_20240116	2024-01-16	120	6	2	6	-0.11704020986973990	0.05725584243951420	-0.12194238074671632	0.16372616656837563
af0b7f804a8d8337572d6a4a6f2ddcb426defb1f4d5f28ed0fde54882050d00c	a2b3facd10cee4f0909891958654ec1a86b2615c602c30a726ea3c4bf4706c18	POST_GATE_DESCRIPTIVE_DIAGNOSTICS_ONLY	d4e80a53e3101066acd22a4d81525f24dd0a9d02a04a6c5dc9864a0695dc26f1	OBSOPEN_US30_20240117	2024-01-17	120	7	1	1	0.04567834646023261	0.10293418889974681	0.10067118274669860	0.26439734931507425
af0b7f804a8d8337572d6a4a6f2ddcb426defb1f4d5f28ed0fde54882050d00c	a2b3facd10cee4f0909891958654ec1a86b2615c602c30a726ea3c4bf4706c18	POST_GATE_DESCRIPTIVE_DIAGNOSTICS_ONLY	d4e80a53e3101066acd22a4d81525f24dd0a9d02a04a6c5dc9864a0695dc26f1	OBSOPEN_US30_20240125	2024-01-25	120	8	5	8	-0.03067363349626051	0.07226055540348630	-0.09638160535841267	0.16801574395666158
af0b7f804a8d8337572d6a4a6f2ddcb426defb1f4d5f28ed0fde54882050d00c	a2b3facd10cee4f0909891958654ec1a86b2615c602c30a726ea3c4bf4706c18	POST_GATE_DESCRIPTIVE_DIAGNOSTICS_ONLY	d4e80a53e3101066acd22a4d81525f24dd0a9d02a04a6c5dc9864a0695dc26f1	OBSOPEN_US30_20240129	2024-01-29	120	9	1	4	-0.00129738865886042	0.07096316674462588	-0.08912844179249080	0.07888730216417078
af0b7f804a8d8337572d6a4a6f2ddcb426defb1f4d5f28ed0fde54882050d00c	a2b3facd10cee4f0909891958654ec1a86b2615c602c30a726ea3c4bf4706c18	POST_GATE_DESCRIPTIVE_DIAGNOSTICS_ONLY	d4e80a53e3101066acd22a4d81525f24dd0a9d02a04a6c5dc9864a0695dc26f1	OBSOPEN_US30_20240208	2024-02-08	120	10	7	10	0.09408080283770745	0.16504396958233333	0.12795786297643436	0.20684516514060514
af0b7f804a8d8337572d6a4a6f2ddcb426defb1f4d5f28ed0fde54882050d00c	a2b3facd10cee4f0909891958654ec1a86b2615c602c30a726ea3c4bf4706c18	POST_GATE_DESCRIPTIVE_DIAGNOSTICS_ONLY	d4e80a53e3101066acd22a4d81525f24dd0a9d02a04a6c5dc9864a0695dc26f1	OBSOPEN_US30_20240213	2024-02-13	120	11	1	5	0.13828003693983987	0.30332400652217317	0.13841528716086310	0.34526045230146823
af0b7f804a8d8337572d6a4a6f2ddcb426defb1f4d5f28ed0fde54882050d00c	a2b3facd10cee4f0909891958654ec1a86b2615c602c30a726ea3c4bf4706c18	POST_GATE_DESCRIPTIVE_DIAGNOSTICS_ONLY	d4e80a53e3101066acd22a4d81525f24dd0a9d02a04a6c5dc9864a0695dc26f1	OBSOPEN_US30_20240214	2024-02-14	120	12	1	1	0.01533514132140540	0.31865914784357857	0.00014310755918190	0.34540355986065013
af0b7f804a8d8337572d6a4a6f2ddcb426defb1f4d5f28ed0fde54882050d00c	a2b3facd10cee4f0909891958654ec1a86b2615c602c30a726ea3c4bf4706c18	POST_GATE_DESCRIPTIVE_DIAGNOSTICS_ONLY	d4e80a53e3101066acd22a4d81525f24dd0a9d02a04a6c5dc9864a0695dc26f1	OBSOPEN_US30_20240215	2024-02-15	120	13	1	1	0.08484989075869177	0.40350903860227033	0.11752785564793748	0.46293141550858763
af0b7f804a8d8337572d6a4a6f2ddcb426defb1f4d5f28ed0fde54882050d00c	a2b3facd10cee4f0909891958654ec1a86b2615c602c30a726ea3c4bf4706c18	POST_GATE_DESCRIPTIVE_DIAGNOSTICS_ONLY	d4e80a53e3101066acd22a4d81525f24dd0a9d02a04a6c5dc9864a0695dc26f1	OBSOPEN_US30_20240220	2024-02-20	120	14	1	5	0.03521487395125392	0.43872391255352428	0.07224882490842843	0.53518024041701606
af0b7f804a8d8337572d6a4a6f2ddcb426defb1f4d5f28ed0fde54882050d00c	a2b3facd10cee4f0909891958654ec1a86b2615c602c30a726ea3c4bf4706c18	POST_GATE_DESCRIPTIVE_DIAGNOSTICS_ONLY	d4e80a53e3101066acd22a4d81525f24dd0a9d02a04a6c5dc9864a0695dc26f1	OBSOPEN_US30_20240221	2024-02-21	120	15	1	1	-0.01476478397630954	0.42395912857721474	-0.01890474414012214	0.51627549627689395
af0b7f804a8d8337572d6a4a6f2ddcb426defb1f4d5f28ed0fde54882050d00c	a2b3facd10cee4f0909891958654ec1a86b2615c602c30a726ea3c4bf4706c18	POST_GATE_DESCRIPTIVE_DIAGNOSTICS_ONLY	d4e80a53e3101066acd22a4d81525f24dd0a9d02a04a6c5dc9864a0695dc26f1	OBSOPEN_US30_20240222	2024-02-22	120	16	1	1	-0.07327395157715608	0.35068517700005863	-0.03763343433990304	0.47864206193699088
af0b7f804a8d8337572d6a4a6f2ddcb426defb1f4d5f28ed0fde54882050d00c	a2b3facd10cee4f0909891958654ec1a86b2615c602c30a726ea3c4bf4706c18	POST_GATE_DESCRIPTIVE_DIAGNOSTICS_ONLY	d4e80a53e3101066acd22a4d81525f24dd0a9d02a04a6c5dc9864a0695dc26f1	OBSOPEN_US30_20240304	2024-03-04	120	17	5	11	0.04253855873449233	0.39322373573455094	0.07908864872501466	0.55773071066200552
af0b7f804a8d8337572d6a4a6f2ddcb426defb1f4d5f28ed0fde54882050d00c	a2b3facd10cee4f0909891958654ec1a86b2615c602c30a726ea3c4bf4706c18	POST_GATE_DESCRIPTIVE_DIAGNOSTICS_ONLY	d4e80a53e3101066acd22a4d81525f24dd0a9d02a04a6c5dc9864a0695dc26f1	OBSOPEN_US30_20240305	2024-03-05	120	18	1	1	0.11011576510124049	0.50333950083579149	0.14658395245698261	0.70431466311898816
af0b7f804a8d8337572d6a4a6f2ddcb426defb1f4d5f28ed0fde54882050d00c	a2b3facd10cee4f0909891958654ec1a86b2615c602c30a726ea3c4bf4706c18	POST_GATE_DESCRIPTIVE_DIAGNOSTICS_ONLY	d4e80a53e3101066acd22a4d81525f24dd0a9d02a04a6c5dc9864a0695dc26f1	OBSOPEN_US30_20240306	2024-03-06	120	19	1	1	0.11462282912021582	0.61796232995600731	0.12323852219945125	0.82755318531843947
af0b7f804a8d8337572d6a4a6f2ddcb426defb1f4d5f28ed0fde54882050d00c	a2b3facd10cee4f0909891958654ec1a86b2615c602c30a726ea3c4bf4706c18	POST_GATE_DESCRIPTIVE_DIAGNOSTICS_ONLY	d4e80a53e3101066acd22a4d81525f24dd0a9d02a04a6c5dc9864a0695dc26f1	OBSOPEN_US30_20240311	2024-03-11	120	20	2	5	0.07071437148492815	0.68867670144093540	0.06279853031150018	0.89035171562993964
af0b7f804a8d8337572d6a4a6f2ddcb426defb1f4d5f28ed0fde54882050d00c	a2b3facd10cee4f0909891958654ec1a86b2615c602c30a726ea3c4bf4706c18	POST_GATE_DESCRIPTIVE_DIAGNOSTICS_ONLY	d4e80a53e3101066acd22a4d81525f24dd0a9d02a04a6c5dc9864a0695dc26f1	OBSOPEN_US30_20240313	2024-03-13	120	21	2	2	-0.03837039417154428	0.65030630726939109	-0.02508494113782803	0.86526677449211165
af0b7f804a8d8337572d6a4a6f2ddcb426defb1f4d5f28ed0fde54882050d00c	a2b3facd10cee4f0909891958654ec1a86b2615c602c30a726ea3c4bf4706c18	POST_GATE_DESCRIPTIVE_DIAGNOSTICS_ONLY	d4e80a53e3101066acd22a4d81525f24dd0a9d02a04a6c5dc9864a0695dc26f1	OBSOPEN_US30_20240314	2024-03-14	120	22	1	1	0.12412215369193455	0.77442846096132567	0.12809164251688018	0.99335841700899186
af0b7f804a8d8337572d6a4a6f2ddcb426defb1f4d5f28ed0fde54882050d00c	a2b3facd10cee4f0909891958654ec1a86b2615c602c30a726ea3c4bf4706c18	POST_GATE_DESCRIPTIVE_DIAGNOSTICS_ONLY	d4e80a53e3101066acd22a4d81525f24dd0a9d02a04a6c5dc9864a0695dc26f1	OBSOPEN_US30_20240315	2024-03-15	120	23	1	1	-0.07081502265863227	0.70361343830269341	-0.08109949730120430	0.91225891970778750
af0b7f804a8d8337572d6a4a6f2ddcb426defb1f4d5f28ed0fde54882050d00c	a2b3facd10cee4f0909891958654ec1a86b2615c602c30a726ea3c4bf4706c18	POST_GATE_DESCRIPTIVE_DIAGNOSTICS_ONLY	d4e80a53e3101066acd22a4d81525f24dd0a9d02a04a6c5dc9864a0695dc26f1	OBSOPEN_US30_20240319	2024-03-19	120	24	2	4	0.02138698930265287	0.72500042760534633	0.05941221904428763	0.97167113875207511
af0b7f804a8d8337572d6a4a6f2ddcb426defb1f4d5f28ed0fde54882050d00c	a2b3facd10cee4f0909891958654ec1a86b2615c602c30a726ea3c4bf4706c18	POST_GATE_DESCRIPTIVE_DIAGNOSTICS_ONLY	d4e80a53e3101066acd22a4d81525f24dd0a9d02a04a6c5dc9864a0695dc26f1	OBSOPEN_US30_20240320	2024-03-20	120	25	1	1	0.03281045757589104	0.75781088518123740	0.10527834938340498	1.07694948813548019
af0b7f804a8d8337572d6a4a6f2ddcb426defb1f4d5f28ed0fde54882050d00c	a2b3facd10cee4f0909891958654ec1a86b2615c602c30a726ea3c4bf4706c18	POST_GATE_DESCRIPTIVE_DIAGNOSTICS_ONLY	d4e80a53e3101066acd22a4d81525f24dd0a9d02a04a6c5dc9864a0695dc26f1	OBSOPEN_US30_20240322	2024-03-22	120	26	2	2	0.09377516045352524	0.85158604563476259	0.12037560059345651	1.19732508872893662
af0b7f804a8d8337572d6a4a6f2ddcb426defb1f4d5f28ed0fde54882050d00c	a2b3facd10cee4f0909891958654ec1a86b2615c602c30a726ea3c4bf4706c18	POST_GATE_DESCRIPTIVE_DIAGNOSTICS_ONLY	d4e80a53e3101066acd22a4d81525f24dd0a9d02a04a6c5dc9864a0695dc26f1	OBSOPEN_US30_20240325	2024-03-25	120	27	1	3	0.06886537057124736	0.92045141620601001	0.06600136830130249	1.26332645703023916
af0b7f804a8d8337572d6a4a6f2ddcb426defb1f4d5f28ed0fde54882050d00c	a2b3facd10cee4f0909891958654ec1a86b2615c602c30a726ea3c4bf4706c18	POST_GATE_DESCRIPTIVE_DIAGNOSTICS_ONLY	d4e80a53e3101066acd22a4d81525f24dd0a9d02a04a6c5dc9864a0695dc26f1	OBSOPEN_US30_20240402	2024-04-02	180	28	5	8	0.03229437869885482	0.95274579490486477	0.04674433159809735	1.31007078862833648
af0b7f804a8d8337572d6a4a6f2ddcb426defb1f4d5f28ed0fde54882050d00c	a2b3facd10cee4f0909891958654ec1a86b2615c602c30a726ea3c4bf4706c18	POST_GATE_DESCRIPTIVE_DIAGNOSTICS_ONLY	d4e80a53e3101066acd22a4d81525f24dd0a9d02a04a6c5dc9864a0695dc26f1	OBSOPEN_US30_20240404	2024-04-04	180	29	2	2	0.09810135981618751	1.05084715472105228	0.13051885239983743	1.44058964102817399
af0b7f804a8d8337572d6a4a6f2ddcb426defb1f4d5f28ed0fde54882050d00c	a2b3facd10cee4f0909891958654ec1a86b2615c602c30a726ea3c4bf4706c18	POST_GATE_DESCRIPTIVE_DIAGNOSTICS_ONLY	d4e80a53e3101066acd22a4d81525f24dd0a9d02a04a6c5dc9864a0695dc26f1	OBSOPEN_US30_20240409	2024-04-09	180	30	2	5	0.08621911430313006	1.13706626902418240	0.09610245818006247	1.53669209920823646
af0b7f804a8d8337572d6a4a6f2ddcb426defb1f4d5f28ed0fde54882050d00c	a2b3facd10cee4f0909891958654ec1a86b2615c602c30a726ea3c4bf4706c18	POST_GATE_DESCRIPTIVE_DIAGNOSTICS_ONLY	d4e80a53e3101066acd22a4d81525f24dd0a9d02a04a6c5dc9864a0695dc26f1	OBSOPEN_US30_20240418	2024-04-18	180	31	6	9	0.00632991525062293	1.14339618427480527	0.01058409739901930	1.54727619660725568
af0b7f804a8d8337572d6a4a6f2ddcb426defb1f4d5f28ed0fde54882050d00c	a2b3facd10cee4f0909891958654ec1a86b2615c602c30a726ea3c4bf4706c18	POST_GATE_DESCRIPTIVE_DIAGNOSTICS_ONLY	d4e80a53e3101066acd22a4d81525f24dd0a9d02a04a6c5dc9864a0695dc26f1	OBSOPEN_US30_20240424	2024-04-24	180	32	3	6	-0.01075182805013752	1.13264435622466775	-0.04203384612668914	1.50524235048056654
af0b7f804a8d8337572d6a4a6f2ddcb426defb1f4d5f28ed0fde54882050d00c	a2b3facd10cee4f0909891958654ec1a86b2615c602c30a726ea3c4bf4706c18	POST_GATE_DESCRIPTIVE_DIAGNOSTICS_ONLY	d4e80a53e3101066acd22a4d81525f24dd0a9d02a04a6c5dc9864a0695dc26f1	OBSOPEN_US30_20240425	2024-04-25	180	33	1	1	0.10958186616189716	1.24222622238656499	0.13859080253132594	1.64383315301189237
af0b7f804a8d8337572d6a4a6f2ddcb426defb1f4d5f28ed0fde54882050d00c	a2b3facd10cee4f0909891958654ec1a86b2615c602c30a726ea3c4bf4706c18	POST_GATE_DESCRIPTIVE_DIAGNOSTICS_ONLY	d4e80a53e3101066acd22a4d81525f24dd0a9d02a04a6c5dc9864a0695dc26f1	OBSOPEN_US30_20240430	2024-04-30	180	34	2	5	-0.01162963480239843	1.23059658758416646	-0.01564557196277544	1.62818758104911687
af0b7f804a8d8337572d6a4a6f2ddcb426defb1f4d5f28ed0fde54882050d00c	a2b3facd10cee4f0909891958654ec1a86b2615c602c30a726ea3c4bf4706c18	POST_GATE_DESCRIPTIVE_DIAGNOSTICS_ONLY	d4e80a53e3101066acd22a4d81525f24dd0a9d02a04a6c5dc9864a0695dc26f1	OBSOPEN_US30_20240506	2024-05-06	180	35	3	6	0.07539527486649381	1.30599186245066035	0.12540368540986213	1.75359126645897900
af0b7f804a8d8337572d6a4a6f2ddcb426defb1f4d5f28ed0fde54882050d00c	a2b3facd10cee4f0909891958654ec1a86b2615c602c30a726ea3c4bf4706c18	POST_GATE_DESCRIPTIVE_DIAGNOSTICS_ONLY	d4e80a53e3101066acd22a4d81525f24dd0a9d02a04a6c5dc9864a0695dc26f1	OBSOPEN_US30_20240507	2024-05-07	180	36	1	1	0.03074076367252809	1.33673262612318844	0.08565744399118030	1.83924871045015936
af0b7f804a8d8337572d6a4a6f2ddcb426defb1f4d5f28ed0fde54882050d00c	a2b3facd10cee4f0909891958654ec1a86b2615c602c30a726ea3c4bf4706c18	POST_GATE_DESCRIPTIVE_DIAGNOSTICS_ONLY	d4e80a53e3101066acd22a4d81525f24dd0a9d02a04a6c5dc9864a0695dc26f1	OBSOPEN_US30_20240514	2024-05-14	180	37	4	7	-0.02116712138187793	1.31556550474131040	-0.05099519590659157	1.78825351454356785
af0b7f804a8d8337572d6a4a6f2ddcb426defb1f4d5f28ed0fde54882050d00c	a2b3facd10cee4f0909891958654ec1a86b2615c602c30a726ea3c4bf4706c18	POST_GATE_DESCRIPTIVE_DIAGNOSTICS_ONLY	d4e80a53e3101066acd22a4d81525f24dd0a9d02a04a6c5dc9864a0695dc26f1	OBSOPEN_US30_20240515	2024-05-15	180	38	1	1	-0.03835726185953475	1.27720824288177570	-0.08301761221325504	1.70523590233031275
af0b7f804a8d8337572d6a4a6f2ddcb426defb1f4d5f28ed0fde54882050d00c	a2b3facd10cee4f0909891958654ec1a86b2615c602c30a726ea3c4bf4706c18	POST_GATE_DESCRIPTIVE_DIAGNOSTICS_ONLY	d4e80a53e3101066acd22a4d81525f24dd0a9d02a04a6c5dc9864a0695dc26f1	OBSOPEN_US30_20240520	2024-05-20	180	39	2	5	-0.03289586732399061	1.24431237555778518	-0.07427566775276048	1.63096023457755224
af0b7f804a8d8337572d6a4a6f2ddcb426defb1f4d5f28ed0fde54882050d00c	a2b3facd10cee4f0909891958654ec1a86b2615c602c30a726ea3c4bf4706c18	POST_GATE_DESCRIPTIVE_DIAGNOSTICS_ONLY	d4e80a53e3101066acd22a4d81525f24dd0a9d02a04a6c5dc9864a0695dc26f1	OBSOPEN_US30_20240528	2024-05-28	180	40	4	8	-0.00684851982197587	1.23746385573580930	-0.01990843016641758	1.61105180441113460
af0b7f804a8d8337572d6a4a6f2ddcb426defb1f4d5f28ed0fde54882050d00c	a2b3facd10cee4f0909891958654ec1a86b2615c602c30a726ea3c4bf4706c18	POST_GATE_DESCRIPTIVE_DIAGNOSTICS_ONLY	d4e80a53e3101066acd22a4d81525f24dd0a9d02a04a6c5dc9864a0695dc26f1	OBSOPEN_US30_20240529	2024-05-29	180	41	1	1	-0.02951610097673821	1.20794775475907112	-0.06685086989957303	1.54420093451156148
af0b7f804a8d8337572d6a4a6f2ddcb426defb1f4d5f28ed0fde54882050d00c	a2b3facd10cee4f0909891958654ec1a86b2615c602c30a726ea3c4bf4706c18	POST_GATE_DESCRIPTIVE_DIAGNOSTICS_ONLY	d4e80a53e3101066acd22a4d81525f24dd0a9d02a04a6c5dc9864a0695dc26f1	OBSOPEN_US30_20240603	2024-06-03	180	42	2	5	0.08964869416846341	1.29759644892753445	0.13436828319772423	1.67856921770928569
af0b7f804a8d8337572d6a4a6f2ddcb426defb1f4d5f28ed0fde54882050d00c	a2b3facd10cee4f0909891958654ec1a86b2615c602c30a726ea3c4bf4706c18	POST_GATE_DESCRIPTIVE_DIAGNOSTICS_ONLY	d4e80a53e3101066acd22a4d81525f24dd0a9d02a04a6c5dc9864a0695dc26f1	OBSOPEN_US30_20240604	2024-06-04	180	43	1	1	0.10602767728053621	1.40362412620807064	0.10825985590025509	1.78682907360954069
af0b7f804a8d8337572d6a4a6f2ddcb426defb1f4d5f28ed0fde54882050d00c	a2b3facd10cee4f0909891958654ec1a86b2615c602c30a726ea3c4bf4706c18	POST_GATE_DESCRIPTIVE_DIAGNOSTICS_ONLY	d4e80a53e3101066acd22a4d81525f24dd0a9d02a04a6c5dc9864a0695dc26f1	OBSOPEN_US30_20240605	2024-06-05	180	44	1	1	0.09754005285779518	1.50116417906586586	0.14695570936922611	1.93378478297876688
af0b7f804a8d8337572d6a4a6f2ddcb426defb1f4d5f28ed0fde54882050d00c	a2b3facd10cee4f0909891958654ec1a86b2615c602c30a726ea3c4bf4706c18	POST_GATE_DESCRIPTIVE_DIAGNOSTICS_ONLY	d4e80a53e3101066acd22a4d81525f24dd0a9d02a04a6c5dc9864a0695dc26f1	OBSOPEN_US30_20240618	2024-06-18	180	45	7	13	-0.08356214965117620	1.41760202941468960	-0.08432365302658906	1.84946112995217771
af0b7f804a8d8337572d6a4a6f2ddcb426defb1f4d5f28ed0fde54882050d00c	a2b3facd10cee4f0909891958654ec1a86b2615c602c30a726ea3c4bf4706c18	POST_GATE_DESCRIPTIVE_DIAGNOSTICS_ONLY	d4e80a53e3101066acd22a4d81525f24dd0a9d02a04a6c5dc9864a0695dc26f1	OBSOPEN_US30_20240624	2024-06-24	180	46	2	6	0.04804994561300882	1.46565197502769839	0.03246292685461816	1.88192405680679586
af0b7f804a8d8337572d6a4a6f2ddcb426defb1f4d5f28ed0fde54882050d00c	a2b3facd10cee4f0909891958654ec1a86b2615c602c30a726ea3c4bf4706c18	POST_GATE_DESCRIPTIVE_DIAGNOSTICS_ONLY	d4e80a53e3101066acd22a4d81525f24dd0a9d02a04a6c5dc9864a0695dc26f1	OBSOPEN_US30_20240626	2024-06-26	180	47	2	2	-0.02907707167416784	1.43657490335353044	-0.05737386405378148	1.82455019275301433
af0b7f804a8d8337572d6a4a6f2ddcb426defb1f4d5f28ed0fde54882050d00c	a2b3facd10cee4f0909891958654ec1a86b2615c602c30a726ea3c4bf4706c18	POST_GATE_DESCRIPTIVE_DIAGNOSTICS_ONLY	d4e80a53e3101066acd22a4d81525f24dd0a9d02a04a6c5dc9864a0695dc26f1	OBSOPEN_US30_20240627	2024-06-27	180	48	1	1	0.03676228406109514	1.47333718741462549	0.05158649064716797	1.87613668340018225
af0b7f804a8d8337572d6a4a6f2ddcb426defb1f4d5f28ed0fde54882050d00c	a2b3facd10cee4f0909891958654ec1a86b2615c602c30a726ea3c4bf4706c18	POST_GATE_DESCRIPTIVE_DIAGNOSTICS_ONLY	d4e80a53e3101066acd22a4d81525f24dd0a9d02a04a6c5dc9864a0695dc26f1	OBSOPEN_US30_20240708	2024-07-08	180	49	3	11	-0.24818361485561202	1.22515357255901347	-0.15152598977969362	1.72461069362048858
af0b7f804a8d8337572d6a4a6f2ddcb426defb1f4d5f28ed0fde54882050d00c	a2b3facd10cee4f0909891958654ec1a86b2615c602c30a726ea3c4bf4706c18	POST_GATE_DESCRIPTIVE_DIAGNOSTICS_ONLY	d4e80a53e3101066acd22a4d81525f24dd0a9d02a04a6c5dc9864a0695dc26f1	OBSOPEN_US30_20240709	2024-07-09	180	50	1	1	0.08865550181293905	1.31380907437195260	0.12450379320094948	1.84911448682143797
af0b7f804a8d8337572d6a4a6f2ddcb426defb1f4d5f28ed0fde54882050d00c	a2b3facd10cee4f0909891958654ec1a86b2615c602c30a726ea3c4bf4706c18	POST_GATE_DESCRIPTIVE_DIAGNOSTICS_ONLY	d4e80a53e3101066acd22a4d81525f24dd0a9d02a04a6c5dc9864a0695dc26f1	OBSOPEN_US30_20240710	2024-07-10	180	51	1	1	0.02416368714029254	1.33797276151224520	0.02424164804612455	1.87335613486756247
af0b7f804a8d8337572d6a4a6f2ddcb426defb1f4d5f28ed0fde54882050d00c	a2b3facd10cee4f0909891958654ec1a86b2615c602c30a726ea3c4bf4706c18	POST_GATE_DESCRIPTIVE_DIAGNOSTICS_ONLY	d4e80a53e3101066acd22a4d81525f24dd0a9d02a04a6c5dc9864a0695dc26f1	OBSOPEN_US30_20240715	2024-07-15	180	52	2	5	-0.00604689797951202	1.33192586353273312	-0.00888307779874942	1.86447305706881306
af0b7f804a8d8337572d6a4a6f2ddcb426defb1f4d5f28ed0fde54882050d00c	a2b3facd10cee4f0909891958654ec1a86b2615c602c30a726ea3c4bf4706c18	POST_GATE_DESCRIPTIVE_DIAGNOSTICS_ONLY	d4e80a53e3101066acd22a4d81525f24dd0a9d02a04a6c5dc9864a0695dc26f1	OBSOPEN_US30_20240718	2024-07-18	180	53	3	3	0.13678615131421701	1.46871201484695013	0.12294090429866243	1.98741396136747550
af0b7f804a8d8337572d6a4a6f2ddcb426defb1f4d5f28ed0fde54882050d00c	a2b3facd10cee4f0909891958654ec1a86b2615c602c30a726ea3c4bf4706c18	POST_GATE_DESCRIPTIVE_DIAGNOSTICS_ONLY	d4e80a53e3101066acd22a4d81525f24dd0a9d02a04a6c5dc9864a0695dc26f1	OBSOPEN_US30_20240723	2024-07-23	180	54	2	5	-0.01726226977589895	1.45144974507105129	-0.03821089816737899	1.94920306320009651
af0b7f804a8d8337572d6a4a6f2ddcb426defb1f4d5f28ed0fde54882050d00c	a2b3facd10cee4f0909891958654ec1a86b2615c602c30a726ea3c4bf4706c18	POST_GATE_DESCRIPTIVE_DIAGNOSTICS_ONLY	d4e80a53e3101066acd22a4d81525f24dd0a9d02a04a6c5dc9864a0695dc26f1	OBSOPEN_US30_20240729	2024-07-29	180	55	3	6	0.10182775587256976	1.55327750094362105	0.13374448785391607	2.08294755105401252
af0b7f804a8d8337572d6a4a6f2ddcb426defb1f4d5f28ed0fde54882050d00c	a2b3facd10cee4f0909891958654ec1a86b2615c602c30a726ea3c4bf4706c18	POST_GATE_DESCRIPTIVE_DIAGNOSTICS_ONLY	d4e80a53e3101066acd22a4d81525f24dd0a9d02a04a6c5dc9864a0695dc26f1	OBSOPEN_US30_20240805	2024-08-05	180	56	4	7	0.05757038885782673	1.61084788980144777	0.01539095059643744	2.09833850165045011
af0b7f804a8d8337572d6a4a6f2ddcb426defb1f4d5f28ed0fde54882050d00c	a2b3facd10cee4f0909891958654ec1a86b2615c602c30a726ea3c4bf4706c18	POST_GATE_DESCRIPTIVE_DIAGNOSTICS_ONLY	d4e80a53e3101066acd22a4d81525f24dd0a9d02a04a6c5dc9864a0695dc26f1	OBSOPEN_US30_20240812	2024-08-12	180	57	4	7	-0.06451675058005291	1.54633113922139476	-0.02422793158525527	2.07411057006519473
af0b7f804a8d8337572d6a4a6f2ddcb426defb1f4d5f28ed0fde54882050d00c	a2b3facd10cee4f0909891958654ec1a86b2615c602c30a726ea3c4bf4706c18	POST_GATE_DESCRIPTIVE_DIAGNOSTICS_ONLY	d4e80a53e3101066acd22a4d81525f24dd0a9d02a04a6c5dc9864a0695dc26f1	OBSOPEN_US30_20240820	2024-08-20	180	58	5	8	-0.01765797150931800	1.52867316771207684	-0.04468438693112184	2.02942618313407275
af0b7f804a8d8337572d6a4a6f2ddcb426defb1f4d5f28ed0fde54882050d00c	a2b3facd10cee4f0909891958654ec1a86b2615c602c30a726ea3c4bf4706c18	POST_GATE_DESCRIPTIVE_DIAGNOSTICS_ONLY	d4e80a53e3101066acd22a4d81525f24dd0a9d02a04a6c5dc9864a0695dc26f1	OBSOPEN_US30_20240827	2024-08-27	180	59	4	7	0.01458186699052560	1.54325503470260239	0.01678594433251671	2.04621212746658943
af0b7f804a8d8337572d6a4a6f2ddcb426defb1f4d5f28ed0fde54882050d00c	a2b3facd10cee4f0909891958654ec1a86b2615c602c30a726ea3c4bf4706c18	POST_GATE_DESCRIPTIVE_DIAGNOSTICS_ONLY	d4e80a53e3101066acd22a4d81525f24dd0a9d02a04a6c5dc9864a0695dc26f1	OBSOPEN_US30_20240903	2024-09-03	180	60	3	7	0.06728179794227027	1.61053683264487257	0.06978993796331770	2.11600206542990721
af0b7f804a8d8337572d6a4a6f2ddcb426defb1f4d5f28ed0fde54882050d00c	a2b3facd10cee4f0909891958654ec1a86b2615c602c30a726ea3c4bf4706c18	POST_GATE_DESCRIPTIVE_DIAGNOSTICS_ONLY	d4e80a53e3101066acd22a4d81525f24dd0a9d02a04a6c5dc9864a0695dc26f1	OBSOPEN_US30_20240904	2024-09-04	180	61	1	1	0.07365601692208451	1.68419284956695714	0.05250791114764594	2.16850997657755329
af0b7f804a8d8337572d6a4a6f2ddcb426defb1f4d5f28ed0fde54882050d00c	a2b3facd10cee4f0909891958654ec1a86b2615c602c30a726ea3c4bf4706c18	POST_GATE_DESCRIPTIVE_DIAGNOSTICS_ONLY	d4e80a53e3101066acd22a4d81525f24dd0a9d02a04a6c5dc9864a0695dc26f1	OBSOPEN_US30_20240911	2024-09-11	180	62	4	7	0.20457676541755310	1.88876961498451035	0.18942196882706097	2.35793194540461437
af0b7f804a8d8337572d6a4a6f2ddcb426defb1f4d5f28ed0fde54882050d00c	a2b3facd10cee4f0909891958654ec1a86b2615c602c30a726ea3c4bf4706c18	POST_GATE_DESCRIPTIVE_DIAGNOSTICS_ONLY	d4e80a53e3101066acd22a4d81525f24dd0a9d02a04a6c5dc9864a0695dc26f1	OBSOPEN_US30_20240912	2024-09-12	180	63	1	1	0.04696658926932568	1.93573620425383597	0.06610587633510398	2.42403782173971827
af0b7f804a8d8337572d6a4a6f2ddcb426defb1f4d5f28ed0fde54882050d00c	a2b3facd10cee4f0909891958654ec1a86b2615c602c30a726ea3c4bf4706c18	POST_GATE_DESCRIPTIVE_DIAGNOSTICS_ONLY	d4e80a53e3101066acd22a4d81525f24dd0a9d02a04a6c5dc9864a0695dc26f1	OBSOPEN_US30_20240918	2024-09-18	180	64	3	6	0.06453565085812771	2.00027185511196359	0.10301249993687878	2.52705032167659693
af0b7f804a8d8337572d6a4a6f2ddcb426defb1f4d5f28ed0fde54882050d00c	a2b3facd10cee4f0909891958654ec1a86b2615c602c30a726ea3c4bf4706c18	POST_GATE_DESCRIPTIVE_DIAGNOSTICS_ONLY	d4e80a53e3101066acd22a4d81525f24dd0a9d02a04a6c5dc9864a0695dc26f1	OBSOPEN_US30_20240930	2024-09-30	180	65	6	12	-0.12997178240995624	1.87030007270200738	-0.18435761743813925	2.34269270423845777
af0b7f804a8d8337572d6a4a6f2ddcb426defb1f4d5f28ed0fde54882050d00c	a2b3facd10cee4f0909891958654ec1a86b2615c602c30a726ea3c4bf4706c18	POST_GATE_DESCRIPTIVE_DIAGNOSTICS_ONLY	d4e80a53e3101066acd22a4d81525f24dd0a9d02a04a6c5dc9864a0695dc26f1	OBSOPEN_US30_20241002	2024-10-02	180	66	2	2	0.03343076568761508	1.90373083838962254	-0.00984006241838639	2.33285264182007124
af0b7f804a8d8337572d6a4a6f2ddcb426defb1f4d5f28ed0fde54882050d00c	a2b3facd10cee4f0909891958654ec1a86b2615c602c30a726ea3c4bf4706c18	POST_GATE_DESCRIPTIVE_DIAGNOSTICS_ONLY	d4e80a53e3101066acd22a4d81525f24dd0a9d02a04a6c5dc9864a0695dc26f1	OBSOPEN_US30_20241007	2024-10-07	180	67	2	5	-0.02363801866600410	1.88009281972361841	-0.01398548292858165	2.31886715889148975
af0b7f804a8d8337572d6a4a6f2ddcb426defb1f4d5f28ed0fde54882050d00c	a2b3facd10cee4f0909891958654ec1a86b2615c602c30a726ea3c4bf4706c18	POST_GATE_DESCRIPTIVE_DIAGNOSTICS_ONLY	d4e80a53e3101066acd22a4d81525f24dd0a9d02a04a6c5dc9864a0695dc26f1	OBSOPEN_US30_20241008	2024-10-08	180	68	1	1	0.01200127291936831	1.89209409264298678	-0.02480473622586993	2.29406242266561966
af0b7f804a8d8337572d6a4a6f2ddcb426defb1f4d5f28ed0fde54882050d00c	a2b3facd10cee4f0909891958654ec1a86b2615c602c30a726ea3c4bf4706c18	POST_GATE_DESCRIPTIVE_DIAGNOSTICS_ONLY	d4e80a53e3101066acd22a4d81525f24dd0a9d02a04a6c5dc9864a0695dc26f1	OBSOPEN_US30_20241010	2024-10-10	180	69	2	2	-0.05689868691511860	1.83519540572786810	-0.07575514808009040	2.21830727458552923
af0b7f804a8d8337572d6a4a6f2ddcb426defb1f4d5f28ed0fde54882050d00c	a2b3facd10cee4f0909891958654ec1a86b2615c602c30a726ea3c4bf4706c18	POST_GATE_DESCRIPTIVE_DIAGNOSTICS_ONLY	d4e80a53e3101066acd22a4d81525f24dd0a9d02a04a6c5dc9864a0695dc26f1	OBSOPEN_US30_20241015	2024-10-15	180	70	2	5	-0.05073291555692419	1.78446249017094383	0.02930702368232779	2.24761429826785708
af0b7f804a8d8337572d6a4a6f2ddcb426defb1f4d5f28ed0fde54882050d00c	a2b3facd10cee4f0909891958654ec1a86b2615c602c30a726ea3c4bf4706c18	POST_GATE_DESCRIPTIVE_DIAGNOSTICS_ONLY	d4e80a53e3101066acd22a4d81525f24dd0a9d02a04a6c5dc9864a0695dc26f1	OBSOPEN_US30_20241016	2024-10-16	180	71	1	1	-0.05114592537949506	1.73331656479144880	0.02205726521758256	2.26967156348543941
af0b7f804a8d8337572d6a4a6f2ddcb426defb1f4d5f28ed0fde54882050d00c	a2b3facd10cee4f0909891958654ec1a86b2615c602c30a726ea3c4bf4706c18	POST_GATE_DESCRIPTIVE_DIAGNOSTICS_ONLY	d4e80a53e3101066acd22a4d81525f24dd0a9d02a04a6c5dc9864a0695dc26f1	OBSOPEN_US30_20241017	2024-10-17	180	72	1	1	-0.05709550638447763	1.67622105840697122	-0.17355490750163760	2.09611665598380181
af0b7f804a8d8337572d6a4a6f2ddcb426defb1f4d5f28ed0fde54882050d00c	a2b3facd10cee4f0909891958654ec1a86b2615c602c30a726ea3c4bf4706c18	POST_GATE_DESCRIPTIVE_DIAGNOSTICS_ONLY	d4e80a53e3101066acd22a4d81525f24dd0a9d02a04a6c5dc9864a0695dc26f1	OBSOPEN_US30_20241023	2024-10-23	180	73	3	6	-0.03781112212007501	1.63840993628689624	0.04351423884392169	2.13963089482772340
af0b7f804a8d8337572d6a4a6f2ddcb426defb1f4d5f28ed0fde54882050d00c	a2b3facd10cee4f0909891958654ec1a86b2615c602c30a726ea3c4bf4706c18	POST_GATE_DESCRIPTIVE_DIAGNOSTICS_ONLY	d4e80a53e3101066acd22a4d81525f24dd0a9d02a04a6c5dc9864a0695dc26f1	OBSOPEN_US30_20250102	2025-01-02	120	74	2	71	-0.05325924811689445	1.58515068817000171	-0.03364237075367629	2.10598852407404724
af0b7f804a8d8337572d6a4a6f2ddcb426defb1f4d5f28ed0fde54882050d00c	a2b3facd10cee4f0909891958654ec1a86b2615c602c30a726ea3c4bf4706c18	POST_GATE_DESCRIPTIVE_DIAGNOSTICS_ONLY	d4e80a53e3101066acd22a4d81525f24dd0a9d02a04a6c5dc9864a0695dc26f1	OBSOPEN_US30_20250106	2025-01-06	120	75	1	4	-0.05318876035990669	1.53196192781009510	0.03457829303096935	2.14056681710501673
af0b7f804a8d8337572d6a4a6f2ddcb426defb1f4d5f28ed0fde54882050d00c	a2b3facd10cee4f0909891958654ec1a86b2615c602c30a726ea3c4bf4706c18	POST_GATE_DESCRIPTIVE_DIAGNOSTICS_ONLY	d4e80a53e3101066acd22a4d81525f24dd0a9d02a04a6c5dc9864a0695dc26f1	OBSOPEN_US30_20250107	2025-01-07	120	76	1	1	0.03278990919828240	1.56475183700837750	-0.01729291244835268	2.12327390465666399
af0b7f804a8d8337572d6a4a6f2ddcb426defb1f4d5f28ed0fde54882050d00c	a2b3facd10cee4f0909891958654ec1a86b2615c602c30a726ea3c4bf4706c18	POST_GATE_DESCRIPTIVE_DIAGNOSTICS_ONLY	d4e80a53e3101066acd22a4d81525f24dd0a9d02a04a6c5dc9864a0695dc26f1	OBSOPEN_US30_20250108	2025-01-08	120	77	1	1	0.01680495209061156	1.58155678909898900	0.02575310646796258	2.14902701112462680
af0b7f804a8d8337572d6a4a6f2ddcb426defb1f4d5f28ed0fde54882050d00c	a2b3facd10cee4f0909891958654ec1a86b2615c602c30a726ea3c4bf4706c18	POST_GATE_DESCRIPTIVE_DIAGNOSTICS_ONLY	d4e80a53e3101066acd22a4d81525f24dd0a9d02a04a6c5dc9864a0695dc26f1	OBSOPEN_US30_20250114	2025-01-14	120	78	2	6	-0.02679527423359637	1.55476151486539260	-0.03005724906504872	2.11896976205957799
af0b7f804a8d8337572d6a4a6f2ddcb426defb1f4d5f28ed0fde54882050d00c	a2b3facd10cee4f0909891958654ec1a86b2615c602c30a726ea3c4bf4706c18	POST_GATE_DESCRIPTIVE_DIAGNOSTICS_ONLY	d4e80a53e3101066acd22a4d81525f24dd0a9d02a04a6c5dc9864a0695dc26f1	OBSOPEN_US30_20250115	2025-01-15	120	79	1	1	-0.01257029995185907	1.54219121491353350	0.00156493771349756	2.12053469977307563
af0b7f804a8d8337572d6a4a6f2ddcb426defb1f4d5f28ed0fde54882050d00c	a2b3facd10cee4f0909891958654ec1a86b2615c602c30a726ea3c4bf4706c18	POST_GATE_DESCRIPTIVE_DIAGNOSTICS_ONLY	d4e80a53e3101066acd22a4d81525f24dd0a9d02a04a6c5dc9864a0695dc26f1	OBSOPEN_US30_20250129	2025-01-29	120	80	7	14	0.00185265630401787	1.54404387121755127	0.03625655766543981	2.15679125743851552
af0b7f804a8d8337572d6a4a6f2ddcb426defb1f4d5f28ed0fde54882050d00c	a2b3facd10cee4f0909891958654ec1a86b2615c602c30a726ea3c4bf4706c18	POST_GATE_DESCRIPTIVE_DIAGNOSTICS_ONLY	d4e80a53e3101066acd22a4d81525f24dd0a9d02a04a6c5dc9864a0695dc26f1	OBSOPEN_US30_20250210	2025-02-10	120	81	6	12	0.14884287976495150	1.69288675098250274	0.13186393052155587	2.28865518796007139
af0b7f804a8d8337572d6a4a6f2ddcb426defb1f4d5f28ed0fde54882050d00c	a2b3facd10cee4f0909891958654ec1a86b2615c602c30a726ea3c4bf4706c18	POST_GATE_DESCRIPTIVE_DIAGNOSTICS_ONLY	d4e80a53e3101066acd22a4d81525f24dd0a9d02a04a6c5dc9864a0695dc26f1	OBSOPEN_US30_20250212	2025-02-12	120	82	2	2	-0.01485096406569000	1.67803578691681277	-0.02510083938612143	2.26355434857394977
af0b7f804a8d8337572d6a4a6f2ddcb426defb1f4d5f28ed0fde54882050d00c	a2b3facd10cee4f0909891958654ec1a86b2615c602c30a726ea3c4bf4706c18	POST_GATE_DESCRIPTIVE_DIAGNOSTICS_ONLY	d4e80a53e3101066acd22a4d81525f24dd0a9d02a04a6c5dc9864a0695dc26f1	OBSOPEN_US30_20250227	2025-02-27	120	83	8	15	0.08962838958903646	1.76766417650584917	0.09333555187854146	2.35688990045249103
af0b7f804a8d8337572d6a4a6f2ddcb426defb1f4d5f28ed0fde54882050d00c	a2b3facd10cee4f0909891958654ec1a86b2615c602c30a726ea3c4bf4706c18	POST_GATE_DESCRIPTIVE_DIAGNOSTICS_ONLY	d4e80a53e3101066acd22a4d81525f24dd0a9d02a04a6c5dc9864a0695dc26f1	OBSOPEN_US30_20250303	2025-03-03	120	84	1	4	-0.00002367689963451	1.76764049960621472	-0.05259770794759966	2.30429219250489137
af0b7f804a8d8337572d6a4a6f2ddcb426defb1f4d5f28ed0fde54882050d00c	a2b3facd10cee4f0909891958654ec1a86b2615c602c30a726ea3c4bf4706c18	POST_GATE_DESCRIPTIVE_DIAGNOSTICS_ONLY	d4e80a53e3101066acd22a4d81525f24dd0a9d02a04a6c5dc9864a0695dc26f1	OBSOPEN_US30_20250312	2025-03-12	120	85	6	9	0.16626945037827814	1.93390994998449295	0.13100721302105406	2.43529940552594537
af0b7f804a8d8337572d6a4a6f2ddcb426defb1f4d5f28ed0fde54882050d00c	a2b3facd10cee4f0909891958654ec1a86b2615c602c30a726ea3c4bf4706c18	POST_GATE_DESCRIPTIVE_DIAGNOSTICS_ONLY	d4e80a53e3101066acd22a4d81525f24dd0a9d02a04a6c5dc9864a0695dc26f1	OBSOPEN_US30_20250317	2025-03-17	120	86	3	5	0.14548296346278947	2.07939291344728261	0.11607188894430664	2.55137129447025224
af0b7f804a8d8337572d6a4a6f2ddcb426defb1f4d5f28ed0fde54882050d00c	a2b3facd10cee4f0909891958654ec1a86b2615c602c30a726ea3c4bf4706c18	POST_GATE_DESCRIPTIVE_DIAGNOSTICS_ONLY	d4e80a53e3101066acd22a4d81525f24dd0a9d02a04a6c5dc9864a0695dc26f1	OBSOPEN_US30_20250328	2025-03-28	120	87	9	11	0.10448229980600190	2.18387521325328438	0.08435072815024972	2.63572202262050181
af0b7f804a8d8337572d6a4a6f2ddcb426defb1f4d5f28ed0fde54882050d00c	a2b3facd10cee4f0909891958654ec1a86b2615c602c30a726ea3c4bf4706c18	POST_GATE_DESCRIPTIVE_DIAGNOSTICS_ONLY	d4e80a53e3101066acd22a4d81525f24dd0a9d02a04a6c5dc9864a0695dc26f1	OBSOPEN_US30_20250409	2025-04-09	180	88	7	12	-0.12745357207967395	2.05642164117361048	-0.01793669165877176	2.61778533096173005
af0b7f804a8d8337572d6a4a6f2ddcb426defb1f4d5f28ed0fde54882050d00c	a2b3facd10cee4f0909891958654ec1a86b2615c602c30a726ea3c4bf4706c18	POST_GATE_DESCRIPTIVE_DIAGNOSTICS_ONLY	d4e80a53e3101066acd22a4d81525f24dd0a9d02a04a6c5dc9864a0695dc26f1	OBSOPEN_US30_20250415	2025-04-15	180	89	2	6	0.04086202700282635	2.09728366817643685	0.03278297073535702	2.65056830169708713
af0b7f804a8d8337572d6a4a6f2ddcb426defb1f4d5f28ed0fde54882050d00c	a2b3facd10cee4f0909891958654ec1a86b2615c602c30a726ea3c4bf4706c18	POST_GATE_DESCRIPTIVE_DIAGNOSTICS_ONLY	d4e80a53e3101066acd22a4d81525f24dd0a9d02a04a6c5dc9864a0695dc26f1	OBSOPEN_US30_20250422	2025-04-22	180	90	3	7	0.11855625964834116	2.21583992782477779	0.09050733024033912	2.74107563193742632
af0b7f804a8d8337572d6a4a6f2ddcb426defb1f4d5f28ed0fde54882050d00c	a2b3facd10cee4f0909891958654ec1a86b2615c602c30a726ea3c4bf4706c18	POST_GATE_DESCRIPTIVE_DIAGNOSTICS_ONLY	d4e80a53e3101066acd22a4d81525f24dd0a9d02a04a6c5dc9864a0695dc26f1	OBSOPEN_US30_20250423	2025-04-23	180	91	1	1	0.16005997147196771	2.37589989929674550	0.08724688821898002	2.82832252015640639
af0b7f804a8d8337572d6a4a6f2ddcb426defb1f4d5f28ed0fde54882050d00c	a2b3facd10cee4f0909891958654ec1a86b2615c602c30a726ea3c4bf4706c18	POST_GATE_DESCRIPTIVE_DIAGNOSTICS_ONLY	d4e80a53e3101066acd22a4d81525f24dd0a9d02a04a6c5dc9864a0695dc26f1	OBSOPEN_US30_20250424	2025-04-24	180	92	1	1	0.06490543252321085	2.44080533181995651	0.02959241555326361	2.85791493570966981
af0b7f804a8d8337572d6a4a6f2ddcb426defb1f4d5f28ed0fde54882050d00c	a2b3facd10cee4f0909891958654ec1a86b2615c602c30a726ea3c4bf4706c18	POST_GATE_DESCRIPTIVE_DIAGNOSTICS_ONLY	d4e80a53e3101066acd22a4d81525f24dd0a9d02a04a6c5dc9864a0695dc26f1	OBSOPEN_US30_20250505	2025-05-05	180	93	5	11	0.05188728586905456	2.49269261768901096	0.07241372190438813	2.93032865761405814
af0b7f804a8d8337572d6a4a6f2ddcb426defb1f4d5f28ed0fde54882050d00c	a2b3facd10cee4f0909891958654ec1a86b2615c602c30a726ea3c4bf4706c18	POST_GATE_DESCRIPTIVE_DIAGNOSTICS_ONLY	d4e80a53e3101066acd22a4d81525f24dd0a9d02a04a6c5dc9864a0695dc26f1	OBSOPEN_US30_20250512	2025-05-12	180	94	3	7	0.02380321287601742	2.51649583056502824	0.03913782530062151	2.96946648291467952
af0b7f804a8d8337572d6a4a6f2ddcb426defb1f4d5f28ed0fde54882050d00c	a2b3facd10cee4f0909891958654ec1a86b2615c602c30a726ea3c4bf4706c18	POST_GATE_DESCRIPTIVE_DIAGNOSTICS_ONLY	d4e80a53e3101066acd22a4d81525f24dd0a9d02a04a6c5dc9864a0695dc26f1	OBSOPEN_US30_20250520	2025-05-20	180	95	4	8	-0.01898356493171777	2.49751226563331041	-0.02359972581468872	2.94586675709999080
af0b7f804a8d8337572d6a4a6f2ddcb426defb1f4d5f28ed0fde54882050d00c	a2b3facd10cee4f0909891958654ec1a86b2615c602c30a726ea3c4bf4706c18	POST_GATE_DESCRIPTIVE_DIAGNOSTICS_ONLY	d4e80a53e3101066acd22a4d81525f24dd0a9d02a04a6c5dc9864a0695dc26f1	OBSOPEN_US30_20250528	2025-05-28	180	96	3	8	-0.01274649607465739	2.48476576955865314	-0.05885069095249174	2.88701606614749906
af0b7f804a8d8337572d6a4a6f2ddcb426defb1f4d5f28ed0fde54882050d00c	a2b3facd10cee4f0909891958654ec1a86b2615c602c30a726ea3c4bf4706c18	POST_GATE_DESCRIPTIVE_DIAGNOSTICS_ONLY	d4e80a53e3101066acd22a4d81525f24dd0a9d02a04a6c5dc9864a0695dc26f1	OBSOPEN_US30_20250605	2025-06-05	180	97	3	8	-0.06747143382226359	2.41729433573638941	-0.05669567658255856	2.83032038956494070
af0b7f804a8d8337572d6a4a6f2ddcb426defb1f4d5f28ed0fde54882050d00c	a2b3facd10cee4f0909891958654ec1a86b2615c602c30a726ea3c4bf4706c18	POST_GATE_DESCRIPTIVE_DIAGNOSTICS_ONLY	d4e80a53e3101066acd22a4d81525f24dd0a9d02a04a6c5dc9864a0695dc26f1	OBSOPEN_US30_20250609	2025-06-09	180	98	1	4	0.08689331687166335	2.50418765260805287	0.13415470330163820	2.96447509286657906
af0b7f804a8d8337572d6a4a6f2ddcb426defb1f4d5f28ed0fde54882050d00c	a2b3facd10cee4f0909891958654ec1a86b2615c602c30a726ea3c4bf4706c18	POST_GATE_DESCRIPTIVE_DIAGNOSTICS_ONLY	d4e80a53e3101066acd22a4d81525f24dd0a9d02a04a6c5dc9864a0695dc26f1	OBSOPEN_US30_20250617	2025-06-17	180	99	5	8	0.03754138305865254	2.54172903566670527	0.07295765428513815	3.03743274715171729
af0b7f804a8d8337572d6a4a6f2ddcb426defb1f4d5f28ed0fde54882050d00c	a2b3facd10cee4f0909891958654ec1a86b2615c602c30a726ea3c4bf4706c18	POST_GATE_DESCRIPTIVE_DIAGNOSTICS_ONLY	d4e80a53e3101066acd22a4d81525f24dd0a9d02a04a6c5dc9864a0695dc26f1	OBSOPEN_US30_20250623	2025-06-23	180	100	2	6	0.11077236497410418	2.65250140064080941	0.10713975698783497	3.14457250413955247
af0b7f804a8d8337572d6a4a6f2ddcb426defb1f4d5f28ed0fde54882050d00c	a2b3facd10cee4f0909891958654ec1a86b2615c602c30a726ea3c4bf4706c18	POST_GATE_DESCRIPTIVE_DIAGNOSTICS_ONLY	d4e80a53e3101066acd22a4d81525f24dd0a9d02a04a6c5dc9864a0695dc26f1	OBSOPEN_US30_20250624	2025-06-24	180	101	1	1	-0.00177702958695791	2.65072437105385150	-0.00437483002834238	3.14019767411121009
af0b7f804a8d8337572d6a4a6f2ddcb426defb1f4d5f28ed0fde54882050d00c	a2b3facd10cee4f0909891958654ec1a86b2615c602c30a726ea3c4bf4706c18	POST_GATE_DESCRIPTIVE_DIAGNOSTICS_ONLY	d4e80a53e3101066acd22a4d81525f24dd0a9d02a04a6c5dc9864a0695dc26f1	OBSOPEN_US30_20250625	2025-06-25	180	102	1	1	0.04845533905659313	2.69917971011044466	0.07074039410577385	3.21093806821698413
