session_id	civil_date	calendar_status	clock_status	server_offset_minutes	source_day_m1_rows	source_day_m5_rows	expected_m1_range	observed_m1_range	missing_m1_range	duplicate_m1_range	expected_m5_horizon	observed_m5_horizon	missing_m5_horizon	duplicate_m5_horizon	decision	partition
OBSOPEN_US30_20240102	2024-01-02	NORMAL_SESSION	QUALIFIED	120	1375	276	30	30	0	0	79	79	0	0	ADMITTED	DISCOVERY
OBSOPEN_US30_20240103	2024-01-03	NORMAL_SESSION	QUALIFIED	120	1376	276	30	30	0	0	79	79	0	0	ADMITTED	DISCOVERY
OBSOPEN_US30_20240104	2024-01-04	NORMAL_SESSION	QUALIFIED	120	1380	276	30	30	0	0	79	79	0	0	ADMITTED	DISCOVERY
OBSOPEN_US30_20240105	2024-01-05	NORMAL_SESSION	QUALIFIED	120	1288	259	30	30	0	0	79	73	6	0	NOT_EVALUABLE_SOURCE_COVERAGE_M5	
OBSOPEN_US30_20240106	2024-01-06	NON_SESSION_WEEKEND	NOT_APPLICABLE		0	0	0	0	0	0	0	0	0	0	NON_SESSION_WEEKEND	
OBSOPEN_US30_20240107	2024-01-07	NON_SESSION_WEEKEND	NOT_APPLICABLE		0	0	0	0	0	0	0	0	0	0	NON_SESSION_WEEKEND	
OBSOPEN_US30_20240108	2024-01-08	NORMAL_SESSION	QUALIFIED	120	1379	276	30	30	0	0	79	79	0	0	ADMITTED	DISCOVERY
OBSOPEN_US30_20240109	2024-01-09	NORMAL_SESSION	QUALIFIED	120	1380	276	30	30	0	0	79	79	0	0	ADMITTED	DISCOVERY
OBSOPEN_US30_20240110	2024-01-10	NORMAL_SESSION	QUALIFIED	120	1380	276	30	30	0	0	79	79	0	0	ADMITTED	DISCOVERY
OBSOPEN_US30_20240111	2024-01-11	NORMAL_SESSION	QUALIFIED	120	1380	276	30	30	0	0	79	79	0	0	ADMITTED	DISCOVERY
OBSOPEN_US30_20240112	2024-01-12	NORMAL_SESSION	QUALIFIED	120	1320	264	30	30	0	0	79	78	1	0	NOT_EVALUABLE_SOURCE_COVERAGE_M5	
OBSOPEN_US30_20240113	2024-01-13	NON_SESSION_WEEKEND	NOT_APPLICABLE		0	0	0	0	0	0	0	0	0	0	NON_SESSION_WEEKEND	
OBSOPEN_US30_20240114	2024-01-14	NON_SESSION_WEEKEND	NOT_APPLICABLE		0	0	0	0	0	0	0	0	0	0	NON_SESSION_WEEKEND	
OBSOPEN_US30_20240115	2024-01-15	EXCHANGE_CLOSED	NOT_APPLICABLE		1108	223	0	0	0	0	0	0	0	0	EXCHANGE_CLOSED	
OBSOPEN_US30_20240116	2024-01-16	NORMAL_SESSION	QUALIFIED	120	1366	274	30	30	0	0	79	79	0	0	ADMITTED	DISCOVERY
OBSOPEN_US30_20240117	2024-01-17	NORMAL_SESSION	QUALIFIED	120	1379	276	30	30	0	0	79	79	0	0	ADMITTED	DISCOVERY
OBSOPEN_US30_20240118	2024-01-18	NORMAL_SESSION	QUALIFIED	120	1380	276	30	30	0	0	79	79	0	0	ADMITTED	DISCOVERY
OBSOPEN_US30_20240119	2024-01-19	NORMAL_SESSION	QUALIFIED	120	1319	264	30	30	0	0	79	78	1	0	NOT_EVALUABLE_SOURCE_COVERAGE_M5	
OBSOPEN_US30_20240120	2024-01-20	NON_SESSION_WEEKEND	NOT_APPLICABLE		0	0	0	0	0	0	0	0	0	0	NON_SESSION_WEEKEND	
OBSOPEN_US30_20240121	2024-01-21	NON_SESSION_WEEKEND	NOT_APPLICABLE		0	0	0	0	0	0	0	0	0	0	NON_SESSION_WEEKEND	
OBSOPEN_US30_20240122	2024-01-22	NORMAL_SESSION	QUALIFIED	120	1380	276	30	30	0	0	79	79	0	0	ADMITTED	DISCOVERY
OBSOPEN_US30_20240123	2024-01-23	NORMAL_SESSION	QUALIFIED	120	1380	276	30	30	0	0	79	79	0	0	ADMITTED	DISCOVERY
OBSOPEN_US30_20240124	2024-01-24	NORMAL_SESSION	QUALIFIED	120	1380	276	30	30	0	0	79	79	0	0	ADMITTED	DISCOVERY
OBSOPEN_US30_20240125	2024-01-25	NORMAL_SESSION	QUALIFIED	120	1380	276	30	30	0	0	79	79	0	0	ADMITTED	DISCOVERY
OBSOPEN_US30_20240126	2024-01-26	NORMAL_SESSION	QUALIFIED	120	1320	264	30	30	0	0	79	78	1	0	NOT_EVALUABLE_SOURCE_COVERAGE_M5	
OBSOPEN_US30_20240127	2024-01-27	NON_SESSION_WEEKEND	NOT_APPLICABLE		0	0	0	0	0	0	0	0	0	0	NON_SESSION_WEEKEND	
OBSOPEN_US30_20240128	2024-01-28	NON_SESSION_WEEKEND	NOT_APPLICABLE		0	0	0	0	0	0	0	0	0	0	NON_SESSION_WEEKEND	
OBSOPEN_US30_20240129	2024-01-29	NORMAL_SESSION	QUALIFIED	120	1380	276	30	30	0	0	79	79	0	0	ADMITTED	DISCOVERY
OBSOPEN_US30_20240130	2024-01-30	NORMAL_SESSION	QUALIFIED	120	1377	276	30	30	0	0	79	79	0	0	ADMITTED	DISCOVERY
OBSOPEN_US30_20240131	2024-01-31	NORMAL_SESSION	QUALIFIED	120	1378	276	30	30	0	0	79	79	0	0	ADMITTED	DISCOVERY
OBSOPEN_US30_20240201	2024-02-01	NORMAL_SESSION	QUALIFIED	120	1380	276	30	30	0	0	79	79	0	0	ADMITTED	DISCOVERY
OBSOPEN_US30_20240202	2024-02-02	NORMAL_SESSION	QUALIFIED	120	1317	264	30	30	0	0	79	78	1	0	NOT_EVALUABLE_SOURCE_COVERAGE_M5	
OBSOPEN_US30_20240203	2024-02-03	NON_SESSION_WEEKEND	NOT_APPLICABLE		0	0	0	0	0	0	0	0	0	0	NON_SESSION_WEEKEND	
OBSOPEN_US30_20240204	2024-02-04	NON_SESSION_WEEKEND	NOT_APPLICABLE		0	0	0	0	0	0	0	0	0	0	NON_SESSION_WEEKEND	
OBSOPEN_US30_20240205	2024-02-05	NORMAL_SESSION	QUALIFIED	120	1380	276	30	30	0	0	79	79	0	0	ADMITTED	DISCOVERY
OBSOPEN_US30_20240206	2024-02-06	NORMAL_SESSION	QUALIFIED	120	1379	276	30	30	0	0	79	79	0	0	ADMITTED	DISCOVERY
OBSOPEN_US30_20240207	2024-02-07	NORMAL_SESSION	QUALIFIED	120	1380	276	30	30	0	0	79	79	0	0	ADMITTED	DISCOVERY
OBSOPEN_US30_20240208	2024-02-08	NORMAL_SESSION	QUALIFIED	120	1377	276	30	30	0	0	79	79	0	0	ADMITTED	DISCOVERY
OBSOPEN_US30_20240209	2024-02-09	NORMAL_SESSION	QUALIFIED	120	1315	264	30	30	0	0	79	78	1	0	NOT_EVALUABLE_SOURCE_COVERAGE_M5	
OBSOPEN_US30_20240210	2024-02-10	NON_SESSION_WEEKEND	NOT_APPLICABLE		0	0	0	0	0	0	0	0	0	0	NON_SESSION_WEEKEND	
OBSOPEN_US30_20240211	2024-02-11	NON_SESSION_WEEKEND	NOT_APPLICABLE		0	0	0	0	0	0	0	0	0	0	NON_SESSION_WEEKEND	
OBSOPEN_US30_20240212	2024-02-12	NORMAL_SESSION	QUALIFIED	120	1362	273	30	30	0	0	79	78	1	0	NOT_EVALUABLE_SOURCE_COVERAGE_M5	
OBSOPEN_US30_20240213	2024-02-13	NORMAL_SESSION	QUALIFIED	120	1379	276	30	30	0	0	79	79	0	0	ADMITTED	DISCOVERY
OBSOPEN_US30_20240214	2024-02-14	NORMAL_SESSION	QUALIFIED	120	1380	276	30	30	0	0	79	79	0	0	ADMITTED	DISCOVERY
OBSOPEN_US30_20240215	2024-02-15	NORMAL_SESSION	QUALIFIED	120	1380	276	30	30	0	0	79	79	0	0	ADMITTED	DISCOVERY
OBSOPEN_US30_20240216	2024-02-16	NORMAL_SESSION	QUALIFIED	120	1295	259	30	5	25	0	79	73	6	0	NOT_EVALUABLE_SOURCE_COVERAGE_M1	
OBSOPEN_US30_20240217	2024-02-17	NON_SESSION_WEEKEND	NOT_APPLICABLE		0	0	0	0	0	0	0	0	0	0	NON_SESSION_WEEKEND	
OBSOPEN_US30_20240218	2024-02-18	NON_SESSION_WEEKEND	NOT_APPLICABLE		0	0	0	0	0	0	0	0	0	0	NON_SESSION_WEEKEND	
OBSOPEN_US30_20240219	2024-02-19	EXCHANGE_CLOSED	NOT_APPLICABLE		1140	228	0	0	0	0	0	0	0	0	EXCHANGE_CLOSED	
OBSOPEN_US30_20240220	2024-02-20	NORMAL_SESSION	QUALIFIED	120	1380	276	30	30	0	0	79	79	0	0	ADMITTED	DISCOVERY
OBSOPEN_US30_20240221	2024-02-21	NORMAL_SESSION	QUALIFIED	120	1380	276	30	30	0	0	79	79	0	0	ADMITTED	DISCOVERY
OBSOPEN_US30_20240222	2024-02-22	NORMAL_SESSION	QUALIFIED	120	1380	276	30	30	0	0	79	79	0	0	ADMITTED	DISCOVERY
OBSOPEN_US30_20240223	2024-02-23	NORMAL_SESSION	QUALIFIED	120	1320	264	30	30	0	0	79	78	1	0	NOT_EVALUABLE_SOURCE_COVERAGE_M5	
OBSOPEN_US30_20240224	2024-02-24	NON_SESSION_WEEKEND	NOT_APPLICABLE		0	0	0	0	0	0	0	0	0	0	NON_SESSION_WEEKEND	
OBSOPEN_US30_20240225	2024-02-25	NON_SESSION_WEEKEND	NOT_APPLICABLE		0	0	0	0	0	0	0	0	0	0	NON_SESSION_WEEKEND	
OBSOPEN_US30_20240226	2024-02-26	NORMAL_SESSION	QUALIFIED	120	1380	276	30	30	0	0	79	79	0	0	ADMITTED	DISCOVERY
OBSOPEN_US30_20240227	2024-02-27	NORMAL_SESSION	QUALIFIED	120	1380	276	30	30	0	0	79	79	0	0	ADMITTED	DISCOVERY
OBSOPEN_US30_20240228	2024-02-28	NORMAL_SESSION	QUALIFIED	120	1380	276	30	30	0	0	79	79	0	0	ADMITTED	DISCOVERY
OBSOPEN_US30_20240229	2024-02-29	NORMAL_SESSION	QUALIFIED	120	1380	276	30	30	0	0	79	79	0	0	ADMITTED	DISCOVERY
OBSOPEN_US30_20240301	2024-03-01	NORMAL_SESSION	QUALIFIED	120	1274	256	30	30	0	0	79	70	9	0	NOT_EVALUABLE_SOURCE_COVERAGE_M5	
OBSOPEN_US30_20240302	2024-03-02	NON_SESSION_WEEKEND	NOT_APPLICABLE		0	0	0	0	0	0	0	0	0	0	NON_SESSION_WEEKEND	
OBSOPEN_US30_20240303	2024-03-03	NON_SESSION_WEEKEND	NOT_APPLICABLE		0	0	0	0	0	0	0	0	0	0	NON_SESSION_WEEKEND	
OBSOPEN_US30_20240304	2024-03-04	NORMAL_SESSION	QUALIFIED	120	1380	276	30	30	0	0	79	79	0	0	ADMITTED	DISCOVERY
OBSOPEN_US30_20240305	2024-03-05	NORMAL_SESSION	QUALIFIED	120	1380	276	30	30	0	0	79	79	0	0	ADMITTED	DISCOVERY
OBSOPEN_US30_20240306	2024-03-06	NORMAL_SESSION	QUALIFIED	120	1380	276	30	30	0	0	79	79	0	0	ADMITTED	DISCOVERY
OBSOPEN_US30_20240307	2024-03-07	NORMAL_SESSION	QUALIFIED	120	1380	276	30	30	0	0	79	79	0	0	ADMITTED	DISCOVERY
OBSOPEN_US30_20240308	2024-03-08	NORMAL_SESSION	QUALIFIED	120	1321	265	30	30	0	0	79	78	1	0	NOT_EVALUABLE_SOURCE_COVERAGE_M5	
OBSOPEN_US30_20240309	2024-03-09	NON_SESSION_WEEKEND	NOT_APPLICABLE		0	0	0	0	0	0	0	0	0	0	NON_SESSION_WEEKEND	
OBSOPEN_US30_20240310	2024-03-10	NON_SESSION_WEEKEND	NOT_APPLICABLE		0	0	0	0	0	0	0	0	0	0	NON_SESSION_WEEKEND	
OBSOPEN_US30_20240311	2024-03-11	NORMAL_SESSION	QUALIFIED	120	1378	276	30	30	0	0	79	79	0	0	ADMITTED	DISCOVERY
OBSOPEN_US30_20240312	2024-03-12	NORMAL_SESSION	QUALIFIED	120	1373	275	30	30	0	0	79	79	0	0	ADMITTED	DISCOVERY
OBSOPEN_US30_20240313	2024-03-13	NORMAL_SESSION	QUALIFIED	120	1380	276	30	30	0	0	79	79	0	0	ADMITTED	DISCOVERY
OBSOPEN_US30_20240314	2024-03-14	NORMAL_SESSION	QUALIFIED	120	1380	276	30	30	0	0	79	79	0	0	ADMITTED	DISCOVERY
OBSOPEN_US30_20240315	2024-03-15	NORMAL_SESSION	QUALIFIED	120	1375	275	30	30	0	0	79	79	0	0	ADMITTED	DISCOVERY
OBSOPEN_US30_20240316	2024-03-16	NON_SESSION_WEEKEND	NOT_APPLICABLE		0	0	0	0	0	0	0	0	0	0	NON_SESSION_WEEKEND	
OBSOPEN_US30_20240317	2024-03-17	NON_SESSION_WEEKEND	NOT_APPLICABLE		0	0	0	0	0	0	0	0	0	0	NON_SESSION_WEEKEND	
OBSOPEN_US30_20240318	2024-03-18	NORMAL_SESSION	QUALIFIED	120	1380	276	30	30	0	0	79	79	0	0	ADMITTED	DISCOVERY
OBSOPEN_US30_20240319	2024-03-19	NORMAL_SESSION	QUALIFIED	120	1380	276	30	30	0	0	79	79	0	0	ADMITTED	DISCOVERY
OBSOPEN_US30_20240320	2024-03-20	NORMAL_SESSION	QUALIFIED	120	1381	277	30	30	0	0	79	79	0	0	ADMITTED	DISCOVERY
OBSOPEN_US30_20240321	2024-03-21	NORMAL_SESSION	QUALIFIED	120	1380	276	30	30	0	0	79	79	0	0	ADMITTED	DISCOVERY
OBSOPEN_US30_20240322	2024-03-22	NORMAL_SESSION	QUALIFIED	120	1375	275	30	30	0	0	79	79	0	0	ADMITTED	DISCOVERY
OBSOPEN_US30_20240323	2024-03-23	NON_SESSION_WEEKEND	NOT_APPLICABLE		0	0	0	0	0	0	0	0	0	0	NON_SESSION_WEEKEND	
OBSOPEN_US30_20240324	2024-03-24	NON_SESSION_WEEKEND	NOT_APPLICABLE		0	0	0	0	0	0	0	0	0	0	NON_SESSION_WEEKEND	
OBSOPEN_US30_20240325	2024-03-25	NORMAL_SESSION	QUALIFIED	120	1381	277	30	30	0	0	79	79	0	0	ADMITTED	DISCOVERY
OBSOPEN_US30_20240326	2024-03-26	NORMAL_SESSION	QUALIFIED	120	1380	276	30	30	0	0	79	79	0	0	ADMITTED	DISCOVERY
OBSOPEN_US30_20240327	2024-03-27	NORMAL_SESSION	QUALIFIED	120	1380	276	30	30	0	0	79	79	0	0	ADMITTED	DISCOVERY
OBSOPEN_US30_20240328	2024-03-28	NORMAL_SESSION	QUALIFIED	120	1380	276	30	30	0	0	79	79	0	0	ADMITTED	DISCOVERY
OBSOPEN_US30_20240329	2024-03-29	EXCHANGE_CLOSED	NOT_APPLICABLE		0	0	0	0	0	0	0	0	0	0	EXCHANGE_CLOSED	
OBSOPEN_US30_20240330	2024-03-30	NON_SESSION_WEEKEND	NOT_APPLICABLE		0	0	0	0	0	0	0	0	0	0	NON_SESSION_WEEKEND	
OBSOPEN_US30_20240331	2024-03-31	NON_SESSION_WEEKEND	NOT_APPLICABLE		0	0	0	0	0	0	0	0	0	0	NON_SESSION_WEEKEND	
OBSOPEN_US30_20240401	2024-04-01	NORMAL_SESSION	QUALIFIED	180	1380	276	30	30	0	0	79	79	0	0	ADMITTED	DISCOVERY
OBSOPEN_US30_20240402	2024-04-02	NORMAL_SESSION	QUALIFIED	180	1380	276	30	30	0	0	79	79	0	0	ADMITTED	DISCOVERY
OBSOPEN_US30_20240403	2024-04-03	NORMAL_SESSION	QUALIFIED	180	1380	276	30	30	0	0	79	79	0	0	ADMITTED	DISCOVERY
OBSOPEN_US30_20240404	2024-04-04	NORMAL_SESSION	QUALIFIED	180	1380	276	30	30	0	0	79	79	0	0	ADMITTED	DISCOVERY
OBSOPEN_US30_20240405	2024-04-05	NORMAL_SESSION	QUALIFIED	180	1320	264	30	30	0	0	79	78	1	0	NOT_EVALUABLE_SOURCE_COVERAGE_M5	
OBSOPEN_US30_20240406	2024-04-06	NON_SESSION_WEEKEND	NOT_APPLICABLE		0	0	0	0	0	0	0	0	0	0	NON_SESSION_WEEKEND	
OBSOPEN_US30_20240407	2024-04-07	NON_SESSION_WEEKEND	NOT_APPLICABLE		0	0	0	0	0	0	0	0	0	0	NON_SESSION_WEEKEND	
OBSOPEN_US30_20240408	2024-04-08	NORMAL_SESSION	QUALIFIED	180	1380	276	30	30	0	0	79	79	0	0	ADMITTED	DISCOVERY
OBSOPEN_US30_20240409	2024-04-09	NORMAL_SESSION	QUALIFIED	180	1380	276	30	30	0	0	79	79	0	0	ADMITTED	DISCOVERY
OBSOPEN_US30_20240410	2024-04-10	NORMAL_SESSION	QUALIFIED	180	1380	276	30	30	0	0	79	79	0	0	ADMITTED	DISCOVERY
OBSOPEN_US30_20240411	2024-04-11	NORMAL_SESSION	QUALIFIED	180	1380	276	30	30	0	0	79	79	0	0	ADMITTED	DISCOVERY
OBSOPEN_US30_20240412	2024-04-12	NORMAL_SESSION	QUALIFIED	180	1320	264	30	30	0	0	79	78	1	0	NOT_EVALUABLE_SOURCE_COVERAGE_M5	
OBSOPEN_US30_20240413	2024-04-13	NON_SESSION_WEEKEND	NOT_APPLICABLE		0	0	0	0	0	0	0	0	0	0	NON_SESSION_WEEKEND	
OBSOPEN_US30_20240414	2024-04-14	NON_SESSION_WEEKEND	NOT_APPLICABLE		0	0	0	0	0	0	0	0	0	0	NON_SESSION_WEEKEND	
OBSOPEN_US30_20240415	2024-04-15	NORMAL_SESSION	QUALIFIED	180	1379	276	30	30	0	0	79	79	0	0	ADMITTED	DISCOVERY
OBSOPEN_US30_20240416	2024-04-16	NORMAL_SESSION	QUALIFIED	180	1380	276	30	30	0	0	79	79	0	0	ADMITTED	DISCOVERY
OBSOPEN_US30_20240417	2024-04-17	NORMAL_SESSION	QUALIFIED	180	1381	277	30	30	0	0	79	79	0	0	ADMITTED	DISCOVERY
OBSOPEN_US30_20240418	2024-04-18	NORMAL_SESSION	QUALIFIED	180	1380	276	30	30	0	0	79	79	0	0	ADMITTED	DISCOVERY
OBSOPEN_US30_20240419	2024-04-19	NORMAL_SESSION	QUALIFIED	180	1320	264	30	30	0	0	79	78	1	0	NOT_EVALUABLE_SOURCE_COVERAGE_M5	
OBSOPEN_US30_20240420	2024-04-20	NON_SESSION_WEEKEND	NOT_APPLICABLE		0	0	0	0	0	0	0	0	0	0	NON_SESSION_WEEKEND	
OBSOPEN_US30_20240421	2024-04-21	NON_SESSION_WEEKEND	NOT_APPLICABLE		0	0	0	0	0	0	0	0	0	0	NON_SESSION_WEEKEND	
OBSOPEN_US30_20240422	2024-04-22	NORMAL_SESSION	QUALIFIED	180	1380	276	30	30	0	0	79	79	0	0	ADMITTED	DISCOVERY
OBSOPEN_US30_20240423	2024-04-23	NORMAL_SESSION	QUALIFIED	180	1380	276	30	30	0	0	79	79	0	0	ADMITTED	DISCOVERY
OBSOPEN_US30_20240424	2024-04-24	NORMAL_SESSION	QUALIFIED	180	1380	276	30	30	0	0	79	79	0	0	ADMITTED	DISCOVERY
OBSOPEN_US30_20240425	2024-04-25	NORMAL_SESSION	QUALIFIED	180	1380	276	30	30	0	0	79	79	0	0	ADMITTED	DISCOVERY
OBSOPEN_US30_20240426	2024-04-26	NORMAL_SESSION	QUALIFIED	180	1320	264	30	30	0	0	79	78	1	0	NOT_EVALUABLE_SOURCE_COVERAGE_M5	
OBSOPEN_US30_20240427	2024-04-27	NON_SESSION_WEEKEND	NOT_APPLICABLE		0	0	0	0	0	0	0	0	0	0	NON_SESSION_WEEKEND	
OBSOPEN_US30_20240428	2024-04-28	NON_SESSION_WEEKEND	NOT_APPLICABLE		0	0	0	0	0	0	0	0	0	0	NON_SESSION_WEEKEND	
OBSOPEN_US30_20240429	2024-04-29	NORMAL_SESSION	QUALIFIED	180	1380	276	30	30	0	0	79	79	0	0	ADMITTED	DISCOVERY
OBSOPEN_US30_20240430	2024-04-30	NORMAL_SESSION	QUALIFIED	180	1380	276	30	30	0	0	79	79	0	0	ADMITTED	DISCOVERY
OBSOPEN_US30_20240501	2024-05-01	NORMAL_SESSION	QUALIFIED	180	1379	276	30	30	0	0	79	79	0	0	ADMITTED	DISCOVERY
OBSOPEN_US30_20240502	2024-05-02	NORMAL_SESSION	QUALIFIED	180	1380	276	30	30	0	0	79	79	0	0	ADMITTED	DISCOVERY
OBSOPEN_US30_20240503	2024-05-03	NORMAL_SESSION	QUALIFIED	180	1321	265	30	30	0	0	79	78	1	0	NOT_EVALUABLE_SOURCE_COVERAGE_M5	
OBSOPEN_US30_20240504	2024-05-04	NON_SESSION_WEEKEND	NOT_APPLICABLE		0	0	0	0	0	0	0	0	0	0	NON_SESSION_WEEKEND	
OBSOPEN_US30_20240505	2024-05-05	NON_SESSION_WEEKEND	NOT_APPLICABLE		0	0	0	0	0	0	0	0	0	0	NON_SESSION_WEEKEND	
OBSOPEN_US30_20240506	2024-05-06	NORMAL_SESSION	QUALIFIED	180	1380	276	30	30	0	0	79	79	0	0	ADMITTED	DISCOVERY
OBSOPEN_US30_20240507	2024-05-07	NORMAL_SESSION	QUALIFIED	180	1381	277	30	30	0	0	79	79	0	0	ADMITTED	DISCOVERY
OBSOPEN_US30_20240508	2024-05-08	NORMAL_SESSION	QUALIFIED	180	1380	276	30	30	0	0	79	79	0	0	ADMITTED	DISCOVERY
OBSOPEN_US30_20240509	2024-05-09	NORMAL_SESSION	QUALIFIED	180	1380	276	30	30	0	0	79	79	0	0	ADMITTED	DISCOVERY
OBSOPEN_US30_20240510	2024-05-10	NORMAL_SESSION	QUALIFIED	180	1320	264	30	30	0	0	79	78	1	0	NOT_EVALUABLE_SOURCE_COVERAGE_M5	
OBSOPEN_US30_20240511	2024-05-11	NON_SESSION_WEEKEND	NOT_APPLICABLE		0	0	0	0	0	0	0	0	0	0	NON_SESSION_WEEKEND	
OBSOPEN_US30_20240512	2024-05-12	NON_SESSION_WEEKEND	NOT_APPLICABLE		0	0	0	0	0	0	0	0	0	0	NON_SESSION_WEEKEND	
OBSOPEN_US30_20240513	2024-05-13	NORMAL_SESSION	QUALIFIED	180	1380	276	30	30	0	0	79	79	0	0	ADMITTED	DISCOVERY
OBSOPEN_US30_20240514	2024-05-14	NORMAL_SESSION	QUALIFIED	180	1380	276	30	30	0	0	79	79	0	0	ADMITTED	DISCOVERY
OBSOPEN_US30_20240515	2024-05-15	NORMAL_SESSION	QUALIFIED	180	1380	276	30	30	0	0	79	79	0	0	ADMITTED	DISCOVERY
OBSOPEN_US30_20240516	2024-05-16	NORMAL_SESSION	QUALIFIED	180	1380	276	30	30	0	0	79	79	0	0	ADMITTED	DISCOVERY
OBSOPEN_US30_20240517	2024-05-17	NORMAL_SESSION	QUALIFIED	180	1320	264	30	30	0	0	79	78	1	0	NOT_EVALUABLE_SOURCE_COVERAGE_M5	
OBSOPEN_US30_20240518	2024-05-18	NON_SESSION_WEEKEND	NOT_APPLICABLE		0	0	0	0	0	0	0	0	0	0	NON_SESSION_WEEKEND	
OBSOPEN_US30_20240519	2024-05-19	NON_SESSION_WEEKEND	NOT_APPLICABLE		0	0	0	0	0	0	0	0	0	0	NON_SESSION_WEEKEND	
OBSOPEN_US30_20240520	2024-05-20	NORMAL_SESSION	QUALIFIED	180	1380	276	30	30	0	0	79	79	0	0	ADMITTED	DISCOVERY
OBSOPEN_US30_20240521	2024-05-21	NORMAL_SESSION	QUALIFIED	180	1381	277	30	30	0	0	79	79	0	0	ADMITTED	DISCOVERY
OBSOPEN_US30_20240522	2024-05-22	NORMAL_SESSION	QUALIFIED	180	1380	276	30	30	0	0	79	79	0	0	ADMITTED	DISCOVERY
OBSOPEN_US30_20240523	2024-05-23	NORMAL_SESSION	QUALIFIED	180	1380	276	30	30	0	0	79	79	0	0	ADMITTED	DISCOVERY
OBSOPEN_US30_20240524	2024-05-24	NORMAL_SESSION	QUALIFIED	180	1320	264	30	30	0	0	79	78	1	0	NOT_EVALUABLE_SOURCE_COVERAGE_M5	
OBSOPEN_US30_20240525	2024-05-25	NON_SESSION_WEEKEND	NOT_APPLICABLE		0	0	0	0	0	0	0	0	0	0	NON_SESSION_WEEKEND	
OBSOPEN_US30_20240526	2024-05-26	NON_SESSION_WEEKEND	NOT_APPLICABLE		0	0	0	0	0	0	0	0	0	0	NON_SESSION_WEEKEND	
OBSOPEN_US30_20240527	2024-05-27	EXCHANGE_CLOSED	NOT_APPLICABLE		1140	228	0	0	0	0	0	0	0	0	EXCHANGE_CLOSED	
OBSOPEN_US30_20240528	2024-05-28	NORMAL_SESSION	QUALIFIED	180	1380	276	30	30	0	0	79	79	0	0	ADMITTED	DISCOVERY
OBSOPEN_US30_20240529	2024-05-29	NORMAL_SESSION	QUALIFIED	180	1380	276	30	30	0	0	79	79	0	0	ADMITTED	DISCOVERY
OBSOPEN_US30_20240530	2024-05-30	NORMAL_SESSION	QUALIFIED	180	1380	276	30	30	0	0	79	79	0	0	ADMITTED	DISCOVERY
OBSOPEN_US30_20240531	2024-05-31	NORMAL_SESSION	QUALIFIED	180	1320	264	30	30	0	0	79	78	1	0	NOT_EVALUABLE_SOURCE_COVERAGE_M5	
OBSOPEN_US30_20240601	2024-06-01	NON_SESSION_WEEKEND	NOT_APPLICABLE		0	0	0	0	0	0	0	0	0	0	NON_SESSION_WEEKEND	
OBSOPEN_US30_20240602	2024-06-02	NON_SESSION_WEEKEND	NOT_APPLICABLE		0	0	0	0	0	0	0	0	0	0	NON_SESSION_WEEKEND	
OBSOPEN_US30_20240603	2024-06-03	NORMAL_SESSION	QUALIFIED	180	1380	276	30	30	0	0	79	79	0	0	ADMITTED	DISCOVERY
OBSOPEN_US30_20240604	2024-06-04	NORMAL_SESSION	QUALIFIED	180	1380	276	30	30	0	0	79	79	0	0	ADMITTED	DISCOVERY
OBSOPEN_US30_20240605	2024-06-05	NORMAL_SESSION	QUALIFIED	180	1380	276	30	30	0	0	79	79	0	0	ADMITTED	DISCOVERY
OBSOPEN_US30_20240606	2024-06-06	NORMAL_SESSION	QUALIFIED	180	1380	276	30	30	0	0	79	79	0	0	ADMITTED	DISCOVERY
OBSOPEN_US30_20240607	2024-06-07	NORMAL_SESSION	QUALIFIED	180	1320	264	30	30	0	0	79	78	1	0	NOT_EVALUABLE_SOURCE_COVERAGE_M5	
OBSOPEN_US30_20240608	2024-06-08	NON_SESSION_WEEKEND	NOT_APPLICABLE		0	0	0	0	0	0	0	0	0	0	NON_SESSION_WEEKEND	
OBSOPEN_US30_20240609	2024-06-09	NON_SESSION_WEEKEND	NOT_APPLICABLE		0	0	0	0	0	0	0	0	0	0	NON_SESSION_WEEKEND	
OBSOPEN_US30_20240610	2024-06-10	NORMAL_SESSION	QUALIFIED	180	1380	276	30	30	0	0	79	79	0	0	ADMITTED	DISCOVERY
OBSOPEN_US30_20240611	2024-06-11	NORMAL_SESSION	QUALIFIED	180	1380	276	30	30	0	0	79	79	0	0	ADMITTED	DISCOVERY
OBSOPEN_US30_20240612	2024-06-12	NORMAL_SESSION	QUALIFIED	180	1380	276	30	30	0	0	79	79	0	0	ADMITTED	DISCOVERY
OBSOPEN_US30_20240613	2024-06-13	NORMAL_SESSION	QUALIFIED	180	1380	276	30	30	0	0	79	79	0	0	ADMITTED	DISCOVERY
OBSOPEN_US30_20240614	2024-06-14	NORMAL_SESSION	QUALIFIED	180	1320	264	30	30	0	0	79	78	1	0	NOT_EVALUABLE_SOURCE_COVERAGE_M5	
OBSOPEN_US30_20240615	2024-06-15	NON_SESSION_WEEKEND	NOT_APPLICABLE		0	0	0	0	0	0	0	0	0	0	NON_SESSION_WEEKEND	
OBSOPEN_US30_20240616	2024-06-16	NON_SESSION_WEEKEND	NOT_APPLICABLE		0	0	0	0	0	0	0	0	0	0	NON_SESSION_WEEKEND	
OBSOPEN_US30_20240617	2024-06-17	NORMAL_SESSION	QUALIFIED	180	1380	276	30	30	0	0	79	79	0	0	ADMITTED	DISCOVERY
OBSOPEN_US30_20240618	2024-06-18	NORMAL_SESSION	QUALIFIED	180	1380	276	30	30	0	0	79	79	0	0	ADMITTED	DISCOVERY
OBSOPEN_US30_20240619	2024-06-19	EXCHANGE_CLOSED	NOT_APPLICABLE		1140	228	0	0	0	0	0	0	0	0	EXCHANGE_CLOSED	
OBSOPEN_US30_20240620	2024-06-20	NORMAL_SESSION	QUALIFIED	180	1380	276	30	30	0	0	79	79	0	0	ADMITTED	DISCOVERY
OBSOPEN_US30_20240621	2024-06-21	NORMAL_SESSION	QUALIFIED	180	1320	264	30	30	0	0	79	78	1	0	NOT_EVALUABLE_SOURCE_COVERAGE_M5	
OBSOPEN_US30_20240622	2024-06-22	NON_SESSION_WEEKEND	NOT_APPLICABLE		0	0	0	0	0	0	0	0	0	0	NON_SESSION_WEEKEND	
OBSOPEN_US30_20240623	2024-06-23	NON_SESSION_WEEKEND	NOT_APPLICABLE		0	0	0	0	0	0	0	0	0	0	NON_SESSION_WEEKEND	
OBSOPEN_US30_20240624	2024-06-24	NORMAL_SESSION	QUALIFIED	180	1380	276	30	30	0	0	79	79	0	0	ADMITTED	DISCOVERY
OBSOPEN_US30_20240625	2024-06-25	NORMAL_SESSION	QUALIFIED	180	1380	276	30	30	0	0	79	79	0	0	ADMITTED	DISCOVERY
OBSOPEN_US30_20240626	2024-06-26	NORMAL_SESSION	QUALIFIED	180	1380	276	30	30	0	0	79	79	0	0	ADMITTED	DISCOVERY
OBSOPEN_US30_20240627	2024-06-27	NORMAL_SESSION	QUALIFIED	180	1380	276	30	30	0	0	79	79	0	0	ADMITTED	DISCOVERY
OBSOPEN_US30_20240628	2024-06-28	NORMAL_SESSION	QUALIFIED	180	1320	264	30	30	0	0	79	78	1	0	NOT_EVALUABLE_SOURCE_COVERAGE_M5	
OBSOPEN_US30_20240629	2024-06-29	NON_SESSION_WEEKEND	NOT_APPLICABLE		0	0	0	0	0	0	0	0	0	0	NON_SESSION_WEEKEND	
OBSOPEN_US30_20240630	2024-06-30	NON_SESSION_WEEKEND	NOT_APPLICABLE		0	0	0	0	0	0	0	0	0	0	NON_SESSION_WEEKEND	
OBSOPEN_US30_20240701	2024-07-01	NORMAL_SESSION	QUALIFIED	180	1380	276	30	30	0	0	79	79	0	0	ADMITTED	DISCOVERY
OBSOPEN_US30_20240702	2024-07-02	NORMAL_SESSION	QUALIFIED	180	1380	276	30	30	0	0	79	79	0	0	ADMITTED	DISCOVERY
OBSOPEN_US30_20240703	2024-07-03	EARLY_CLOSE	NOT_APPLICABLE		1156	232	0	0	0	0	0	0	0	0	EARLY_CLOSE_HORIZON_INCOMPLETE	
OBSOPEN_US30_20240704	2024-07-04	EXCHANGE_CLOSED	NOT_APPLICABLE		1140	228	0	0	0	0	0	0	0	0	EXCHANGE_CLOSED	
OBSOPEN_US30_20240705	2024-07-05	NORMAL_SESSION	QUALIFIED	180	1320	264	30	30	0	0	79	78	1	0	NOT_EVALUABLE_SOURCE_COVERAGE_M5	
OBSOPEN_US30_20240706	2024-07-06	NON_SESSION_WEEKEND	NOT_APPLICABLE		0	0	0	0	0	0	0	0	0	0	NON_SESSION_WEEKEND	
OBSOPEN_US30_20240707	2024-07-07	NON_SESSION_WEEKEND	NOT_APPLICABLE		0	0	0	0	0	0	0	0	0	0	NON_SESSION_WEEKEND	
OBSOPEN_US30_20240708	2024-07-08	NORMAL_SESSION	QUALIFIED	180	1380	276	30	30	0	0	79	79	0	0	ADMITTED	DISCOVERY
OBSOPEN_US30_20240709	2024-07-09	NORMAL_SESSION	QUALIFIED	180	1380	276	30	30	0	0	79	79	0	0	ADMITTED	DISCOVERY
OBSOPEN_US30_20240710	2024-07-10	NORMAL_SESSION	QUALIFIED	180	1371	276	30	30	0	0	79	79	0	0	ADMITTED	DISCOVERY
OBSOPEN_US30_20240711	2024-07-11	NORMAL_SESSION	QUALIFIED	180	1380	276	30	30	0	0	79	79	0	0	ADMITTED	DISCOVERY
OBSOPEN_US30_20240712	2024-07-12	NORMAL_SESSION	QUALIFIED	180	1321	265	30	30	0	0	79	78	1	0	NOT_EVALUABLE_SOURCE_COVERAGE_M5	
OBSOPEN_US30_20240713	2024-07-13	NON_SESSION_WEEKEND	NOT_APPLICABLE		0	0	0	0	0	0	0	0	0	0	NON_SESSION_WEEKEND	
OBSOPEN_US30_20240714	2024-07-14	NON_SESSION_WEEKEND	NOT_APPLICABLE		0	0	0	0	0	0	0	0	0	0	NON_SESSION_WEEKEND	
OBSOPEN_US30_20240715	2024-07-15	NORMAL_SESSION	QUALIFIED	180	1380	276	30	30	0	0	79	79	0	0	ADMITTED	DISCOVERY
OBSOPEN_US30_20240716	2024-07-16	NORMAL_SESSION	QUALIFIED	180	1380	276	30	30	0	0	79	79	0	0	ADMITTED	DISCOVERY
OBSOPEN_US30_20240717	2024-07-17	NORMAL_SESSION	QUALIFIED	180	1380	276	30	30	0	0	79	79	0	0	ADMITTED	DISCOVERY
OBSOPEN_US30_20240718	2024-07-18	NORMAL_SESSION	QUALIFIED	180	1380	276	30	30	0	0	79	79	0	0	ADMITTED	DISCOVERY
OBSOPEN_US30_20240719	2024-07-19	NORMAL_SESSION	QUALIFIED	180	1320	264	30	30	0	0	79	78	1	0	NOT_EVALUABLE_SOURCE_COVERAGE_M5	
OBSOPEN_US30_20240720	2024-07-20	NON_SESSION_WEEKEND	NOT_APPLICABLE		0	0	0	0	0	0	0	0	0	0	NON_SESSION_WEEKEND	
OBSOPEN_US30_20240721	2024-07-21	NON_SESSION_WEEKEND	NOT_APPLICABLE		0	0	0	0	0	0	0	0	0	0	NON_SESSION_WEEKEND	
OBSOPEN_US30_20240722	2024-07-22	NORMAL_SESSION	QUALIFIED	180	1380	276	30	30	0	0	79	79	0	0	ADMITTED	DISCOVERY
OBSOPEN_US30_20240723	2024-07-23	NORMAL_SESSION	QUALIFIED	180	1380	276	30	30	0	0	79	79	0	0	ADMITTED	DISCOVERY
OBSOPEN_US30_20240724	2024-07-24	NORMAL_SESSION	QUALIFIED	180	1380	276	30	30	0	0	79	79	0	0	ADMITTED	DISCOVERY
OBSOPEN_US30_20240725	2024-07-25	NORMAL_SESSION	QUALIFIED	180	1380	276	30	30	0	0	79	79	0	0	ADMITTED	DISCOVERY
OBSOPEN_US30_20240726	2024-07-26	NORMAL_SESSION	QUALIFIED	180	1320	264	30	30	0	0	79	78	1	0	NOT_EVALUABLE_SOURCE_COVERAGE_M5	
OBSOPEN_US30_20240727	2024-07-27	NON_SESSION_WEEKEND	NOT_APPLICABLE		0	0	0	0	0	0	0	0	0	0	NON_SESSION_WEEKEND	
OBSOPEN_US30_20240728	2024-07-28	NON_SESSION_WEEKEND	NOT_APPLICABLE		0	0	0	0	0	0	0	0	0	0	NON_SESSION_WEEKEND	
OBSOPEN_US30_20240729	2024-07-29	NORMAL_SESSION	QUALIFIED	180	1380	276	30	30	0	0	79	79	0	0	ADMITTED	DISCOVERY
OBSOPEN_US30_20240730	2024-07-30	NORMAL_SESSION	QUALIFIED	180	1380	276	30	30	0	0	79	79	0	0	ADMITTED	DISCOVERY
OBSOPEN_US30_20240731	2024-07-31	NORMAL_SESSION	QUALIFIED	180	1380	276	30	30	0	0	79	79	0	0	ADMITTED	DISCOVERY
OBSOPEN_US30_20240801	2024-08-01	NORMAL_SESSION	QUALIFIED	180	1380	276	30	30	0	0	79	79	0	0	ADMITTED	DISCOVERY
OBSOPEN_US30_20240802	2024-08-02	NORMAL_SESSION	QUALIFIED	180	1320	265	30	29	1	0	79	78	1	0	NOT_EVALUABLE_SOURCE_COVERAGE_M1	
OBSOPEN_US30_20240803	2024-08-03	NON_SESSION_WEEKEND	NOT_APPLICABLE		0	0	0	0	0	0	0	0	0	0	NON_SESSION_WEEKEND	
OBSOPEN_US30_20240804	2024-08-04	NON_SESSION_WEEKEND	NOT_APPLICABLE		0	0	0	0	0	0	0	0	0	0	NON_SESSION_WEEKEND	
OBSOPEN_US30_20240805	2024-08-05	NORMAL_SESSION	QUALIFIED	180	1380	276	30	30	0	0	79	79	0	0	ADMITTED	DISCOVERY
OBSOPEN_US30_20240806	2024-08-06	NORMAL_SESSION	QUALIFIED	180	1380	276	30	30	0	0	79	79	0	0	ADMITTED	DISCOVERY
OBSOPEN_US30_20240807	2024-08-07	NORMAL_SESSION	QUALIFIED	180	1380	276	30	30	0	0	79	79	0	0	ADMITTED	DISCOVERY
OBSOPEN_US30_20240808	2024-08-08	NORMAL_SESSION	QUALIFIED	180	1377	276	30	30	0	0	79	79	0	0	ADMITTED	DISCOVERY
OBSOPEN_US30_20240809	2024-08-09	NORMAL_SESSION	QUALIFIED	180	1320	264	30	30	0	0	79	78	1	0	NOT_EVALUABLE_SOURCE_COVERAGE_M5	
OBSOPEN_US30_20240810	2024-08-10	NON_SESSION_WEEKEND	NOT_APPLICABLE		0	0	0	0	0	0	0	0	0	0	NON_SESSION_WEEKEND	
OBSOPEN_US30_20240811	2024-08-11	NON_SESSION_WEEKEND	NOT_APPLICABLE		0	0	0	0	0	0	0	0	0	0	NON_SESSION_WEEKEND	
OBSOPEN_US30_20240812	2024-08-12	NORMAL_SESSION	QUALIFIED	180	1380	276	30	30	0	0	79	79	0	0	ADMITTED	DISCOVERY
OBSOPEN_US30_20240813	2024-08-13	NORMAL_SESSION	QUALIFIED	180	1380	276	30	30	0	0	79	79	0	0	ADMITTED	DISCOVERY
OBSOPEN_US30_20240814	2024-08-14	NORMAL_SESSION	QUALIFIED	180	1380	276	30	30	0	0	79	79	0	0	ADMITTED	DISCOVERY
OBSOPEN_US30_20240815	2024-08-15	NORMAL_SESSION	QUALIFIED	180	1378	276	30	30	0	0	79	79	0	0	ADMITTED	DISCOVERY
OBSOPEN_US30_20240816	2024-08-16	NORMAL_SESSION	QUALIFIED	180	1320	264	30	30	0	0	79	78	1	0	NOT_EVALUABLE_SOURCE_COVERAGE_M5	
OBSOPEN_US30_20240817	2024-08-17	NON_SESSION_WEEKEND	NOT_APPLICABLE		0	0	0	0	0	0	0	0	0	0	NON_SESSION_WEEKEND	
OBSOPEN_US30_20240818	2024-08-18	NON_SESSION_WEEKEND	NOT_APPLICABLE		0	0	0	0	0	0	0	0	0	0	NON_SESSION_WEEKEND	
OBSOPEN_US30_20240819	2024-08-19	NORMAL_SESSION	QUALIFIED	180	1380	276	30	30	0	0	79	79	0	0	ADMITTED	DISCOVERY
OBSOPEN_US30_20240820	2024-08-20	NORMAL_SESSION	QUALIFIED	180	1380	276	30	30	0	0	79	79	0	0	ADMITTED	DISCOVERY
OBSOPEN_US30_20240821	2024-08-21	NORMAL_SESSION	QUALIFIED	180	1380	276	30	30	0	0	79	79	0	0	ADMITTED	DISCOVERY
OBSOPEN_US30_20240822	2024-08-22	NORMAL_SESSION	QUALIFIED	180	1380	276	30	30	0	0	79	79	0	0	ADMITTED	DISCOVERY
OBSOPEN_US30_20240823	2024-08-23	NORMAL_SESSION	QUALIFIED	180	1320	264	30	30	0	0	79	78	1	0	NOT_EVALUABLE_SOURCE_COVERAGE_M5	
OBSOPEN_US30_20240824	2024-08-24	NON_SESSION_WEEKEND	NOT_APPLICABLE		0	0	0	0	0	0	0	0	0	0	NON_SESSION_WEEKEND	
OBSOPEN_US30_20240825	2024-08-25	NON_SESSION_WEEKEND	NOT_APPLICABLE		0	0	0	0	0	0	0	0	0	0	NON_SESSION_WEEKEND	
OBSOPEN_US30_20240826	2024-08-26	NORMAL_SESSION	QUALIFIED	180	1380	276	30	30	0	0	79	79	0	0	ADMITTED	DISCOVERY
OBSOPEN_US30_20240827	2024-08-27	NORMAL_SESSION	QUALIFIED	180	1380	276	30	30	0	0	79	79	0	0	ADMITTED	DISCOVERY
OBSOPEN_US30_20240828	2024-08-28	NORMAL_SESSION	QUALIFIED	180	1380	276	30	30	0	0	79	79	0	0	ADMITTED	DISCOVERY
OBSOPEN_US30_20240829	2024-08-29	NORMAL_SESSION	QUALIFIED	180	1380	276	30	30	0	0	79	79	0	0	ADMITTED	DISCOVERY
OBSOPEN_US30_20240830	2024-08-30	NORMAL_SESSION	QUALIFIED	180	1320	264	30	30	0	0	79	78	1	0	NOT_EVALUABLE_SOURCE_COVERAGE_M5	
OBSOPEN_US30_20240831	2024-08-31	NON_SESSION_WEEKEND	NOT_APPLICABLE		0	0	0	0	0	0	0	0	0	0	NON_SESSION_WEEKEND	
OBSOPEN_US30_20240901	2024-09-01	NON_SESSION_WEEKEND	NOT_APPLICABLE		0	0	0	0	0	0	0	0	0	0	NON_SESSION_WEEKEND	
OBSOPEN_US30_20240902	2024-09-02	EXCHANGE_CLOSED	NOT_APPLICABLE		1140	228	0	0	0	0	0	0	0	0	EXCHANGE_CLOSED	
OBSOPEN_US30_20240903	2024-09-03	NORMAL_SESSION	QUALIFIED	180	1380	276	30	30	0	0	79	79	0	0	ADMITTED	DISCOVERY
OBSOPEN_US30_20240904	2024-09-04	NORMAL_SESSION	QUALIFIED	180	1380	276	30	30	0	0	79	79	0	0	ADMITTED	DISCOVERY
OBSOPEN_US30_20240905	2024-09-05	NORMAL_SESSION	QUALIFIED	180	1380	276	30	30	0	0	79	79	0	0	ADMITTED	DISCOVERY
OBSOPEN_US30_20240906	2024-09-06	NORMAL_SESSION	QUALIFIED	180	1320	264	30	30	0	0	79	78	1	0	NOT_EVALUABLE_SOURCE_COVERAGE_M5	
OBSOPEN_US30_20240907	2024-09-07	NON_SESSION_WEEKEND	NOT_APPLICABLE		0	0	0	0	0	0	0	0	0	0	NON_SESSION_WEEKEND	
OBSOPEN_US30_20240908	2024-09-08	NON_SESSION_WEEKEND	NOT_APPLICABLE		0	0	0	0	0	0	0	0	0	0	NON_SESSION_WEEKEND	
OBSOPEN_US30_20240909	2024-09-09	NORMAL_SESSION	QUALIFIED	180	1380	276	30	30	0	0	79	79	0	0	ADMITTED	DISCOVERY
OBSOPEN_US30_20240910	2024-09-10	NORMAL_SESSION	QUALIFIED	180	1380	276	30	30	0	0	79	79	0	0	ADMITTED	DISCOVERY
OBSOPEN_US30_20240911	2024-09-11	NORMAL_SESSION	QUALIFIED	180	1380	276	30	30	0	0	79	79	0	0	ADMITTED	DISCOVERY
OBSOPEN_US30_20240912	2024-09-12	NORMAL_SESSION	QUALIFIED	180	1380	276	30	30	0	0	79	79	0	0	ADMITTED	DISCOVERY
OBSOPEN_US30_20240913	2024-09-13	NORMAL_SESSION	QUALIFIED	180	1320	264	30	30	0	0	79	78	1	0	NOT_EVALUABLE_SOURCE_COVERAGE_M5	
OBSOPEN_US30_20240914	2024-09-14	NON_SESSION_WEEKEND	NOT_APPLICABLE		0	0	0	0	0	0	0	0	0	0	NON_SESSION_WEEKEND	
OBSOPEN_US30_20240915	2024-09-15	NON_SESSION_WEEKEND	NOT_APPLICABLE		0	0	0	0	0	0	0	0	0	0	NON_SESSION_WEEKEND	
OBSOPEN_US30_20240916	2024-09-16	NORMAL_SESSION	QUALIFIED	180	1380	276	30	30	0	0	79	79	0	0	ADMITTED	DISCOVERY
OBSOPEN_US30_20240917	2024-09-17	NORMAL_SESSION	QUALIFIED	180	1380	276	30	30	0	0	79	79	0	0	ADMITTED	DISCOVERY
OBSOPEN_US30_20240918	2024-09-18	NORMAL_SESSION	QUALIFIED	180	1380	276	30	30	0	0	79	79	0	0	ADMITTED	DISCOVERY
OBSOPEN_US30_20240919	2024-09-19	NORMAL_SESSION	QUALIFIED	180	1380	276	30	30	0	0	79	79	0	0	ADMITTED	DISCOVERY
OBSOPEN_US30_20240920	2024-09-20	NORMAL_SESSION	QUALIFIED	180	1320	264	30	30	0	0	79	78	1	0	NOT_EVALUABLE_SOURCE_COVERAGE_M5	
OBSOPEN_US30_20240921	2024-09-21	NON_SESSION_WEEKEND	NOT_APPLICABLE		0	0	0	0	0	0	0	0	0	0	NON_SESSION_WEEKEND	
OBSOPEN_US30_20240922	2024-09-22	NON_SESSION_WEEKEND	NOT_APPLICABLE		0	0	0	0	0	0	0	0	0	0	NON_SESSION_WEEKEND	
OBSOPEN_US30_20240923	2024-09-23	NORMAL_SESSION	QUALIFIED	180	1380	276	30	30	0	0	79	79	0	0	ADMITTED	DISCOVERY
OBSOPEN_US30_20240924	2024-09-24	NORMAL_SESSION	QUALIFIED	180	1380	276	30	30	0	0	79	79	0	0	ADMITTED	DISCOVERY
OBSOPEN_US30_20240925	2024-09-25	NORMAL_SESSION	QUALIFIED	180	1380	276	30	30	0	0	79	79	0	0	ADMITTED	DISCOVERY
OBSOPEN_US30_20240926	2024-09-26	NORMAL_SESSION	QUALIFIED	180	1380	276	30	30	0	0	79	79	0	0	ADMITTED	DISCOVERY
OBSOPEN_US30_20240927	2024-09-27	NORMAL_SESSION	QUALIFIED	180	1320	264	30	30	0	0	79	78	1	0	NOT_EVALUABLE_SOURCE_COVERAGE_M5	
OBSOPEN_US30_20240928	2024-09-28	NON_SESSION_WEEKEND	NOT_APPLICABLE		0	0	0	0	0	0	0	0	0	0	NON_SESSION_WEEKEND	
OBSOPEN_US30_20240929	2024-09-29	NON_SESSION_WEEKEND	NOT_APPLICABLE		0	0	0	0	0	0	0	0	0	0	NON_SESSION_WEEKEND	
OBSOPEN_US30_20240930	2024-09-30	NORMAL_SESSION	QUALIFIED	180	1380	276	30	30	0	0	79	79	0	0	ADMITTED	DISCOVERY
OBSOPEN_US30_20241001	2024-10-01	NORMAL_SESSION	QUALIFIED	180	1380	276	30	30	0	0	79	79	0	0	ADMITTED	DISCOVERY
OBSOPEN_US30_20241002	2024-10-02	NORMAL_SESSION	QUALIFIED	180	1380	276	30	30	0	0	79	79	0	0	ADMITTED	DISCOVERY
OBSOPEN_US30_20241003	2024-10-03	NORMAL_SESSION	QUALIFIED	180	1380	276	30	30	0	0	79	79	0	0	ADMITTED	DISCOVERY
OBSOPEN_US30_20241004	2024-10-04	NORMAL_SESSION	QUALIFIED	180	1320	264	30	30	0	0	79	78	1	0	NOT_EVALUABLE_SOURCE_COVERAGE_M5	
OBSOPEN_US30_20241005	2024-10-05	NON_SESSION_WEEKEND	NOT_APPLICABLE		0	0	0	0	0	0	0	0	0	0	NON_SESSION_WEEKEND	
OBSOPEN_US30_20241006	2024-10-06	NON_SESSION_WEEKEND	NOT_APPLICABLE		0	0	0	0	0	0	0	0	0	0	NON_SESSION_WEEKEND	
OBSOPEN_US30_20241007	2024-10-07	NORMAL_SESSION	QUALIFIED	180	1380	276	30	30	0	0	79	79	0	0	ADMITTED	DISCOVERY
OBSOPEN_US30_20241008	2024-10-08	NORMAL_SESSION	QUALIFIED	180	1380	276	30	30	0	0	79	79	0	0	ADMITTED	DISCOVERY
OBSOPEN_US30_20241009	2024-10-09	NORMAL_SESSION	QUALIFIED	180	1439	288	30	30	0	0	79	79	0	0	ADMITTED	DISCOVERY
OBSOPEN_US30_20241010	2024-10-10	NORMAL_SESSION	QUALIFIED	180	1440	288	30	30	0	0	79	79	0	0	ADMITTED	DISCOVERY
OBSOPEN_US30_20241011	2024-10-11	NORMAL_SESSION	QUALIFIED	180	1374	275	30	30	0	0	79	78	1	0	NOT_EVALUABLE_SOURCE_COVERAGE_M5	
OBSOPEN_US30_20241012	2024-10-12	NON_SESSION_WEEKEND	NOT_APPLICABLE		0	0	0	0	0	0	0	0	0	0	NON_SESSION_WEEKEND	
OBSOPEN_US30_20241013	2024-10-13	NON_SESSION_WEEKEND	NOT_APPLICABLE		0	0	0	0	0	0	0	0	0	0	NON_SESSION_WEEKEND	
OBSOPEN_US30_20241014	2024-10-14	NORMAL_SESSION	QUALIFIED	180	1380	276	30	30	0	0	79	79	0	0	ADMITTED	DISCOVERY
OBSOPEN_US30_20241015	2024-10-15	NORMAL_SESSION	QUALIFIED	180	1414	288	30	30	0	0	79	79	0	0	ADMITTED	DISCOVERY
OBSOPEN_US30_20241016	2024-10-16	NORMAL_SESSION	QUALIFIED	180	1438	288	30	30	0	0	79	79	0	0	ADMITTED	DISCOVERY
OBSOPEN_US30_20241017	2024-10-17	NORMAL_SESSION	QUALIFIED	180	1389	278	30	30	0	0	79	79	0	0	ADMITTED	DISCOVERY
OBSOPEN_US30_20241018	2024-10-18	NORMAL_SESSION	QUALIFIED	180	1351	271	30	30	0	0	79	78	1	0	NOT_EVALUABLE_SOURCE_COVERAGE_M5	
OBSOPEN_US30_20241019	2024-10-19	NON_SESSION_WEEKEND	NOT_APPLICABLE		0	0	0	0	0	0	0	0	0	0	NON_SESSION_WEEKEND	
OBSOPEN_US30_20241020	2024-10-20	NON_SESSION_WEEKEND	NOT_APPLICABLE		0	0	0	0	0	0	0	0	0	0	NON_SESSION_WEEKEND	
OBSOPEN_US30_20241021	2024-10-21	NORMAL_SESSION	QUALIFIED	180	1377	276	30	30	0	0	79	79	0	0	ADMITTED	DISCOVERY
OBSOPEN_US30_20241022	2024-10-22	NORMAL_SESSION	QUALIFIED	180	1436	288	30	30	0	0	79	79	0	0	ADMITTED	DISCOVERY
OBSOPEN_US30_20241023	2024-10-23	NORMAL_SESSION	QUALIFIED	180	1393	279	30	30	0	0	79	79	0	0	ADMITTED	DISCOVERY
OBSOPEN_US30_20241024	2024-10-24	NORMAL_SESSION	QUALIFIED	180	1382	277	30	30	0	0	79	79	0	0	ADMITTED	DISCOVERY
OBSOPEN_US30_20241025	2024-10-25	NORMAL_SESSION	QUALIFIED	180	1379	276	30	30	0	0	79	78	1	0	NOT_EVALUABLE_SOURCE_COVERAGE_M5	
OBSOPEN_US30_20241026	2024-10-26	NON_SESSION_WEEKEND	NOT_APPLICABLE		0	0	0	0	0	0	0	0	0	0	NON_SESSION_WEEKEND	
OBSOPEN_US30_20241027	2024-10-27	NON_SESSION_WEEKEND	NOT_APPLICABLE		0	0	0	0	0	0	0	0	0	0	NON_SESSION_WEEKEND	
OBSOPEN_US30_20241028	2024-10-28	NORMAL_SESSION	NOT_EVALUABLE_CLOCK_TRANSPORT		1439	288	0	0	0	0	0	0	0	0	NOT_EVALUABLE_CLOCK_TRANSPORT	
OBSOPEN_US30_20241029	2024-10-29	NORMAL_SESSION	NOT_EVALUABLE_CLOCK_TRANSPORT		1440	288	0	0	0	0	0	0	0	0	NOT_EVALUABLE_CLOCK_TRANSPORT	
OBSOPEN_US30_20241030	2024-10-30	NORMAL_SESSION	NOT_EVALUABLE_CLOCK_TRANSPORT		1440	288	0	0	0	0	0	0	0	0	NOT_EVALUABLE_CLOCK_TRANSPORT	
OBSOPEN_US30_20241031	2024-10-31	NORMAL_SESSION	NOT_EVALUABLE_CLOCK_TRANSPORT		1438	288	0	0	0	0	0	0	0	0	NOT_EVALUABLE_CLOCK_TRANSPORT	
OBSOPEN_US30_20241101	2024-11-01	NORMAL_SESSION	NOT_EVALUABLE_CLOCK_TRANSPORT		1380	276	0	0	0	0	0	0	0	0	NOT_EVALUABLE_CLOCK_TRANSPORT	
OBSOPEN_US30_20241102	2024-11-02	NON_SESSION_WEEKEND	NOT_APPLICABLE		0	0	0	0	0	0	0	0	0	0	NON_SESSION_WEEKEND	
OBSOPEN_US30_20241103	2024-11-03	NON_SESSION_WEEKEND	NOT_APPLICABLE		0	0	0	0	0	0	0	0	0	0	NON_SESSION_WEEKEND	
OBSOPEN_US30_20241104	2024-11-04	NORMAL_SESSION	NOT_EVALUABLE_CLOCK_TRANSPORT		1380	276	0	0	0	0	0	0	0	0	NOT_EVALUABLE_CLOCK_TRANSPORT	
OBSOPEN_US30_20241105	2024-11-05	NORMAL_SESSION	NOT_EVALUABLE_CLOCK_TRANSPORT		1399	282	0	0	0	0	0	0	0	0	NOT_EVALUABLE_CLOCK_TRANSPORT	
OBSOPEN_US30_20241106	2024-11-06	NORMAL_SESSION	NOT_EVALUABLE_CLOCK_TRANSPORT		1440	288	0	0	0	0	0	0	0	0	NOT_EVALUABLE_CLOCK_TRANSPORT	
OBSOPEN_US30_20241107	2024-11-07	NORMAL_SESSION	NOT_EVALUABLE_CLOCK_TRANSPORT		1440	288	0	0	0	0	0	0	0	0	NOT_EVALUABLE_CLOCK_TRANSPORT	
OBSOPEN_US30_20241108	2024-11-08	NORMAL_SESSION	NOT_EVALUABLE_CLOCK_TRANSPORT		1379	276	0	0	0	0	0	0	0	0	NOT_EVALUABLE_CLOCK_TRANSPORT	
OBSOPEN_US30_20241109	2024-11-09	NON_SESSION_WEEKEND	NOT_APPLICABLE		0	0	0	0	0	0	0	0	0	0	NON_SESSION_WEEKEND	
OBSOPEN_US30_20241110	2024-11-10	NON_SESSION_WEEKEND	NOT_APPLICABLE		0	0	0	0	0	0	0	0	0	0	NON_SESSION_WEEKEND	
OBSOPEN_US30_20241111	2024-11-11	NORMAL_SESSION	NOT_EVALUABLE_CLOCK_TRANSPORT		1380	276	0	0	0	0	0	0	0	0	NOT_EVALUABLE_CLOCK_TRANSPORT	
OBSOPEN_US30_20241112	2024-11-12	NORMAL_SESSION	NOT_EVALUABLE_CLOCK_TRANSPORT		1418	284	0	0	0	0	0	0	0	0	NOT_EVALUABLE_CLOCK_TRANSPORT	
OBSOPEN_US30_20241113	2024-11-13	NORMAL_SESSION	NOT_EVALUABLE_CLOCK_TRANSPORT		1407	282	0	0	0	0	0	0	0	0	NOT_EVALUABLE_CLOCK_TRANSPORT	
OBSOPEN_US30_20241114	2024-11-14	NORMAL_SESSION	NOT_EVALUABLE_CLOCK_TRANSPORT		1440	288	0	0	0	0	0	0	0	0	NOT_EVALUABLE_CLOCK_TRANSPORT	
OBSOPEN_US30_20241115	2024-11-15	NORMAL_SESSION	NOT_EVALUABLE_CLOCK_TRANSPORT		1380	276	0	0	0	0	0	0	0	0	NOT_EVALUABLE_CLOCK_TRANSPORT	
OBSOPEN_US30_20241116	2024-11-16	NON_SESSION_WEEKEND	NOT_APPLICABLE		0	0	0	0	0	0	0	0	0	0	NON_SESSION_WEEKEND	
OBSOPEN_US30_20241117	2024-11-17	NON_SESSION_WEEKEND	NOT_APPLICABLE		0	0	0	0	0	0	0	0	0	0	NON_SESSION_WEEKEND	
OBSOPEN_US30_20241118	2024-11-18	NORMAL_SESSION	NOT_EVALUABLE_CLOCK_TRANSPORT		1380	276	0	0	0	0	0	0	0	0	NOT_EVALUABLE_CLOCK_TRANSPORT	
OBSOPEN_US30_20241119	2024-11-19	NORMAL_SESSION	NOT_EVALUABLE_CLOCK_TRANSPORT		1380	276	0	0	0	0	0	0	0	0	NOT_EVALUABLE_CLOCK_TRANSPORT	
OBSOPEN_US30_20241120	2024-11-20	NORMAL_SESSION	NOT_EVALUABLE_CLOCK_TRANSPORT		1380	276	0	0	0	0	0	0	0	0	NOT_EVALUABLE_CLOCK_TRANSPORT	
OBSOPEN_US30_20241121	2024-11-21	NORMAL_SESSION	NOT_EVALUABLE_CLOCK_TRANSPORT		1439	288	0	0	0	0	0	0	0	0	NOT_EVALUABLE_CLOCK_TRANSPORT	
OBSOPEN_US30_20241122	2024-11-22	NORMAL_SESSION	NOT_EVALUABLE_CLOCK_TRANSPORT		1380	276	0	0	0	0	0	0	0	0	NOT_EVALUABLE_CLOCK_TRANSPORT	
OBSOPEN_US30_20241123	2024-11-23	NON_SESSION_WEEKEND	NOT_APPLICABLE		0	0	0	0	0	0	0	0	0	0	NON_SESSION_WEEKEND	
OBSOPEN_US30_20241124	2024-11-24	NON_SESSION_WEEKEND	NOT_APPLICABLE		0	0	0	0	0	0	0	0	0	0	NON_SESSION_WEEKEND	
OBSOPEN_US30_20241125	2024-11-25	NORMAL_SESSION	NOT_EVALUABLE_CLOCK_TRANSPORT		1378	276	0	0	0	0	0	0	0	0	NOT_EVALUABLE_CLOCK_TRANSPORT	
OBSOPEN_US30_20241126	2024-11-26	NORMAL_SESSION	NOT_EVALUABLE_CLOCK_TRANSPORT		1397	280	0	0	0	0	0	0	0	0	NOT_EVALUABLE_CLOCK_TRANSPORT	
OBSOPEN_US30_20241127	2024-11-27	NORMAL_SESSION	NOT_EVALUABLE_CLOCK_TRANSPORT		1411	283	0	0	0	0	0	0	0	0	NOT_EVALUABLE_CLOCK_TRANSPORT	
OBSOPEN_US30_20241128	2024-11-28	EXCHANGE_CLOSED	NOT_APPLICABLE		1421	285	0	0	0	0	0	0	0	0	EXCHANGE_CLOSED	
OBSOPEN_US30_20241129	2024-11-29	EARLY_CLOSE	NOT_APPLICABLE		1380	276	0	0	0	0	0	0	0	0	EARLY_CLOSE_HORIZON_INCOMPLETE	
OBSOPEN_US30_20241130	2024-11-30	NON_SESSION_WEEKEND	NOT_APPLICABLE		0	0	0	0	0	0	0	0	0	0	NON_SESSION_WEEKEND	
OBSOPEN_US30_20241201	2024-12-01	NON_SESSION_WEEKEND	NOT_APPLICABLE		0	0	0	0	0	0	0	0	0	0	NON_SESSION_WEEKEND	
OBSOPEN_US30_20241202	2024-12-02	NORMAL_SESSION	NOT_EVALUABLE_CLOCK_TRANSPORT		1370	275	0	0	0	0	0	0	0	0	NOT_EVALUABLE_CLOCK_TRANSPORT	
OBSOPEN_US30_20241203	2024-12-03	NORMAL_SESSION	NOT_EVALUABLE_CLOCK_TRANSPORT		1379	276	0	0	0	0	0	0	0	0	NOT_EVALUABLE_CLOCK_TRANSPORT	
OBSOPEN_US30_20241204	2024-12-04	NORMAL_SESSION	NOT_EVALUABLE_CLOCK_TRANSPORT		1440	288	0	0	0	0	0	0	0	0	NOT_EVALUABLE_CLOCK_TRANSPORT	
OBSOPEN_US30_20241205	2024-12-05	NORMAL_SESSION	NOT_EVALUABLE_CLOCK_TRANSPORT		1384	277	0	0	0	0	0	0	0	0	NOT_EVALUABLE_CLOCK_TRANSPORT	
OBSOPEN_US30_20241206	2024-12-06	NORMAL_SESSION	NOT_EVALUABLE_CLOCK_TRANSPORT		1322	265	0	0	0	0	0	0	0	0	NOT_EVALUABLE_CLOCK_TRANSPORT	
OBSOPEN_US30_20241207	2024-12-07	NON_SESSION_WEEKEND	NOT_APPLICABLE		0	0	0	0	0	0	0	0	0	0	NON_SESSION_WEEKEND	
OBSOPEN_US30_20241208	2024-12-08	NON_SESSION_WEEKEND	NOT_APPLICABLE		0	0	0	0	0	0	0	0	0	0	NON_SESSION_WEEKEND	
OBSOPEN_US30_20241209	2024-12-09	NORMAL_SESSION	NOT_EVALUABLE_CLOCK_TRANSPORT		1379	276	0	0	0	0	0	0	0	0	NOT_EVALUABLE_CLOCK_TRANSPORT	
OBSOPEN_US30_20241210	2024-12-10	NORMAL_SESSION	NOT_EVALUABLE_CLOCK_TRANSPORT		1440	288	0	0	0	0	0	0	0	0	NOT_EVALUABLE_CLOCK_TRANSPORT	
OBSOPEN_US30_20241211	2024-12-11	NORMAL_SESSION	NOT_EVALUABLE_CLOCK_TRANSPORT		1439	288	0	0	0	0	0	0	0	0	NOT_EVALUABLE_CLOCK_TRANSPORT	
OBSOPEN_US30_20241212	2024-12-12	NORMAL_SESSION	NOT_EVALUABLE_CLOCK_TRANSPORT		1439	288	0	0	0	0	0	0	0	0	NOT_EVALUABLE_CLOCK_TRANSPORT	
OBSOPEN_US30_20241213	2024-12-13	NORMAL_SESSION	NOT_EVALUABLE_CLOCK_TRANSPORT		1344	269	0	0	0	0	0	0	0	0	NOT_EVALUABLE_CLOCK_TRANSPORT	
OBSOPEN_US30_20241214	2024-12-14	NON_SESSION_WEEKEND	NOT_APPLICABLE		0	0	0	0	0	0	0	0	0	0	NON_SESSION_WEEKEND	
OBSOPEN_US30_20241215	2024-12-15	NON_SESSION_WEEKEND	NOT_APPLICABLE		0	0	0	0	0	0	0	0	0	0	NON_SESSION_WEEKEND	
OBSOPEN_US30_20241216	2024-12-16	NORMAL_SESSION	NOT_EVALUABLE_CLOCK_TRANSPORT		1380	276	0	0	0	0	0	0	0	0	NOT_EVALUABLE_CLOCK_TRANSPORT	
OBSOPEN_US30_20241217	2024-12-17	NORMAL_SESSION	NOT_EVALUABLE_CLOCK_TRANSPORT		1390	279	0	0	0	0	0	0	0	0	NOT_EVALUABLE_CLOCK_TRANSPORT	
OBSOPEN_US30_20241218	2024-12-18	NORMAL_SESSION	NOT_EVALUABLE_CLOCK_TRANSPORT		1433	287	0	0	0	0	0	0	0	0	NOT_EVALUABLE_CLOCK_TRANSPORT	
OBSOPEN_US30_20241219	2024-12-19	NORMAL_SESSION	NOT_EVALUABLE_CLOCK_TRANSPORT		1412	283	0	0	0	0	0	0	0	0	NOT_EVALUABLE_CLOCK_TRANSPORT	
OBSOPEN_US30_20241220	2024-12-20	NORMAL_SESSION	NOT_EVALUABLE_CLOCK_TRANSPORT		1351	271	0	0	0	0	0	0	0	0	NOT_EVALUABLE_CLOCK_TRANSPORT	
OBSOPEN_US30_20241221	2024-12-21	NON_SESSION_WEEKEND	NOT_APPLICABLE		0	0	0	0	0	0	0	0	0	0	NON_SESSION_WEEKEND	
OBSOPEN_US30_20241222	2024-12-22	NON_SESSION_WEEKEND	NOT_APPLICABLE		0	0	0	0	0	0	0	0	0	0	NON_SESSION_WEEKEND	
OBSOPEN_US30_20241223	2024-12-23	NORMAL_SESSION	NOT_EVALUABLE_CLOCK_TRANSPORT		1380	276	0	0	0	0	0	0	0	0	NOT_EVALUABLE_CLOCK_TRANSPORT	
OBSOPEN_US30_20241224	2024-12-24	EARLY_CLOSE	NOT_APPLICABLE		1183	237	0	0	0	0	0	0	0	0	EARLY_CLOSE_HORIZON_INCOMPLETE	
OBSOPEN_US30_20241225	2024-12-25	EXCHANGE_CLOSED	NOT_APPLICABLE		0	0	0	0	0	0	0	0	0	0	EXCHANGE_CLOSED	
OBSOPEN_US30_20241226	2024-12-26	NORMAL_SESSION	NOT_EVALUABLE_CLOCK_TRANSPORT		1380	276	0	0	0	0	0	0	0	0	NOT_EVALUABLE_CLOCK_TRANSPORT	
OBSOPEN_US30_20241227	2024-12-27	NORMAL_SESSION	NOT_EVALUABLE_CLOCK_TRANSPORT		1320	264	0	0	0	0	0	0	0	0	NOT_EVALUABLE_CLOCK_TRANSPORT	
OBSOPEN_US30_20241228	2024-12-28	NON_SESSION_WEEKEND	NOT_APPLICABLE		0	0	0	0	0	0	0	0	0	0	NON_SESSION_WEEKEND	
OBSOPEN_US30_20241229	2024-12-29	NON_SESSION_WEEKEND	NOT_APPLICABLE		0	0	0	0	0	0	0	0	0	0	NON_SESSION_WEEKEND	
OBSOPEN_US30_20241230	2024-12-30	NORMAL_SESSION	NOT_EVALUABLE_CLOCK_TRANSPORT		1380	276	0	0	0	0	0	0	0	0	NOT_EVALUABLE_CLOCK_TRANSPORT	
OBSOPEN_US30_20241231	2024-12-31	NORMAL_SESSION	NOT_EVALUABLE_CLOCK_TRANSPORT		1440	288	0	0	0	0	0	0	0	0	NOT_EVALUABLE_CLOCK_TRANSPORT	
OBSOPEN_US30_20250101	2025-01-01	EXCHANGE_CLOSED	NOT_APPLICABLE		1346	270	0	0	0	0	0	0	0	0	EXCHANGE_CLOSED	
OBSOPEN_US30_20250102	2025-01-02	NORMAL_SESSION	QUALIFIED	120	1380	276	30	30	0	0	79	79	0	0	ADMITTED	DISCOVERY
OBSOPEN_US30_20250103	2025-01-03	NORMAL_SESSION	QUALIFIED	120	1380	276	30	30	0	0	79	78	1	0	NOT_EVALUABLE_SOURCE_COVERAGE_M5	
OBSOPEN_US30_20250104	2025-01-04	NON_SESSION_WEEKEND	NOT_APPLICABLE		0	0	0	0	0	0	0	0	0	0	NON_SESSION_WEEKEND	
OBSOPEN_US30_20250105	2025-01-05	NON_SESSION_WEEKEND	NOT_APPLICABLE		0	0	0	0	0	0	0	0	0	0	NON_SESSION_WEEKEND	
OBSOPEN_US30_20250106	2025-01-06	NORMAL_SESSION	QUALIFIED	120	1380	276	30	30	0	0	79	79	0	0	ADMITTED	DISCOVERY
OBSOPEN_US30_20250107	2025-01-07	NORMAL_SESSION	QUALIFIED	120	1314	265	30	30	0	0	79	79	0	0	ADMITTED	DISCOVERY
OBSOPEN_US30_20250108	2025-01-08	NORMAL_SESSION	QUALIFIED	120	1380	276	30	30	0	0	79	79	0	0	ADMITTED	DISCOVERY
OBSOPEN_US30_20250109	2025-01-09	EXCHANGE_CLOSED	NOT_APPLICABLE		930	187	0	0	0	0	0	0	0	0	EXCHANGE_CLOSED	
OBSOPEN_US30_20250110	2025-01-10	NORMAL_SESSION	QUALIFIED	120	1319	264	30	30	0	0	79	78	1	0	NOT_EVALUABLE_SOURCE_COVERAGE_M5	
OBSOPEN_US30_20250111	2025-01-11	NON_SESSION_WEEKEND	NOT_APPLICABLE		0	0	0	0	0	0	0	0	0	0	NON_SESSION_WEEKEND	
OBSOPEN_US30_20250112	2025-01-12	NON_SESSION_WEEKEND	NOT_APPLICABLE		0	0	0	0	0	0	0	0	0	0	NON_SESSION_WEEKEND	
OBSOPEN_US30_20250113	2025-01-13	NORMAL_SESSION	QUALIFIED	120	1380	276	30	30	0	0	79	79	0	0	ADMITTED	DISCOVERY
OBSOPEN_US30_20250114	2025-01-14	NORMAL_SESSION	QUALIFIED	120	1380	276	30	30	0	0	79	79	0	0	ADMITTED	DISCOVERY
OBSOPEN_US30_20250115	2025-01-15	NORMAL_SESSION	QUALIFIED	120	1380	276	30	30	0	0	79	79	0	0	ADMITTED	DISCOVERY
OBSOPEN_US30_20250116	2025-01-16	NORMAL_SESSION	QUALIFIED	120	1380	276	30	30	0	0	79	79	0	0	ADMITTED	DISCOVERY
OBSOPEN_US30_20250117	2025-01-17	NORMAL_SESSION	QUALIFIED	120	1320	264	30	30	0	0	79	78	1	0	NOT_EVALUABLE_SOURCE_COVERAGE_M5	
OBSOPEN_US30_20250118	2025-01-18	NON_SESSION_WEEKEND	NOT_APPLICABLE		0	0	0	0	0	0	0	0	0	0	NON_SESSION_WEEKEND	
OBSOPEN_US30_20250119	2025-01-19	NON_SESSION_WEEKEND	NOT_APPLICABLE		0	0	0	0	0	0	0	0	0	0	NON_SESSION_WEEKEND	
OBSOPEN_US30_20250120	2025-01-20	EXCHANGE_CLOSED	NOT_APPLICABLE		1140	228	0	0	0	0	0	0	0	0	EXCHANGE_CLOSED	
OBSOPEN_US30_20250121	2025-01-21	NORMAL_SESSION	QUALIFIED	120	1379	276	30	30	0	0	79	79	0	0	ADMITTED	DISCOVERY
OBSOPEN_US30_20250122	2025-01-22	NORMAL_SESSION	QUALIFIED	120	1380	276	30	30	0	0	79	79	0	0	ADMITTED	DISCOVERY
OBSOPEN_US30_20250123	2025-01-23	NORMAL_SESSION	QUALIFIED	120	1380	276	30	30	0	0	79	79	0	0	ADMITTED	DISCOVERY
OBSOPEN_US30_20250124	2025-01-24	NORMAL_SESSION	QUALIFIED	120	1312	263	30	30	0	0	79	78	1	0	NOT_EVALUABLE_SOURCE_COVERAGE_M5	
OBSOPEN_US30_20250125	2025-01-25	NON_SESSION_WEEKEND	NOT_APPLICABLE		0	0	0	0	0	0	0	0	0	0	NON_SESSION_WEEKEND	
OBSOPEN_US30_20250126	2025-01-26	NON_SESSION_WEEKEND	NOT_APPLICABLE		0	0	0	0	0	0	0	0	0	0	NON_SESSION_WEEKEND	
OBSOPEN_US30_20250127	2025-01-27	NORMAL_SESSION	QUALIFIED	120	1380	276	30	30	0	0	79	79	0	0	ADMITTED	DISCOVERY
OBSOPEN_US30_20250128	2025-01-28	NORMAL_SESSION	QUALIFIED	120	1352	273	30	30	0	0	79	79	0	0	ADMITTED	DISCOVERY
OBSOPEN_US30_20250129	2025-01-29	NORMAL_SESSION	QUALIFIED	120	1379	276	30	30	0	0	79	79	0	0	ADMITTED	DISCOVERY
OBSOPEN_US30_20250130	2025-01-30	NORMAL_SESSION	QUALIFIED	120	1380	276	30	30	0	0	79	79	0	0	ADMITTED	DISCOVERY
OBSOPEN_US30_20250131	2025-01-31	NORMAL_SESSION	QUALIFIED	120	1320	264	30	30	0	0	79	78	1	0	NOT_EVALUABLE_SOURCE_COVERAGE_M5	
OBSOPEN_US30_20250201	2025-02-01	NON_SESSION_WEEKEND	NOT_APPLICABLE		0	0	0	0	0	0	0	0	0	0	NON_SESSION_WEEKEND	
OBSOPEN_US30_20250202	2025-02-02	NON_SESSION_WEEKEND	NOT_APPLICABLE		0	0	0	0	0	0	0	0	0	0	NON_SESSION_WEEKEND	
OBSOPEN_US30_20250203	2025-02-03	NORMAL_SESSION	QUALIFIED	120	1378	276	30	30	0	0	79	79	0	0	ADMITTED	DISCOVERY
OBSOPEN_US30_20250204	2025-02-04	NORMAL_SESSION	QUALIFIED	120	1380	276	30	30	0	0	79	79	0	0	ADMITTED	DISCOVERY
OBSOPEN_US30_20250205	2025-02-05	NORMAL_SESSION	QUALIFIED	120	1378	276	30	30	0	0	79	79	0	0	ADMITTED	DISCOVERY
OBSOPEN_US30_20250206	2025-02-06	NORMAL_SESSION	QUALIFIED	120	1380	276	30	30	0	0	79	79	0	0	ADMITTED	DISCOVERY
OBSOPEN_US30_20250207	2025-02-07	NORMAL_SESSION	QUALIFIED	120	1317	264	30	30	0	0	79	78	1	0	NOT_EVALUABLE_SOURCE_COVERAGE_M5	
OBSOPEN_US30_20250208	2025-02-08	NON_SESSION_WEEKEND	NOT_APPLICABLE		0	0	0	0	0	0	0	0	0	0	NON_SESSION_WEEKEND	
OBSOPEN_US30_20250209	2025-02-09	NON_SESSION_WEEKEND	NOT_APPLICABLE		0	0	0	0	0	0	0	0	0	0	NON_SESSION_WEEKEND	
OBSOPEN_US30_20250210	2025-02-10	NORMAL_SESSION	QUALIFIED	120	1380	276	30	30	0	0	79	79	0	0	ADMITTED	DISCOVERY
OBSOPEN_US30_20250211	2025-02-11	NORMAL_SESSION	QUALIFIED	120	1379	276	30	30	0	0	79	79	0	0	ADMITTED	DISCOVERY
OBSOPEN_US30_20250212	2025-02-12	NORMAL_SESSION	QUALIFIED	120	1380	276	30	30	0	0	79	79	0	0	ADMITTED	DISCOVERY
OBSOPEN_US30_20250213	2025-02-13	NORMAL_SESSION	QUALIFIED	120	1380	276	30	30	0	0	79	79	0	0	ADMITTED	DISCOVERY
OBSOPEN_US30_20250214	2025-02-14	NORMAL_SESSION	QUALIFIED	120	1319	264	30	30	0	0	79	78	1	0	NOT_EVALUABLE_SOURCE_COVERAGE_M5	
OBSOPEN_US30_20250215	2025-02-15	NON_SESSION_WEEKEND	NOT_APPLICABLE		0	0	0	0	0	0	0	0	0	0	NON_SESSION_WEEKEND	
OBSOPEN_US30_20250216	2025-02-16	NON_SESSION_WEEKEND	NOT_APPLICABLE		0	0	0	0	0	0	0	0	0	0	NON_SESSION_WEEKEND	
OBSOPEN_US30_20250217	2025-02-17	EXCHANGE_CLOSED	NOT_APPLICABLE		1132	228	0	0	0	0	0	0	0	0	EXCHANGE_CLOSED	
OBSOPEN_US30_20250218	2025-02-18	NORMAL_SESSION	QUALIFIED	120	1378	276	30	30	0	0	79	79	0	0	ADMITTED	DISCOVERY
OBSOPEN_US30_20250219	2025-02-19	NORMAL_SESSION	QUALIFIED	120	1374	276	30	30	0	0	79	79	0	0	ADMITTED	DISCOVERY
OBSOPEN_US30_20250220	2025-02-20	NORMAL_SESSION	QUALIFIED	120	1379	276	30	30	0	0	79	79	0	0	ADMITTED	DISCOVERY
OBSOPEN_US30_20250221	2025-02-21	NORMAL_SESSION	QUALIFIED	120	1319	264	30	30	0	0	79	78	1	0	NOT_EVALUABLE_SOURCE_COVERAGE_M5	
OBSOPEN_US30_20250222	2025-02-22	NON_SESSION_WEEKEND	NOT_APPLICABLE		0	0	0	0	0	0	0	0	0	0	NON_SESSION_WEEKEND	
OBSOPEN_US30_20250223	2025-02-23	NON_SESSION_WEEKEND	NOT_APPLICABLE		0	0	0	0	0	0	0	0	0	0	NON_SESSION_WEEKEND	
OBSOPEN_US30_20250224	2025-02-24	NORMAL_SESSION	QUALIFIED	120	1380	276	30	30	0	0	79	79	0	0	ADMITTED	DISCOVERY
OBSOPEN_US30_20250225	2025-02-25	NORMAL_SESSION	QUALIFIED	120	1380	276	30	30	0	0	79	79	0	0	ADMITTED	DISCOVERY
OBSOPEN_US30_20250226	2025-02-26	NORMAL_SESSION	QUALIFIED	120	1379	276	30	30	0	0	79	79	0	0	ADMITTED	DISCOVERY
OBSOPEN_US30_20250227	2025-02-27	NORMAL_SESSION	QUALIFIED	120	1379	276	30	30	0	0	79	79	0	0	ADMITTED	DISCOVERY
OBSOPEN_US30_20250228	2025-02-28	NORMAL_SESSION	QUALIFIED	120	1320	264	30	30	0	0	79	78	1	0	NOT_EVALUABLE_SOURCE_COVERAGE_M5	
OBSOPEN_US30_20250301	2025-03-01	NON_SESSION_WEEKEND	NOT_APPLICABLE		0	0	0	0	0	0	0	0	0	0	NON_SESSION_WEEKEND	
OBSOPEN_US30_20250302	2025-03-02	NON_SESSION_WEEKEND	NOT_APPLICABLE		0	0	0	0	0	0	0	0	0	0	NON_SESSION_WEEKEND	
OBSOPEN_US30_20250303	2025-03-03	NORMAL_SESSION	QUALIFIED	120	1380	276	30	30	0	0	79	79	0	0	ADMITTED	DISCOVERY
OBSOPEN_US30_20250304	2025-03-04	NORMAL_SESSION	QUALIFIED	120	1379	276	30	30	0	0	79	79	0	0	ADMITTED	DISCOVERY
OBSOPEN_US30_20250305	2025-03-05	NORMAL_SESSION	QUALIFIED	120	1380	276	30	30	0	0	79	79	0	0	ADMITTED	DISCOVERY
OBSOPEN_US30_20250306	2025-03-06	NORMAL_SESSION	QUALIFIED	120	1380	276	30	30	0	0	79	79	0	0	ADMITTED	DISCOVERY
OBSOPEN_US30_20250307	2025-03-07	NORMAL_SESSION	QUALIFIED	120	1320	264	30	30	0	0	79	78	1	0	NOT_EVALUABLE_SOURCE_COVERAGE_M5	
OBSOPEN_US30_20250308	2025-03-08	NON_SESSION_WEEKEND	NOT_APPLICABLE		0	0	0	0	0	0	0	0	0	0	NON_SESSION_WEEKEND	
OBSOPEN_US30_20250309	2025-03-09	NON_SESSION_WEEKEND	NOT_APPLICABLE		0	0	0	0	0	0	0	0	0	0	NON_SESSION_WEEKEND	
OBSOPEN_US30_20250310	2025-03-10	NORMAL_SESSION	QUALIFIED	120	1376	276	30	30	0	0	79	79	0	0	ADMITTED	DISCOVERY
OBSOPEN_US30_20250311	2025-03-11	NORMAL_SESSION	QUALIFIED	120	1380	276	30	30	0	0	79	79	0	0	ADMITTED	DISCOVERY
OBSOPEN_US30_20250312	2025-03-12	NORMAL_SESSION	QUALIFIED	120	1380	276	30	30	0	0	79	79	0	0	ADMITTED	DISCOVERY
OBSOPEN_US30_20250313	2025-03-13	NORMAL_SESSION	QUALIFIED	120	1380	276	30	30	0	0	79	79	0	0	ADMITTED	DISCOVERY
OBSOPEN_US30_20250314	2025-03-14	NORMAL_SESSION	QUALIFIED	120	1375	275	30	30	0	0	79	79	0	0	ADMITTED	DISCOVERY
OBSOPEN_US30_20250315	2025-03-15	NON_SESSION_WEEKEND	NOT_APPLICABLE		0	0	0	0	0	0	0	0	0	0	NON_SESSION_WEEKEND	
OBSOPEN_US30_20250316	2025-03-16	NON_SESSION_WEEKEND	NOT_APPLICABLE		0	0	0	0	0	0	0	0	0	0	NON_SESSION_WEEKEND	
OBSOPEN_US30_20250317	2025-03-17	NORMAL_SESSION	QUALIFIED	120	1379	276	30	30	0	0	79	79	0	0	ADMITTED	DISCOVERY
OBSOPEN_US30_20250318	2025-03-18	NORMAL_SESSION	QUALIFIED	120	1380	276	30	30	0	0	79	79	0	0	ADMITTED	DISCOVERY
OBSOPEN_US30_20250319	2025-03-19	NORMAL_SESSION	QUALIFIED	120	1380	276	30	30	0	0	79	79	0	0	ADMITTED	DISCOVERY
OBSOPEN_US30_20250320	2025-03-20	NORMAL_SESSION	QUALIFIED	120	1378	276	30	30	0	0	79	79	0	0	ADMITTED	DISCOVERY
OBSOPEN_US30_20250321	2025-03-21	NORMAL_SESSION	QUALIFIED	120	1373	275	30	30	0	0	79	79	0	0	ADMITTED	DISCOVERY
OBSOPEN_US30_20250322	2025-03-22	NON_SESSION_WEEKEND	NOT_APPLICABLE		0	0	0	0	0	0	0	0	0	0	NON_SESSION_WEEKEND	
OBSOPEN_US30_20250323	2025-03-23	NON_SESSION_WEEKEND	NOT_APPLICABLE		0	0	0	0	0	0	0	0	0	0	NON_SESSION_WEEKEND	
OBSOPEN_US30_20250324	2025-03-24	NORMAL_SESSION	QUALIFIED	120	1378	276	30	30	0	0	79	79	0	0	ADMITTED	DISCOVERY
OBSOPEN_US30_20250325	2025-03-25	NORMAL_SESSION	QUALIFIED	120	1372	276	30	30	0	0	79	79	0	0	ADMITTED	DISCOVERY
OBSOPEN_US30_20250326	2025-03-26	NORMAL_SESSION	QUALIFIED	120	1378	276	30	30	0	0	79	79	0	0	ADMITTED	DISCOVERY
OBSOPEN_US30_20250327	2025-03-27	NORMAL_SESSION	QUALIFIED	120	1379	276	30	30	0	0	79	79	0	0	ADMITTED	DISCOVERY
OBSOPEN_US30_20250328	2025-03-28	NORMAL_SESSION	QUALIFIED	120	1375	275	30	30	0	0	79	79	0	0	ADMITTED	DISCOVERY
OBSOPEN_US30_20250329	2025-03-29	NON_SESSION_WEEKEND	NOT_APPLICABLE		0	0	0	0	0	0	0	0	0	0	NON_SESSION_WEEKEND	
OBSOPEN_US30_20250330	2025-03-30	NON_SESSION_WEEKEND	NOT_APPLICABLE		0	0	0	0	0	0	0	0	0	0	NON_SESSION_WEEKEND	
OBSOPEN_US30_20250331	2025-03-31	NORMAL_SESSION	QUALIFIED	180	1380	276	30	30	0	0	79	79	0	0	ADMITTED	DISCOVERY
OBSOPEN_US30_20250401	2025-04-01	NORMAL_SESSION	QUALIFIED	180	1380	276	30	30	0	0	79	79	0	0	ADMITTED	DISCOVERY
OBSOPEN_US30_20250402	2025-04-02	NORMAL_SESSION	QUALIFIED	180	1380	276	30	30	0	0	79	79	0	0	ADMITTED	DISCOVERY
OBSOPEN_US30_20250403	2025-04-03	NORMAL_SESSION	QUALIFIED	180	1380	276	30	30	0	0	79	79	0	0	ADMITTED	DISCOVERY
OBSOPEN_US30_20250404	2025-04-04	NORMAL_SESSION	QUALIFIED	180	1316	264	30	30	0	0	79	78	1	0	NOT_EVALUABLE_SOURCE_COVERAGE_M5	
OBSOPEN_US30_20250405	2025-04-05	NON_SESSION_WEEKEND	NOT_APPLICABLE		0	0	0	0	0	0	0	0	0	0	NON_SESSION_WEEKEND	
OBSOPEN_US30_20250406	2025-04-06	NON_SESSION_WEEKEND	NOT_APPLICABLE		0	0	0	0	0	0	0	0	0	0	NON_SESSION_WEEKEND	
OBSOPEN_US30_20250407	2025-04-07	NORMAL_SESSION	QUALIFIED	180	1380	276	30	30	0	0	79	79	0	0	ADMITTED	DISCOVERY
OBSOPEN_US30_20250408	2025-04-08	NORMAL_SESSION	QUALIFIED	180	1379	276	30	30	0	0	79	79	0	0	ADMITTED	DISCOVERY
OBSOPEN_US30_20250409	2025-04-09	NORMAL_SESSION	QUALIFIED	180	1378	276	30	30	0	0	79	79	0	0	ADMITTED	DISCOVERY
OBSOPEN_US30_20250410	2025-04-10	NORMAL_SESSION	QUALIFIED	180	1373	275	30	30	0	0	79	78	1	0	NOT_EVALUABLE_SOURCE_COVERAGE_M5	
OBSOPEN_US30_20250411	2025-04-11	NORMAL_SESSION	QUALIFIED	180	1320	264	30	30	0	0	79	78	1	0	NOT_EVALUABLE_SOURCE_COVERAGE_M5	
OBSOPEN_US30_20250412	2025-04-12	NON_SESSION_WEEKEND	NOT_APPLICABLE		0	0	0	0	0	0	0	0	0	0	NON_SESSION_WEEKEND	
OBSOPEN_US30_20250413	2025-04-13	NON_SESSION_WEEKEND	NOT_APPLICABLE		0	0	0	0	0	0	0	0	0	0	NON_SESSION_WEEKEND	
OBSOPEN_US30_20250414	2025-04-14	NORMAL_SESSION	QUALIFIED	180	1380	276	30	30	0	0	79	79	0	0	ADMITTED	DISCOVERY
OBSOPEN_US30_20250415	2025-04-15	NORMAL_SESSION	QUALIFIED	180	1380	276	30	30	0	0	79	79	0	0	ADMITTED	DISCOVERY
OBSOPEN_US30_20250416	2025-04-16	NORMAL_SESSION	QUALIFIED	180	1380	276	30	30	0	0	79	79	0	0	ADMITTED	DISCOVERY
OBSOPEN_US30_20250417	2025-04-17	NORMAL_SESSION	QUALIFIED	180	1380	276	30	30	0	0	79	79	0	0	ADMITTED	DISCOVERY
OBSOPEN_US30_20250418	2025-04-18	EXCHANGE_CLOSED	NOT_APPLICABLE		0	0	0	0	0	0	0	0	0	0	EXCHANGE_CLOSED	
OBSOPEN_US30_20250419	2025-04-19	NON_SESSION_WEEKEND	NOT_APPLICABLE		0	0	0	0	0	0	0	0	0	0	NON_SESSION_WEEKEND	
OBSOPEN_US30_20250420	2025-04-20	NON_SESSION_WEEKEND	NOT_APPLICABLE		0	0	0	0	0	0	0	0	0	0	NON_SESSION_WEEKEND	
OBSOPEN_US30_20250421	2025-04-21	NORMAL_SESSION	QUALIFIED	180	1371	276	30	26	4	0	79	79	0	0	NOT_EVALUABLE_SOURCE_COVERAGE_M1	
OBSOPEN_US30_20250422	2025-04-22	NORMAL_SESSION	QUALIFIED	180	1379	276	30	30	0	0	79	79	0	0	ADMITTED	DISCOVERY
OBSOPEN_US30_20250423	2025-04-23	NORMAL_SESSION	QUALIFIED	180	1376	276	30	30	0	0	79	79	0	0	ADMITTED	DISCOVERY
OBSOPEN_US30_20250424	2025-04-24	NORMAL_SESSION	QUALIFIED	180	1379	276	30	30	0	0	79	79	0	0	ADMITTED	DISCOVERY
OBSOPEN_US30_20250425	2025-04-25	NORMAL_SESSION	QUALIFIED	180	1318	264	30	28	2	0	79	78	1	0	NOT_EVALUABLE_SOURCE_COVERAGE_M1	
OBSOPEN_US30_20250426	2025-04-26	NON_SESSION_WEEKEND	NOT_APPLICABLE		0	0	0	0	0	0	0	0	0	0	NON_SESSION_WEEKEND	
OBSOPEN_US30_20250427	2025-04-27	NON_SESSION_WEEKEND	NOT_APPLICABLE		0	0	0	0	0	0	0	0	0	0	NON_SESSION_WEEKEND	
OBSOPEN_US30_20250428	2025-04-28	NORMAL_SESSION	QUALIFIED	180	1380	276	30	30	0	0	79	79	0	0	ADMITTED	DISCOVERY
OBSOPEN_US30_20250429	2025-04-29	NORMAL_SESSION	QUALIFIED	180	1380	276	30	30	0	0	79	79	0	0	ADMITTED	DISCOVERY
OBSOPEN_US30_20250430	2025-04-30	NORMAL_SESSION	QUALIFIED	180	1379	276	30	30	0	0	79	79	0	0	ADMITTED	DISCOVERY
OBSOPEN_US30_20250501	2025-05-01	NORMAL_SESSION	QUALIFIED	180	1377	276	30	30	0	0	79	79	0	0	ADMITTED	DISCOVERY
OBSOPEN_US30_20250502	2025-05-02	NORMAL_SESSION	QUALIFIED	180	1312	263	30	30	0	0	79	78	1	0	NOT_EVALUABLE_SOURCE_COVERAGE_M5	
OBSOPEN_US30_20250503	2025-05-03	NON_SESSION_WEEKEND	NOT_APPLICABLE		0	0	0	0	0	0	0	0	0	0	NON_SESSION_WEEKEND	
OBSOPEN_US30_20250504	2025-05-04	NON_SESSION_WEEKEND	NOT_APPLICABLE		0	0	0	0	0	0	0	0	0	0	NON_SESSION_WEEKEND	
OBSOPEN_US30_20250505	2025-05-05	NORMAL_SESSION	QUALIFIED	180	1380	276	30	30	0	0	79	79	0	0	ADMITTED	DISCOVERY
OBSOPEN_US30_20250506	2025-05-06	NORMAL_SESSION	QUALIFIED	180	1375	276	30	28	2	0	79	79	0	0	NOT_EVALUABLE_SOURCE_COVERAGE_M1	
OBSOPEN_US30_20250507	2025-05-07	NORMAL_SESSION	QUALIFIED	180	1378	276	30	30	0	0	79	79	0	0	ADMITTED	DISCOVERY
OBSOPEN_US30_20250508	2025-05-08	NORMAL_SESSION	QUALIFIED	180	1376	276	30	30	0	0	79	79	0	0	ADMITTED	DISCOVERY
OBSOPEN_US30_20250509	2025-05-09	NORMAL_SESSION	QUALIFIED	180	1319	264	30	30	0	0	79	78	1	0	NOT_EVALUABLE_SOURCE_COVERAGE_M5	
OBSOPEN_US30_20250510	2025-05-10	NON_SESSION_WEEKEND	NOT_APPLICABLE		0	0	0	0	0	0	0	0	0	0	NON_SESSION_WEEKEND	
OBSOPEN_US30_20250511	2025-05-11	NON_SESSION_WEEKEND	NOT_APPLICABLE		0	0	0	0	0	0	0	0	0	0	NON_SESSION_WEEKEND	
OBSOPEN_US30_20250512	2025-05-12	NORMAL_SESSION	QUALIFIED	180	1380	276	30	30	0	0	79	79	0	0	ADMITTED	DISCOVERY
OBSOPEN_US30_20250513	2025-05-13	NORMAL_SESSION	QUALIFIED	180	1378	276	30	30	0	0	79	79	0	0	ADMITTED	DISCOVERY
OBSOPEN_US30_20250514	2025-05-14	NORMAL_SESSION	QUALIFIED	180	1380	276	30	30	0	0	79	79	0	0	ADMITTED	DISCOVERY
OBSOPEN_US30_20250515	2025-05-15	NORMAL_SESSION	QUALIFIED	180	1379	276	30	30	0	0	79	79	0	0	ADMITTED	DISCOVERY
OBSOPEN_US30_20250516	2025-05-16	NORMAL_SESSION	QUALIFIED	180	1319	264	30	30	0	0	79	78	1	0	NOT_EVALUABLE_SOURCE_COVERAGE_M5	
OBSOPEN_US30_20250517	2025-05-17	NON_SESSION_WEEKEND	NOT_APPLICABLE		0	0	0	0	0	0	0	0	0	0	NON_SESSION_WEEKEND	
OBSOPEN_US30_20250518	2025-05-18	NON_SESSION_WEEKEND	NOT_APPLICABLE		0	0	0	0	0	0	0	0	0	0	NON_SESSION_WEEKEND	
OBSOPEN_US30_20250519	2025-05-19	NORMAL_SESSION	QUALIFIED	180	1379	276	30	29	1	0	79	79	0	0	NOT_EVALUABLE_SOURCE_COVERAGE_M1	
OBSOPEN_US30_20250520	2025-05-20	NORMAL_SESSION	QUALIFIED	180	1373	275	30	30	0	0	79	79	0	0	ADMITTED	DISCOVERY
OBSOPEN_US30_20250521	2025-05-21	NORMAL_SESSION	QUALIFIED	180	1380	276	30	30	0	0	79	79	0	0	ADMITTED	DISCOVERY
OBSOPEN_US30_20250522	2025-05-22	NORMAL_SESSION	QUALIFIED	180	1378	276	30	30	0	0	79	79	0	0	ADMITTED	DISCOVERY
OBSOPEN_US30_20250523	2025-05-23	NORMAL_SESSION	QUALIFIED	180	1317	264	30	30	0	0	79	78	1	0	NOT_EVALUABLE_SOURCE_COVERAGE_M5	
OBSOPEN_US30_20250524	2025-05-24	NON_SESSION_WEEKEND	NOT_APPLICABLE		0	0	0	0	0	0	0	0	0	0	NON_SESSION_WEEKEND	
OBSOPEN_US30_20250525	2025-05-25	NON_SESSION_WEEKEND	NOT_APPLICABLE		0	0	0	0	0	0	0	0	0	0	NON_SESSION_WEEKEND	
OBSOPEN_US30_20250526	2025-05-26	EXCHANGE_CLOSED	NOT_APPLICABLE		1047	210	0	0	0	0	0	0	0	0	EXCHANGE_CLOSED	
OBSOPEN_US30_20250527	2025-05-27	NORMAL_SESSION	QUALIFIED	180	1322	266	30	30	0	0	79	76	3	0	NOT_EVALUABLE_SOURCE_COVERAGE_M5	
OBSOPEN_US30_20250528	2025-05-28	NORMAL_SESSION	QUALIFIED	180	1378	276	30	30	0	0	79	79	0	0	ADMITTED	DISCOVERY
OBSOPEN_US30_20250529	2025-05-29	NORMAL_SESSION	QUALIFIED	180	1379	276	30	30	0	0	79	79	0	0	ADMITTED	DISCOVERY
OBSOPEN_US30_20250530	2025-05-30	NORMAL_SESSION	QUALIFIED	180	1317	264	30	30	0	0	79	78	1	0	NOT_EVALUABLE_SOURCE_COVERAGE_M5	
OBSOPEN_US30_20250531	2025-05-31	NON_SESSION_WEEKEND	NOT_APPLICABLE		0	0	0	0	0	0	0	0	0	0	NON_SESSION_WEEKEND	
OBSOPEN_US30_20250601	2025-06-01	NON_SESSION_WEEKEND	NOT_APPLICABLE		0	0	0	0	0	0	0	0	0	0	NON_SESSION_WEEKEND	
OBSOPEN_US30_20250602	2025-06-02	NORMAL_SESSION	QUALIFIED	180	1359	275	30	27	3	0	79	78	1	0	NOT_EVALUABLE_SOURCE_COVERAGE_M1	
OBSOPEN_US30_20250603	2025-06-03	NORMAL_SESSION	QUALIFIED	180	1371	276	30	26	4	0	79	79	0	0	NOT_EVALUABLE_SOURCE_COVERAGE_M1	
OBSOPEN_US30_20250604	2025-06-04	NORMAL_SESSION	QUALIFIED	180	1380	276	30	30	0	0	79	79	0	0	ADMITTED	DISCOVERY
OBSOPEN_US30_20250605	2025-06-05	NORMAL_SESSION	QUALIFIED	180	1376	276	30	30	0	0	79	79	0	0	ADMITTED	DISCOVERY
OBSOPEN_US30_20250606	2025-06-06	NORMAL_SESSION	QUALIFIED	180	1319	264	30	30	0	0	79	78	1	0	NOT_EVALUABLE_SOURCE_COVERAGE_M5	
OBSOPEN_US30_20250607	2025-06-07	NON_SESSION_WEEKEND	NOT_APPLICABLE		0	0	0	0	0	0	0	0	0	0	NON_SESSION_WEEKEND	
OBSOPEN_US30_20250608	2025-06-08	NON_SESSION_WEEKEND	NOT_APPLICABLE		0	0	0	0	0	0	0	0	0	0	NON_SESSION_WEEKEND	
OBSOPEN_US30_20250609	2025-06-09	NORMAL_SESSION	QUALIFIED	180	1380	276	30	30	0	0	79	79	0	0	ADMITTED	DISCOVERY
OBSOPEN_US30_20250610	2025-06-10	NORMAL_SESSION	QUALIFIED	180	1378	276	30	30	0	0	79	79	0	0	ADMITTED	DISCOVERY
OBSOPEN_US30_20250611	2025-06-11	NORMAL_SESSION	QUALIFIED	180	1378	276	30	30	0	0	79	79	0	0	ADMITTED	DISCOVERY
OBSOPEN_US30_20250612	2025-06-12	NORMAL_SESSION	QUALIFIED	180	1374	276	30	30	0	0	79	79	0	0	ADMITTED	DISCOVERY
OBSOPEN_US30_20250613	2025-06-13	NORMAL_SESSION	QUALIFIED	180	1320	264	30	30	0	0	79	78	1	0	NOT_EVALUABLE_SOURCE_COVERAGE_M5	
OBSOPEN_US30_20250614	2025-06-14	NON_SESSION_WEEKEND	NOT_APPLICABLE		0	0	0	0	0	0	0	0	0	0	NON_SESSION_WEEKEND	
OBSOPEN_US30_20250615	2025-06-15	NON_SESSION_WEEKEND	NOT_APPLICABLE		0	0	0	0	0	0	0	0	0	0	NON_SESSION_WEEKEND	
OBSOPEN_US30_20250616	2025-06-16	NORMAL_SESSION	QUALIFIED	180	1380	276	30	30	0	0	79	79	0	0	ADMITTED	DISCOVERY
OBSOPEN_US30_20250617	2025-06-17	NORMAL_SESSION	QUALIFIED	180	1380	276	30	30	0	0	79	79	0	0	ADMITTED	DISCOVERY
OBSOPEN_US30_20250618	2025-06-18	NORMAL_SESSION	QUALIFIED	180	1378	276	30	30	0	0	79	79	0	0	ADMITTED	DISCOVERY
OBSOPEN_US30_20250619	2025-06-19	EXCHANGE_CLOSED	NOT_APPLICABLE		1140	228	0	0	0	0	0	0	0	0	EXCHANGE_CLOSED	
OBSOPEN_US30_20250620	2025-06-20	NORMAL_SESSION	QUALIFIED	180	1320	264	30	30	0	0	79	78	1	0	NOT_EVALUABLE_SOURCE_COVERAGE_M5	
OBSOPEN_US30_20250621	2025-06-21	NON_SESSION_WEEKEND	NOT_APPLICABLE		0	0	0	0	0	0	0	0	0	0	NON_SESSION_WEEKEND	
OBSOPEN_US30_20250622	2025-06-22	NON_SESSION_WEEKEND	NOT_APPLICABLE		0	0	0	0	0	0	0	0	0	0	NON_SESSION_WEEKEND	
OBSOPEN_US30_20250623	2025-06-23	NORMAL_SESSION	QUALIFIED	180	1377	276	30	30	0	0	79	79	0	0	ADMITTED	DISCOVERY
OBSOPEN_US30_20250624	2025-06-24	NORMAL_SESSION	QUALIFIED	180	1377	276	30	30	0	0	79	79	0	0	ADMITTED	DISCOVERY
OBSOPEN_US30_20250625	2025-06-25	NORMAL_SESSION	QUALIFIED	180	1380	276	30	30	0	0	79	79	0	0	ADMITTED	DISCOVERY
OBSOPEN_US30_20250626	2025-06-26	NORMAL_SESSION	QUALIFIED	180	1378	276	30	29	1	0	79	79	0	0	NOT_EVALUABLE_SOURCE_COVERAGE_M1	
OBSOPEN_US30_20250627	2025-06-27	NORMAL_SESSION	QUALIFIED	180	1320	264	30	30	0	0	79	78	1	0	NOT_EVALUABLE_SOURCE_COVERAGE_M5	
OBSOPEN_US30_20250628	2025-06-28	NON_SESSION_WEEKEND	NOT_APPLICABLE		0	0	0	0	0	0	0	0	0	0	NON_SESSION_WEEKEND	
OBSOPEN_US30_20250629	2025-06-29	NON_SESSION_WEEKEND	NOT_APPLICABLE		0	0	0	0	0	0	0	0	0	0	NON_SESSION_WEEKEND	
OBSOPEN_US30_20250630	2025-06-30	NORMAL_SESSION	QUALIFIED	180	1379	276	30	30	0	0	79	79	0	0	ADMITTED	DISCOVERY
OBSOPEN_US30_20250701	2025-07-01	NORMAL_SESSION	QUALIFIED	180	1379	276	30	30	0	0	79	79	0	0	ADMITTED	CONFIRMATION
OBSOPEN_US30_20250702	2025-07-02	NORMAL_SESSION	QUALIFIED	180	1378	276	30	30	0	0	79	79	0	0	ADMITTED	CONFIRMATION
OBSOPEN_US30_20250703	2025-07-03	EARLY_CLOSE	NOT_APPLICABLE		604	122	0	0	0	0	0	0	0	0	EARLY_CLOSE_HORIZON_INCOMPLETE	
OBSOPEN_US30_20250704	2025-07-04	EXCHANGE_CLOSED	NOT_APPLICABLE		713	144	0	0	0	0	0	0	0	0	EXCHANGE_CLOSED	
OBSOPEN_US30_20250705	2025-07-05	NON_SESSION_WEEKEND	NOT_APPLICABLE		0	0	0	0	0	0	0	0	0	0	NON_SESSION_WEEKEND	
OBSOPEN_US30_20250706	2025-07-06	NON_SESSION_WEEKEND	NOT_APPLICABLE		0	0	0	0	0	0	0	0	0	0	NON_SESSION_WEEKEND	
OBSOPEN_US30_20250707	2025-07-07	NORMAL_SESSION	QUALIFIED	180	1379	276	30	30	0	0	79	79	0	0	ADMITTED	CONFIRMATION
OBSOPEN_US30_20250708	2025-07-08	NORMAL_SESSION	QUALIFIED	180	1378	276	30	30	0	0	79	79	0	0	ADMITTED	CONFIRMATION
OBSOPEN_US30_20250709	2025-07-09	NORMAL_SESSION	QUALIFIED	180	1376	276	30	30	0	0	79	79	0	0	ADMITTED	CONFIRMATION
OBSOPEN_US30_20250710	2025-07-10	NORMAL_SESSION	QUALIFIED	180	1379	276	30	30	0	0	79	79	0	0	ADMITTED	CONFIRMATION
OBSOPEN_US30_20250711	2025-07-11	NORMAL_SESSION	QUALIFIED	180	1320	264	30	30	0	0	79	78	1	0	NOT_EVALUABLE_SOURCE_COVERAGE_M5	
OBSOPEN_US30_20250712	2025-07-12	NON_SESSION_WEEKEND	NOT_APPLICABLE		0	0	0	0	0	0	0	0	0	0	NON_SESSION_WEEKEND	
OBSOPEN_US30_20250713	2025-07-13	NON_SESSION_WEEKEND	NOT_APPLICABLE		0	0	0	0	0	0	0	0	0	0	NON_SESSION_WEEKEND	
OBSOPEN_US30_20250714	2025-07-14	NORMAL_SESSION	QUALIFIED	180	1380	276	30	30	0	0	79	79	0	0	ADMITTED	CONFIRMATION
OBSOPEN_US30_20250715	2025-07-15	NORMAL_SESSION	QUALIFIED	180	1378	276	30	30	0	0	79	79	0	0	ADMITTED	CONFIRMATION
OBSOPEN_US30_20250716	2025-07-16	NORMAL_SESSION	QUALIFIED	180	585	117	30	0	30	0	79	0	79	0	NOT_EVALUABLE_SOURCE_COVERAGE_M1	
OBSOPEN_US30_20250717	2025-07-17	NORMAL_SESSION	QUALIFIED	180	0	0	30	0	30	0	79	0	79	0	NOT_EVALUABLE_SOURCE_COVERAGE_M1	
OBSOPEN_US30_20250718	2025-07-18	NORMAL_SESSION	QUALIFIED	180	0	0	30	0	30	0	79	0	79	0	NOT_EVALUABLE_SOURCE_COVERAGE_M1	
OBSOPEN_US30_20250719	2025-07-19	NON_SESSION_WEEKEND	NOT_APPLICABLE		0	0	0	0	0	0	0	0	0	0	NON_SESSION_WEEKEND	
OBSOPEN_US30_20250720	2025-07-20	NON_SESSION_WEEKEND	NOT_APPLICABLE		0	0	0	0	0	0	0	0	0	0	NON_SESSION_WEEKEND	
OBSOPEN_US30_20250721	2025-07-21	NORMAL_SESSION	QUALIFIED	180	0	0	30	0	30	0	79	0	79	0	NOT_EVALUABLE_SOURCE_COVERAGE_M1	
OBSOPEN_US30_20250722	2025-07-22	NORMAL_SESSION	QUALIFIED	180	0	0	30	0	30	0	79	0	79	0	NOT_EVALUABLE_SOURCE_COVERAGE_M1	
OBSOPEN_US30_20250723	2025-07-23	NORMAL_SESSION	QUALIFIED	180	0	0	30	0	30	0	79	0	79	0	NOT_EVALUABLE_SOURCE_COVERAGE_M1	
OBSOPEN_US30_20250724	2025-07-24	NORMAL_SESSION	QUALIFIED	180	0	0	30	0	30	0	79	0	79	0	NOT_EVALUABLE_SOURCE_COVERAGE_M1	
OBSOPEN_US30_20250725	2025-07-25	NORMAL_SESSION	QUALIFIED	180	0	0	30	0	30	0	79	0	79	0	NOT_EVALUABLE_SOURCE_COVERAGE_M1	
OBSOPEN_US30_20250726	2025-07-26	NON_SESSION_WEEKEND	NOT_APPLICABLE		0	0	0	0	0	0	0	0	0	0	NON_SESSION_WEEKEND	
OBSOPEN_US30_20250727	2025-07-27	NON_SESSION_WEEKEND	NOT_APPLICABLE		0	0	0	0	0	0	0	0	0	0	NON_SESSION_WEEKEND	
OBSOPEN_US30_20250728	2025-07-28	NORMAL_SESSION	QUALIFIED	180	0	0	30	0	30	0	79	0	79	0	NOT_EVALUABLE_SOURCE_COVERAGE_M1	
OBSOPEN_US30_20250729	2025-07-29	NORMAL_SESSION	QUALIFIED	180	0	0	30	0	30	0	79	0	79	0	NOT_EVALUABLE_SOURCE_COVERAGE_M1	
OBSOPEN_US30_20250730	2025-07-30	NORMAL_SESSION	QUALIFIED	180	0	0	30	0	30	0	79	0	79	0	NOT_EVALUABLE_SOURCE_COVERAGE_M1	
OBSOPEN_US30_20250731	2025-07-31	NORMAL_SESSION	QUALIFIED	180	0	0	30	0	30	0	79	0	79	0	NOT_EVALUABLE_SOURCE_COVERAGE_M1	
OBSOPEN_US30_20250801	2025-08-01	NORMAL_SESSION	QUALIFIED	180	0	0	30	0	30	0	79	0	79	0	NOT_EVALUABLE_SOURCE_COVERAGE_M1	
OBSOPEN_US30_20250802	2025-08-02	NON_SESSION_WEEKEND	NOT_APPLICABLE		0	0	0	0	0	0	0	0	0	0	NON_SESSION_WEEKEND	
OBSOPEN_US30_20250803	2025-08-03	NON_SESSION_WEEKEND	NOT_APPLICABLE		0	0	0	0	0	0	0	0	0	0	NON_SESSION_WEEKEND	
OBSOPEN_US30_20250804	2025-08-04	NORMAL_SESSION	QUALIFIED	180	0	0	30	0	30	0	79	0	79	0	NOT_EVALUABLE_SOURCE_COVERAGE_M1	
OBSOPEN_US30_20250805	2025-08-05	NORMAL_SESSION	QUALIFIED	180	0	0	30	0	30	0	79	0	79	0	NOT_EVALUABLE_SOURCE_COVERAGE_M1	
OBSOPEN_US30_20250806	2025-08-06	NORMAL_SESSION	QUALIFIED	180	0	0	30	0	30	0	79	0	79	0	NOT_EVALUABLE_SOURCE_COVERAGE_M1	
OBSOPEN_US30_20250807	2025-08-07	NORMAL_SESSION	QUALIFIED	180	0	0	30	0	30	0	79	0	79	0	NOT_EVALUABLE_SOURCE_COVERAGE_M1	
OBSOPEN_US30_20250808	2025-08-08	NORMAL_SESSION	QUALIFIED	180	0	0	30	0	30	0	79	0	79	0	NOT_EVALUABLE_SOURCE_COVERAGE_M1	
OBSOPEN_US30_20250809	2025-08-09	NON_SESSION_WEEKEND	NOT_APPLICABLE		0	0	0	0	0	0	0	0	0	0	NON_SESSION_WEEKEND	
OBSOPEN_US30_20250810	2025-08-10	NON_SESSION_WEEKEND	NOT_APPLICABLE		0	0	0	0	0	0	0	0	0	0	NON_SESSION_WEEKEND	
OBSOPEN_US30_20250811	2025-08-11	NORMAL_SESSION	QUALIFIED	180	0	0	30	0	30	0	79	0	79	0	NOT_EVALUABLE_SOURCE_COVERAGE_M1	
OBSOPEN_US30_20250812	2025-08-12	NORMAL_SESSION	QUALIFIED	180	0	0	30	0	30	0	79	0	79	0	NOT_EVALUABLE_SOURCE_COVERAGE_M1	
OBSOPEN_US30_20250813	2025-08-13	NORMAL_SESSION	QUALIFIED	180	0	0	30	0	30	0	79	0	79	0	NOT_EVALUABLE_SOURCE_COVERAGE_M1	
OBSOPEN_US30_20250814	2025-08-14	NORMAL_SESSION	QUALIFIED	180	0	0	30	0	30	0	79	0	79	0	NOT_EVALUABLE_SOURCE_COVERAGE_M1	
OBSOPEN_US30_20250815	2025-08-15	NORMAL_SESSION	QUALIFIED	180	0	0	30	0	30	0	79	0	79	0	NOT_EVALUABLE_SOURCE_COVERAGE_M1	
OBSOPEN_US30_20250816	2025-08-16	NON_SESSION_WEEKEND	NOT_APPLICABLE		0	0	0	0	0	0	0	0	0	0	NON_SESSION_WEEKEND	
OBSOPEN_US30_20250817	2025-08-17	NON_SESSION_WEEKEND	NOT_APPLICABLE		0	0	0	0	0	0	0	0	0	0	NON_SESSION_WEEKEND	
OBSOPEN_US30_20250818	2025-08-18	NORMAL_SESSION	QUALIFIED	180	0	0	30	0	30	0	79	0	79	0	NOT_EVALUABLE_SOURCE_COVERAGE_M1	
OBSOPEN_US30_20250819	2025-08-19	NORMAL_SESSION	QUALIFIED	180	0	0	30	0	30	0	79	0	79	0	NOT_EVALUABLE_SOURCE_COVERAGE_M1	
OBSOPEN_US30_20250820	2025-08-20	NORMAL_SESSION	QUALIFIED	180	0	0	30	0	30	0	79	0	79	0	NOT_EVALUABLE_SOURCE_COVERAGE_M1	
OBSOPEN_US30_20250821	2025-08-21	NORMAL_SESSION	QUALIFIED	180	0	0	30	0	30	0	79	0	79	0	NOT_EVALUABLE_SOURCE_COVERAGE_M1	
OBSOPEN_US30_20250822	2025-08-22	NORMAL_SESSION	QUALIFIED	180	0	0	30	0	30	0	79	0	79	0	NOT_EVALUABLE_SOURCE_COVERAGE_M1	
OBSOPEN_US30_20250823	2025-08-23	NON_SESSION_WEEKEND	NOT_APPLICABLE		0	0	0	0	0	0	0	0	0	0	NON_SESSION_WEEKEND	
OBSOPEN_US30_20250824	2025-08-24	NON_SESSION_WEEKEND	NOT_APPLICABLE		0	0	0	0	0	0	0	0	0	0	NON_SESSION_WEEKEND	
OBSOPEN_US30_20250825	2025-08-25	NORMAL_SESSION	QUALIFIED	180	0	0	30	0	30	0	79	0	79	0	NOT_EVALUABLE_SOURCE_COVERAGE_M1	
OBSOPEN_US30_20250826	2025-08-26	NORMAL_SESSION	QUALIFIED	180	0	0	30	0	30	0	79	0	79	0	NOT_EVALUABLE_SOURCE_COVERAGE_M1	
OBSOPEN_US30_20250827	2025-08-27	NORMAL_SESSION	QUALIFIED	180	0	0	30	0	30	0	79	0	79	0	NOT_EVALUABLE_SOURCE_COVERAGE_M1	
OBSOPEN_US30_20250828	2025-08-28	NORMAL_SESSION	QUALIFIED	180	0	0	30	0	30	0	79	0	79	0	NOT_EVALUABLE_SOURCE_COVERAGE_M1	
OBSOPEN_US30_20250829	2025-08-29	NORMAL_SESSION	QUALIFIED	180	0	0	30	0	30	0	79	0	79	0	NOT_EVALUABLE_SOURCE_COVERAGE_M1	
OBSOPEN_US30_20250830	2025-08-30	NON_SESSION_WEEKEND	NOT_APPLICABLE		0	0	0	0	0	0	0	0	0	0	NON_SESSION_WEEKEND	
OBSOPEN_US30_20250831	2025-08-31	NON_SESSION_WEEKEND	NOT_APPLICABLE		0	0	0	0	0	0	0	0	0	0	NON_SESSION_WEEKEND	
OBSOPEN_US30_20250901	2025-09-01	EXCHANGE_CLOSED	NOT_APPLICABLE		0	0	0	0	0	0	0	0	0	0	EXCHANGE_CLOSED	
OBSOPEN_US30_20250902	2025-09-02	NORMAL_SESSION	QUALIFIED	180	0	0	30	0	30	0	79	0	79	0	NOT_EVALUABLE_SOURCE_COVERAGE_M1	
OBSOPEN_US30_20250903	2025-09-03	NORMAL_SESSION	QUALIFIED	180	0	0	30	0	30	0	79	0	79	0	NOT_EVALUABLE_SOURCE_COVERAGE_M1	
OBSOPEN_US30_20250904	2025-09-04	NORMAL_SESSION	QUALIFIED	180	0	0	30	0	30	0	79	0	79	0	NOT_EVALUABLE_SOURCE_COVERAGE_M1	
OBSOPEN_US30_20250905	2025-09-05	NORMAL_SESSION	QUALIFIED	180	0	0	30	0	30	0	79	0	79	0	NOT_EVALUABLE_SOURCE_COVERAGE_M1	
OBSOPEN_US30_20250906	2025-09-06	NON_SESSION_WEEKEND	NOT_APPLICABLE		0	0	0	0	0	0	0	0	0	0	NON_SESSION_WEEKEND	
OBSOPEN_US30_20250907	2025-09-07	NON_SESSION_WEEKEND	NOT_APPLICABLE		0	0	0	0	0	0	0	0	0	0	NON_SESSION_WEEKEND	
OBSOPEN_US30_20250908	2025-09-08	NORMAL_SESSION	QUALIFIED	180	0	0	30	0	30	0	79	0	79	0	NOT_EVALUABLE_SOURCE_COVERAGE_M1	
OBSOPEN_US30_20250909	2025-09-09	NORMAL_SESSION	QUALIFIED	180	551	113	30	30	0	0	79	79	0	0	ADMITTED	CONFIRMATION
OBSOPEN_US30_20250910	2025-09-10	NORMAL_SESSION	QUALIFIED	180	1374	276	30	30	0	0	79	79	0	0	ADMITTED	CONFIRMATION
OBSOPEN_US30_20250911	2025-09-11	NORMAL_SESSION	QUALIFIED	180	1380	276	30	30	0	0	79	79	0	0	ADMITTED	CONFIRMATION
OBSOPEN_US30_20250912	2025-09-12	NORMAL_SESSION	QUALIFIED	180	1320	264	30	30	0	0	79	78	1	0	NOT_EVALUABLE_SOURCE_COVERAGE_M5	
OBSOPEN_US30_20250913	2025-09-13	NON_SESSION_WEEKEND	NOT_APPLICABLE		0	0	0	0	0	0	0	0	0	0	NON_SESSION_WEEKEND	
OBSOPEN_US30_20250914	2025-09-14	NON_SESSION_WEEKEND	NOT_APPLICABLE		0	0	0	0	0	0	0	0	0	0	NON_SESSION_WEEKEND	
OBSOPEN_US30_20250915	2025-09-15	NORMAL_SESSION	QUALIFIED	180	1373	276	30	30	0	0	79	79	0	0	ADMITTED	CONFIRMATION
OBSOPEN_US30_20250916	2025-09-16	NORMAL_SESSION	QUALIFIED	180	1378	276	30	30	0	0	79	79	0	0	ADMITTED	CONFIRMATION
OBSOPEN_US30_20250917	2025-09-17	NORMAL_SESSION	QUALIFIED	180	1378	276	30	30	0	0	79	79	0	0	ADMITTED	CONFIRMATION
OBSOPEN_US30_20250918	2025-09-18	NORMAL_SESSION	QUALIFIED	180	1380	276	30	30	0	0	79	79	0	0	ADMITTED	CONFIRMATION
OBSOPEN_US30_20250919	2025-09-19	NORMAL_SESSION	QUALIFIED	180	1318	264	30	30	0	0	79	78	1	0	NOT_EVALUABLE_SOURCE_COVERAGE_M5	
OBSOPEN_US30_20250920	2025-09-20	NON_SESSION_WEEKEND	NOT_APPLICABLE		0	0	0	0	0	0	0	0	0	0	NON_SESSION_WEEKEND	
OBSOPEN_US30_20250921	2025-09-21	NON_SESSION_WEEKEND	NOT_APPLICABLE		0	0	0	0	0	0	0	0	0	0	NON_SESSION_WEEKEND	
OBSOPEN_US30_20250922	2025-09-22	NORMAL_SESSION	QUALIFIED	180	1292	263	30	0	30	0	79	67	12	0	NOT_EVALUABLE_SOURCE_COVERAGE_M1	
OBSOPEN_US30_20250923	2025-09-23	NORMAL_SESSION	QUALIFIED	180	1376	276	30	30	0	0	79	79	0	0	ADMITTED	CONFIRMATION
OBSOPEN_US30_20250924	2025-09-24	NORMAL_SESSION	QUALIFIED	180	1379	276	30	30	0	0	79	79	0	0	ADMITTED	CONFIRMATION
OBSOPEN_US30_20250925	2025-09-25	NORMAL_SESSION	QUALIFIED	180	1369	276	30	30	0	0	79	79	0	0	ADMITTED	CONFIRMATION
OBSOPEN_US30_20250926	2025-09-26	NORMAL_SESSION	QUALIFIED	180	1316	264	30	30	0	0	79	78	1	0	NOT_EVALUABLE_SOURCE_COVERAGE_M5	
OBSOPEN_US30_20250927	2025-09-27	NON_SESSION_WEEKEND	NOT_APPLICABLE		0	0	0	0	0	0	0	0	0	0	NON_SESSION_WEEKEND	
OBSOPEN_US30_20250928	2025-09-28	NON_SESSION_WEEKEND	NOT_APPLICABLE		0	0	0	0	0	0	0	0	0	0	NON_SESSION_WEEKEND	
OBSOPEN_US30_20250929	2025-09-29	NORMAL_SESSION	QUALIFIED	180	1380	276	30	30	0	0	79	79	0	0	ADMITTED	CONFIRMATION
OBSOPEN_US30_20250930	2025-09-30	NORMAL_SESSION	QUALIFIED	180	1378	276	30	30	0	0	79	79	0	0	ADMITTED	CONFIRMATION
OBSOPEN_US30_20251001	2025-10-01	NORMAL_SESSION	QUALIFIED	180	1380	276	30	30	0	0	79	79	0	0	ADMITTED	CONFIRMATION
OBSOPEN_US30_20251002	2025-10-02	NORMAL_SESSION	QUALIFIED	180	1380	276	30	30	0	0	79	79	0	0	ADMITTED	CONFIRMATION
OBSOPEN_US30_20251003	2025-10-03	NORMAL_SESSION	QUALIFIED	180	1318	264	30	30	0	0	79	78	1	0	NOT_EVALUABLE_SOURCE_COVERAGE_M5	
OBSOPEN_US30_20251004	2025-10-04	NON_SESSION_WEEKEND	NOT_APPLICABLE		0	0	0	0	0	0	0	0	0	0	NON_SESSION_WEEKEND	
OBSOPEN_US30_20251005	2025-10-05	NON_SESSION_WEEKEND	NOT_APPLICABLE		0	0	0	0	0	0	0	0	0	0	NON_SESSION_WEEKEND	
OBSOPEN_US30_20251006	2025-10-06	NORMAL_SESSION	QUALIFIED	180	1380	276	30	30	0	0	79	79	0	0	ADMITTED	CONFIRMATION
OBSOPEN_US30_20251007	2025-10-07	NORMAL_SESSION	QUALIFIED	180	1378	276	30	30	0	0	79	79	0	0	ADMITTED	CONFIRMATION
OBSOPEN_US30_20251008	2025-10-08	NORMAL_SESSION	QUALIFIED	180	1376	276	30	30	0	0	79	79	0	0	ADMITTED	CONFIRMATION
OBSOPEN_US30_20251009	2025-10-09	NORMAL_SESSION	QUALIFIED	180	1377	276	30	30	0	0	79	79	0	0	ADMITTED	CONFIRMATION
OBSOPEN_US30_20251010	2025-10-10	NORMAL_SESSION	QUALIFIED	180	1299	262	30	30	0	0	79	78	1	0	NOT_EVALUABLE_SOURCE_COVERAGE_M5	
OBSOPEN_US30_20251011	2025-10-11	NON_SESSION_WEEKEND	NOT_APPLICABLE		0	0	0	0	0	0	0	0	0	0	NON_SESSION_WEEKEND	
OBSOPEN_US30_20251012	2025-10-12	NON_SESSION_WEEKEND	NOT_APPLICABLE		0	0	0	0	0	0	0	0	0	0	NON_SESSION_WEEKEND	
OBSOPEN_US30_20251013	2025-10-13	NORMAL_SESSION	QUALIFIED	180	1371	275	30	30	0	0	79	78	1	0	NOT_EVALUABLE_SOURCE_COVERAGE_M5	
OBSOPEN_US30_20251014	2025-10-14	NORMAL_SESSION	QUALIFIED	180	1380	276	30	30	0	0	79	79	0	0	ADMITTED	CONFIRMATION
OBSOPEN_US30_20251015	2025-10-15	NORMAL_SESSION	QUALIFIED	180	1380	276	30	30	0	0	79	79	0	0	ADMITTED	CONFIRMATION
OBSOPEN_US30_20251016	2025-10-16	NORMAL_SESSION	QUALIFIED	180	1378	276	30	30	0	0	79	79	0	0	ADMITTED	CONFIRMATION
OBSOPEN_US30_20251017	2025-10-17	NORMAL_SESSION	QUALIFIED	180	1319	264	30	30	0	0	79	78	1	0	NOT_EVALUABLE_SOURCE_COVERAGE_M5	
OBSOPEN_US30_20251018	2025-10-18	NON_SESSION_WEEKEND	NOT_APPLICABLE		0	0	0	0	0	0	0	0	0	0	NON_SESSION_WEEKEND	
OBSOPEN_US30_20251019	2025-10-19	NON_SESSION_WEEKEND	NOT_APPLICABLE		0	0	0	0	0	0	0	0	0	0	NON_SESSION_WEEKEND	
OBSOPEN_US30_20251020	2025-10-20	NORMAL_SESSION	QUALIFIED	180	1380	276	30	30	0	0	79	79	0	0	ADMITTED	CONFIRMATION
OBSOPEN_US30_20251021	2025-10-21	NORMAL_SESSION	QUALIFIED	180	1380	276	30	30	0	0	79	79	0	0	ADMITTED	CONFIRMATION
OBSOPEN_US30_20251022	2025-10-22	NORMAL_SESSION	QUALIFIED	180	1380	276	30	30	0	0	79	79	0	0	ADMITTED	CONFIRMATION
OBSOPEN_US30_20251023	2025-10-23	NORMAL_SESSION	QUALIFIED	180	1276	256	30	30	0	0	79	70	9	0	NOT_EVALUABLE_SOURCE_COVERAGE_M5	
OBSOPEN_US30_20251024	2025-10-24	NORMAL_SESSION	QUALIFIED	180	1320	264	30	30	0	0	79	78	1	0	NOT_EVALUABLE_SOURCE_COVERAGE_M5	
OBSOPEN_US30_20251025	2025-10-25	NON_SESSION_WEEKEND	NOT_APPLICABLE		0	0	0	0	0	0	0	0	0	0	NON_SESSION_WEEKEND	
OBSOPEN_US30_20251026	2025-10-26	NON_SESSION_WEEKEND	NOT_APPLICABLE		0	0	0	0	0	0	0	0	0	0	NON_SESSION_WEEKEND	
OBSOPEN_US30_20251027	2025-10-27	NORMAL_SESSION	QUALIFIED	120	1373	275	30	30	0	0	79	79	0	0	ADMITTED	CONFIRMATION
OBSOPEN_US30_20251028	2025-10-28	NORMAL_SESSION	QUALIFIED	120	1379	276	30	30	0	0	79	79	0	0	ADMITTED	CONFIRMATION
OBSOPEN_US30_20251029	2025-10-29	NORMAL_SESSION	QUALIFIED	120	1380	276	30	30	0	0	79	79	0	0	ADMITTED	CONFIRMATION
OBSOPEN_US30_20251030	2025-10-30	NORMAL_SESSION	QUALIFIED	120	1377	276	30	30	0	0	79	79	0	0	ADMITTED	CONFIRMATION
OBSOPEN_US30_20251031	2025-10-31	NORMAL_SESSION	QUALIFIED	120	1380	276	30	30	0	0	79	79	0	0	ADMITTED	CONFIRMATION
OBSOPEN_US30_20251101	2025-11-01	NON_SESSION_WEEKEND	NOT_APPLICABLE		0	0	0	0	0	0	0	0	0	0	NON_SESSION_WEEKEND	
OBSOPEN_US30_20251102	2025-11-02	NON_SESSION_WEEKEND	NOT_APPLICABLE		0	0	0	0	0	0	0	0	0	0	NON_SESSION_WEEKEND	
OBSOPEN_US30_20251103	2025-11-03	NORMAL_SESSION	QUALIFIED	120	1380	276	30	30	0	0	79	79	0	0	ADMITTED	CONFIRMATION
OBSOPEN_US30_20251104	2025-11-04	NORMAL_SESSION	QUALIFIED	120	1380	276	30	30	0	0	79	79	0	0	ADMITTED	CONFIRMATION
OBSOPEN_US30_20251105	2025-11-05	NORMAL_SESSION	QUALIFIED	120	1380	276	30	30	0	0	79	79	0	0	ADMITTED	CONFIRMATION
OBSOPEN_US30_20251106	2025-11-06	NORMAL_SESSION	QUALIFIED	120	1380	276	30	30	0	0	79	79	0	0	ADMITTED	CONFIRMATION
OBSOPEN_US30_20251107	2025-11-07	NORMAL_SESSION	QUALIFIED	120	1320	264	30	30	0	0	79	78	1	0	NOT_EVALUABLE_SOURCE_COVERAGE_M5	
OBSOPEN_US30_20251108	2025-11-08	NON_SESSION_WEEKEND	NOT_APPLICABLE		0	0	0	0	0	0	0	0	0	0	NON_SESSION_WEEKEND	
OBSOPEN_US30_20251109	2025-11-09	NON_SESSION_WEEKEND	NOT_APPLICABLE		0	0	0	0	0	0	0	0	0	0	NON_SESSION_WEEKEND	
OBSOPEN_US30_20251110	2025-11-10	NORMAL_SESSION	QUALIFIED	120	1380	276	30	30	0	0	79	79	0	0	ADMITTED	CONFIRMATION
OBSOPEN_US30_20251111	2025-11-11	NORMAL_SESSION	QUALIFIED	120	1380	276	30	30	0	0	79	79	0	0	ADMITTED	CONFIRMATION
OBSOPEN_US30_20251112	2025-11-12	NORMAL_SESSION	QUALIFIED	120	1379	276	30	30	0	0	79	79	0	0	ADMITTED	CONFIRMATION
OBSOPEN_US30_20251113	2025-11-13	NORMAL_SESSION	QUALIFIED	120	1379	276	30	30	0	0	79	79	0	0	ADMITTED	CONFIRMATION
OBSOPEN_US30_20251114	2025-11-14	NORMAL_SESSION	QUALIFIED	120	1318	264	30	30	0	0	79	78	1	0	NOT_EVALUABLE_SOURCE_COVERAGE_M5	
OBSOPEN_US30_20251115	2025-11-15	NON_SESSION_WEEKEND	NOT_APPLICABLE		0	0	0	0	0	0	0	0	0	0	NON_SESSION_WEEKEND	
OBSOPEN_US30_20251116	2025-11-16	NON_SESSION_WEEKEND	NOT_APPLICABLE		0	0	0	0	0	0	0	0	0	0	NON_SESSION_WEEKEND	
OBSOPEN_US30_20251117	2025-11-17	NORMAL_SESSION	QUALIFIED	120	1380	276	30	30	0	0	79	79	0	0	ADMITTED	CONFIRMATION
OBSOPEN_US30_20251118	2025-11-18	NORMAL_SESSION	QUALIFIED	120	1380	276	30	30	0	0	79	79	0	0	ADMITTED	CONFIRMATION
OBSOPEN_US30_20251119	2025-11-19	NORMAL_SESSION	QUALIFIED	120	1378	276	30	30	0	0	79	79	0	0	ADMITTED	CONFIRMATION
OBSOPEN_US30_20251120	2025-11-20	NORMAL_SESSION	QUALIFIED	120	1379	276	30	30	0	0	79	79	0	0	ADMITTED	CONFIRMATION
OBSOPEN_US30_20251121	2025-11-21	NORMAL_SESSION	QUALIFIED	120	1315	264	30	30	0	0	79	78	1	0	NOT_EVALUABLE_SOURCE_COVERAGE_M5	
OBSOPEN_US30_20251122	2025-11-22	NON_SESSION_WEEKEND	NOT_APPLICABLE		0	0	0	0	0	0	0	0	0	0	NON_SESSION_WEEKEND	
OBSOPEN_US30_20251123	2025-11-23	NON_SESSION_WEEKEND	NOT_APPLICABLE		0	0	0	0	0	0	0	0	0	0	NON_SESSION_WEEKEND	
OBSOPEN_US30_20251124	2025-11-24	NORMAL_SESSION	QUALIFIED	120	1380	276	30	30	0	0	79	79	0	0	ADMITTED	CONFIRMATION
OBSOPEN_US30_20251125	2025-11-25	NORMAL_SESSION	QUALIFIED	120	1378	276	30	30	0	0	79	79	0	0	ADMITTED	CONFIRMATION
OBSOPEN_US30_20251126	2025-11-26	NORMAL_SESSION	QUALIFIED	120	1380	276	30	30	0	0	79	79	0	0	ADMITTED	CONFIRMATION
OBSOPEN_US30_20251127	2025-11-27	EXCHANGE_CLOSED	NOT_APPLICABLE		1140	228	0	0	0	0	0	0	0	0	EXCHANGE_CLOSED	
OBSOPEN_US30_20251128	2025-11-28	EARLY_CLOSE	NOT_APPLICABLE		485	105	0	0	0	0	0	0	0	0	EARLY_CLOSE_HORIZON_INCOMPLETE	
OBSOPEN_US30_20251129	2025-11-29	NON_SESSION_WEEKEND	NOT_APPLICABLE		0	0	0	0	0	0	0	0	0	0	NON_SESSION_WEEKEND	
OBSOPEN_US30_20251130	2025-11-30	NON_SESSION_WEEKEND	NOT_APPLICABLE		0	0	0	0	0	0	0	0	0	0	NON_SESSION_WEEKEND	
OBSOPEN_US30_20251201	2025-12-01	NORMAL_SESSION	QUALIFIED	120	1380	276	30	30	0	0	79	79	0	0	ADMITTED	CONFIRMATION
OBSOPEN_US30_20251202	2025-12-02	NORMAL_SESSION	QUALIFIED	120	1379	276	30	30	0	0	79	79	0	0	ADMITTED	CONFIRMATION
OBSOPEN_US30_20251203	2025-12-03	NORMAL_SESSION	QUALIFIED	120	1380	276	30	30	0	0	79	79	0	0	ADMITTED	CONFIRMATION
OBSOPEN_US30_20251204	2025-12-04	NORMAL_SESSION	QUALIFIED	120	1380	276	30	30	0	0	79	79	0	0	ADMITTED	CONFIRMATION
OBSOPEN_US30_20251205	2025-12-05	NORMAL_SESSION	QUALIFIED	120	1319	264	30	30	0	0	79	78	1	0	NOT_EVALUABLE_SOURCE_COVERAGE_M5	
OBSOPEN_US30_20251206	2025-12-06	NON_SESSION_WEEKEND	NOT_APPLICABLE		0	0	0	0	0	0	0	0	0	0	NON_SESSION_WEEKEND	
OBSOPEN_US30_20251207	2025-12-07	NON_SESSION_WEEKEND	NOT_APPLICABLE		0	0	0	0	0	0	0	0	0	0	NON_SESSION_WEEKEND	
OBSOPEN_US30_20251208	2025-12-08	NORMAL_SESSION	QUALIFIED	120	1377	276	30	30	0	0	79	79	0	0	ADMITTED	CONFIRMATION
OBSOPEN_US30_20251209	2025-12-09	NORMAL_SESSION	QUALIFIED	120	1379	276	30	30	0	0	79	79	0	0	ADMITTED	CONFIRMATION
OBSOPEN_US30_20251210	2025-12-10	NORMAL_SESSION	QUALIFIED	120	1380	276	30	30	0	0	79	79	0	0	ADMITTED	CONFIRMATION
OBSOPEN_US30_20251211	2025-12-11	NORMAL_SESSION	QUALIFIED	120	1380	276	30	30	0	0	79	79	0	0	ADMITTED	CONFIRMATION
OBSOPEN_US30_20251212	2025-12-12	NORMAL_SESSION	QUALIFIED	120	1320	264	30	30	0	0	79	78	1	0	NOT_EVALUABLE_SOURCE_COVERAGE_M5	
OBSOPEN_US30_20251213	2025-12-13	NON_SESSION_WEEKEND	NOT_APPLICABLE		0	0	0	0	0	0	0	0	0	0	NON_SESSION_WEEKEND	
OBSOPEN_US30_20251214	2025-12-14	NON_SESSION_WEEKEND	NOT_APPLICABLE		0	0	0	0	0	0	0	0	0	0	NON_SESSION_WEEKEND	
OBSOPEN_US30_20251215	2025-12-15	NORMAL_SESSION	QUALIFIED	120	1380	276	30	30	0	0	79	79	0	0	ADMITTED	CONFIRMATION
OBSOPEN_US30_20251216	2025-12-16	NORMAL_SESSION	QUALIFIED	120	1380	276	30	30	0	0	79	79	0	0	ADMITTED	CONFIRMATION
OBSOPEN_US30_20251217	2025-12-17	NORMAL_SESSION	QUALIFIED	120	1379	276	30	30	0	0	79	79	0	0	ADMITTED	CONFIRMATION
OBSOPEN_US30_20251218	2025-12-18	NORMAL_SESSION	QUALIFIED	120	1380	276	30	30	0	0	79	79	0	0	ADMITTED	CONFIRMATION
OBSOPEN_US30_20251219	2025-12-19	NORMAL_SESSION	QUALIFIED	120	1320	264	30	30	0	0	79	78	1	0	NOT_EVALUABLE_SOURCE_COVERAGE_M5	
OBSOPEN_US30_20251220	2025-12-20	NON_SESSION_WEEKEND	NOT_APPLICABLE		0	0	0	0	0	0	0	0	0	0	NON_SESSION_WEEKEND	
OBSOPEN_US30_20251221	2025-12-21	NON_SESSION_WEEKEND	NOT_APPLICABLE		0	0	0	0	0	0	0	0	0	0	NON_SESSION_WEEKEND	
OBSOPEN_US30_20251222	2025-12-22	NORMAL_SESSION	QUALIFIED	120	1380	276	30	30	0	0	79	79	0	0	ADMITTED	CONFIRMATION
OBSOPEN_US30_20251223	2025-12-23	NORMAL_SESSION	QUALIFIED	120	1380	276	30	30	0	0	79	79	0	0	ADMITTED	CONFIRMATION
OBSOPEN_US30_20251224	2025-12-24	EARLY_CLOSE	NOT_APPLICABLE		1152	231	0	0	0	0	0	0	0	0	EARLY_CLOSE_HORIZON_INCOMPLETE	
OBSOPEN_US30_20251225	2025-12-25	EXCHANGE_CLOSED	NOT_APPLICABLE		0	0	0	0	0	0	0	0	0	0	EXCHANGE_CLOSED	
OBSOPEN_US30_20251226	2025-12-26	NORMAL_SESSION	QUALIFIED	120	1320	264	30	30	0	0	79	78	1	0	NOT_EVALUABLE_SOURCE_COVERAGE_M5	
OBSOPEN_US30_20251227	2025-12-27	NON_SESSION_WEEKEND	NOT_APPLICABLE		0	0	0	0	0	0	0	0	0	0	NON_SESSION_WEEKEND	
OBSOPEN_US30_20251228	2025-12-28	NON_SESSION_WEEKEND	NOT_APPLICABLE		0	0	0	0	0	0	0	0	0	0	NON_SESSION_WEEKEND	
OBSOPEN_US30_20251229	2025-12-29	NORMAL_SESSION	QUALIFIED	120	1380	276	30	30	0	0	79	79	0	0	ADMITTED	CONFIRMATION
OBSOPEN_US30_20251230	2025-12-30	NORMAL_SESSION	QUALIFIED	120	1379	276	30	30	0	0	79	79	0	0	ADMITTED	CONFIRMATION
OBSOPEN_US30_20251231	2025-12-31	NORMAL_SESSION	QUALIFIED	120	1379	275	30	30	0	0	79	79	0	0	ADMITTED	CONFIRMATION
