f2e219b652af49892d0d0387272a0d8b373396e2d678228758658669c1182103	carrier/NATIVE_CARRIER_COMMON_SPECIMEN_CARRIER_V1.json
8623c7d5c14942a43e7f71ffb5f530619e1a5dccf8e38e40b4571f51e49219b2	NATIVE_CARRIER_01_FINAL_REPORT.md
36e9c068fd2f4e783e6e086b9104c19f3ff6860add655d7a03bf6c01609d122d	NATIVE_CARRIER_01_IDENTITY_AND_ISOLATION_AUDIT_V1.json
0f1f6624fc905106554f29ef540e0cf40cc8dafa19b3ad5ed3246de3268e90dc	NATIVE_CARRIER_01_OPERATIONAL_ATTEMPT_LEDGER_V1.json
d39b0c4d064dc408e7956204c22330a1b3e9096e7d3acc0d9cc4e1973a2e511e	NATIVE_CARRIER_01_SUMMARY_V1.json
86b8bb32c5902fb740d54ba68026939b53f56025f017044307ad9b289cebc68c	NATIVE_CARRIER_ACCESS_LEDGER_V1.json
05db1ec1ecd29de7727338103b8c38b98abd196fa1ff9b5aaab007d0a7ad4112	probe1/NATIVE_CARRIER_PROBE_1_OPAQUE_PARTITIONS_V1.json
927a126a039a60a4274e23cbff48f7624a78015be7a6f70910c1195e0a757c11	probe1/NATIVE_CARRIER_PROBE_1_PARTITION_CUBE_V1.json
0c7e0270179836b41fbcd7e8d47519412c227a8cda2085f3c544a55623dac53b	probe2/NATIVE_CARRIER_PROBE_2_JOIN_COMPLEMENT_V1.json
b695e8c3b3f94b7ddee99a9cf2dc67b4d4b32d237b37f71ec1f34a06685d812f	signatures/SOL-P1_SIGNATURE_PRODUCT_V1.json
a42e70ce5bad009c368400ecea8a24d269ad022521c3e4416edb3667358f4dff	signatures/SOL-P2_SIGNATURE_PRODUCT_V1.json
e5c2daab3f83bfac3ec291d5700ff3bfb5a0ad95ca4319cc78b643786024eb6e	signatures/SOL-P3_SIGNATURE_PRODUCT_V1.json
c72ecb58f997217516cbf68605bd28cbd616d24453eb5e1846f7748853271db9	signatures/SOL-P4_SIGNATURE_PRODUCT_V1.json
d3e1436c6e7a06356835667be24c7cc05305cd61489dde9f19c9f116d5718c3a	signatures/SOL-P5_SIGNATURE_PRODUCT_V1.json
