6c198191d317d71a57e4cd241ea4afa76536a9ab7b5a5e73efc44da7771dcf48	native/SOL-P1_REAL_NATIVE_OBJECT_V2.jsonl.gz
62a08f559ea36297fa3841e7a23e232a624f42ed9c5c6a61ec928cb0d3b868e6	native/SOL-P2_REAL_NATIVE_OBJECT_V2.jsonl.gz
670caaf04f4fdf0948a4afe43aaaf59dff8d1476b6225d15101e9ae80b453019	native/SOL-P3_REAL_NATIVE_OBJECT_V2.jsonl.gz
df47dc5b7216d87a1d82a546564caaad0dcea5c68afb8afe05acd7498b7518d7	native/SOL-P4_REAL_NATIVE_OBJECT_V2.jsonl.gz
6b6fcad677de63853f622a27c4c8bb51cbd8cd1901fc266cac2863a9242ba5f1	native/SOL-P5_REAL_NATIVE_OBJECT_V2.jsonl.gz
87fea107aa47f5c04db369a6ff7407964813c50553ec3959054053dcbad24819	NATIVE_EYE_REAL_LIGHT_02_ACCESS_LEDGER_V1.json
b0a7d1a20676b334fcc8982f62fabdd0cf89d260db1b7716703aa8961bde3686	NATIVE_EYE_REAL_LIGHT_02_CONTRACT_ROOTS_V1.json
2ab791ad46c35aef0c45b5c0afbe789d0031e3dded5c8e3c9a1f2d2eb707da47	NATIVE_EYE_REAL_LIGHT_02_EXECUTION_SURFACE_V1.json
922b5e63fe91825503810082e16b897e553c2af72424530797e1fd7254f684e9	NATIVE_EYE_REAL_LIGHT_02_FINAL_REPORT.md
8b87ced73934175327c5520743ca56070b3671e56d96e109b9d77371c5ee06d2	NATIVE_EYE_REAL_LIGHT_02_IDENTITY_AND_ISOLATION_AUDIT_V1.json
5e7e877f9b0a3c66b56b7acfdb6f8b606f656b88eac21b6c8fd813d3c000f753	NATIVE_EYE_REAL_LIGHT_02_OPERATIONAL_ATTEMPT_LEDGER_V1.json
457ff799b4d6a435e6a0e0c220de03968e5b63718485a9b132570c508b5740eb	NATIVE_EYE_REAL_LIGHT_02_REPLAY_RECEIPT_V1.json
ce7fc5a9d8858bb89ecedb4be2d24d03fe5e49b2fe67a61c9f16c8a4ffda3d09	REAL_NATIVE_OPTIC_REGISTRY_V2.json
d9d08a8cd34a977432faa4632d5078f204a419d04d2fb292e1396d704574de05	REAL_NATIVE_SUPPORT_MORPHOLOGY_V2.json
5a2e68c579b99f923324af70970a3369aebe508057ed7130ca1fc3f0d628187e	receipts/SOL-P1_ACCESS_RECEIPT_V2.json
fc2f6cfaf15a0c9bd4778b521907569ed05a77e2a1e961f2b0d917919be44311	receipts/SOL-P1_REAL_LIGHT_ARM_RECEIPT_V2.json
eda89955b720cd300097fd9d4d5797213882353d84f85d12280fca56992c32b2	receipts/SOL-P2_ACCESS_RECEIPT_V2.json
260686ecbff3ba48cd84ecbee1cab41abc0097c3f9b8c1586ae1bca49840498e	receipts/SOL-P2_REAL_LIGHT_ARM_RECEIPT_V2.json
c8ccfb9a97ca4cb19440c80bd26ed0ef694beacf59ec199cd400b3baa9830ba9	receipts/SOL-P3_ACCESS_RECEIPT_V2.json
6f7b691d47b766846491c5b1ce1ccd8b4cbfe6c0a011d6b06290b4fdbd411eeb	receipts/SOL-P3_REAL_LIGHT_ARM_RECEIPT_V2.json
18b11e489618c7ce5ad894f75f6f747a1c59e5da2613ec4d0d40153ee7e849de	receipts/SOL-P4_ACCESS_RECEIPT_V2.json
4265fb9c94406ee5acd5fdb10447e47c62ee9e24ed5cd66e3ef6a2ed9285e3a6	receipts/SOL-P4_REAL_LIGHT_ARM_RECEIPT_V2.json
af543db324ff825847fb655ac1cb782a9094d1570007149ad1878523b78bcea8	receipts/SOL-P5_ACCESS_RECEIPT_V2.json
e1cf38528d76ad19cdea8360be1159a3973dd5dfd622474a0b34f543984bfbf4	receipts/SOL-P5_REAL_LIGHT_ARM_RECEIPT_V2.json
